2025-07-01 12:27:18,0,0,1464,167.1,0,0.0,0,0.0,998.2
2025-07-01 12:27:18,0,0,1464,167.1,0,0.0,0,0.0,998.2
2025-07-01 12:27:19,0,0,1464,167.1,0,0.0,0,0.0,998.2
2025-07-01 12:27:19,0,0,1464,167.1,0,0.0,0,0.0,998.2
2025-07-01 12:27:19,0,0,1464,167.1,0,0.0,0,0.0,998.2
2025-07-01 12:27:19,0,0,1464,167.1,0,0.0,0,0.0,998.2
2025-07-01 12:27:19,0,0,1464,167.1,0,0.0,0,0.0,998.2
2025-07-01 12:27:19,0,0,1464,167.1,0,0.0,0,0.0,998.2
2025-07-01 12:27:19,0,1,1801,146.3,0,0.0,0,0.0,1002.0
2025-07-01 12:27:19,0,1,1801,146.3,0,0.0,0,0.0,1002.0
2025-07-01 12:27:20,0,1,1801,146.3,0,0.0,0,0.0,1002.0
2025-07-01 12:27:20,0,1,1801,146.3,0,0.0,0,0.0,1002.0
2025-07-01 12:27:20,0,1,1801,146.3,0,0.0,0,0.0,1002.0
2025-07-01 12:27:20,0,1,1801,146.3,0,0.0,0,0.0,1002.0
2025-07-01 12:27:20,0,1,1801,146.3,0,0.0,0,0.0,1002.0
2025-07-01 12:27:20,0,1,1801,146.3,0,0.0,0,0.0,1002.0
2025-07-01 12:27:20,0,1,1799,146.3,0,0.0,0,0.0,1002.1
2025-07-01 12:27:20,0,1,1799,146.3,0,0.0,0,0.0,1002.1
2025-07-01 12:27:21,0,1,1799,146.3,0,0.0,0,0.0,1002.1
2025-07-01 12:27:21,0,1,1799,146.3,0,0.0,0,0.0,1002.1
2025-07-01 12:27:21,0,1,1799,146.3,0,0.0,0,0.0,1002.1
2025-07-01 12:27:21,0,1,1799,146.3,0,0.0,0,0.0,1002.1
2025-07-01 12:27:21,0,1,1799,146.3,0,0.0,0,0.0,1002.1
2025-07-01 12:27:21,0,1,1797,146.3,0,0.0,0,0.0,1005.2
2025-07-01 12:27:22,0,1,1797,146.3,0,0.0,0,0.0,1005.2
2025-07-01 12:27:22,0,1,1797,146.3,0,0.0,0,0.0,1005.2
2025-07-01 12:27:22,0,1,1797,146.3,0,0.0,0,0.0,1005.2
2025-07-01 12:27:22,0,1,1797,146.3,0,0.0,0,0.0,1005.2
2025-07-01 12:27:22,0,1,1797,146.3,0,0.0,0,0.0,1005.2
2025-07-01 12:27:22,0,1,1797,146.3,0,0.0,0,0.0,1005.2
2025-07-01 12:27:22,0,1,1785,146.3,0,0.0,0,0.0,1001.8
2025-07-01 12:27:22,0,1,1785,146.3,0,0.0,0,0.0,1001.8
2025-07-01 12:27:23,0,1,1785,146.3,0,0.0,0,0.0,1001.8
2025-07-01 12:27:23,0,1,1785,146.3,0,0.0,0,0.0,1001.8
2025-07-01 12:27:23,0,1,1785,146.3,0,0.0,0,0.0,1001.8
2025-07-01 12:27:23,0,1,1785,146.3,0,0.0,0,0.0,1001.8
2025-07-01 12:27:23,0,1,1785,146.3,0,0.0,0,0.0,1001.8
2025-07-01 12:27:23,0,1,1785,146.3,0,0.0,0,0.0,1001.8
2025-07-01 12:27:23,0,1,1785,146.3,0,0.0,0,0.0,1001.8
2025-07-01 12:27:23,0,1,1792,146.3,0,0.0,0,0.0,1005.5
2025-07-01 12:27:24,0,1,1792,146.3,0,0.0,0,0.0,1005.5
2025-07-01 12:27:24,0,1,1792,146.3,0,0.0,0,0.0,1005.5
2025-07-01 12:27:24,0,1,1792,146.3,0,0.0,0,0.0,1005.5
2025-07-01 12:27:24,0,1,1792,146.3,0,0.0,0,0.0,1005.5
2025-07-01 12:27:24,0,1,1792,146.3,0,0.0,0,0.0,1005.5
2025-07-01 12:27:24,0,1,1792,146.3,0,0.0,0,0.0,1005.5
2025-07-01 12:27:24,0,1,1792,146.3,0,0.0,0,0.0,1005.5
2025-07-01 12:27:24,0,0,1555,146.3,0,0.0,0,0.0,1002.6
2025-07-01 12:27:25,0,0,1555,146.3,0,0.0,0,0.0,1002.6
2025-07-01 12:27:25,0,0,1555,146.3,0,0.0,0,0.0,1002.6
2025-07-01 12:27:25,0,0,1555,146.3,0,0.0,0,0.0,1002.6
2025-07-01 12:27:25,0,0,1555,146.3,0,0.0,0,0.0,1002.6
2025-07-01 12:27:25,0,0,1555,146.3,0,0.0,0,0.0,1002.6
2025-07-01 12:27:25,0,0,1555,146.3,0,0.0,0,0.0,1002.6
2025-07-01 12:27:25,0,0,1555,146.3,0,0.0,0,0.0,1002.6
2025-07-01 12:27:25,0,1,1791,159.6,0,0.0,0,0.0,1001.1
2025-07-01 12:27:26,0,1,1791,159.6,0,0.0,0,0.0,1001.1
2025-07-01 12:27:26,0,1,1791,159.6,0,0.0,0,0.0,1001.1
2025-07-01 12:27:26,0,1,1791,159.6,0,0.0,0,0.0,1001.1
2025-07-01 12:27:26,0,1,1791,159.6,0,0.0,0,0.0,1001.1
2025-07-01 12:27:26,0,1,1791,159.6,0,0.0,0,0.0,1001.1
2025-07-01 12:27:26,0,1,1791,159.6,0,0.0,0,0.0,1001.1
2025-07-01 12:27:26,0,1,1791,159.6,0,0.0,0,0.0,1001.1
2025-07-01 12:27:26,0,1,1791,159.6,0,0.0,0,0.0,1001.1
2025-07-01 12:27:27,0,1,1803,159.6,0,0.0,0,0.0,1004.2
2025-07-01 12:27:27,0,1,1803,159.6,0,0.0,0,0.0,1004.2
2025-07-01 12:27:27,0,1,1803,159.6,0,0.0,0,0.0,1004.2
2025-07-01 12:27:27,0,1,1803,159.6,0,0.0,0,0.0,1004.2
2025-07-01 12:27:27,0,1,1803,159.6,0,0.0,0,0.0,1004.2
2025-07-01 12:27:27,0,1,1803,159.6,0,0.0,0,0.0,1004.2
2025-07-01 12:27:27,0,1,1803,159.6,0,0.0,0,0.0,1004.2
2025-07-01 12:27:27,0,1,1803,159.6,0,0.0,0,0.0,1004.2
2025-07-01 12:27:27,0,1,1803,159.6,0,0.0,0,0.0,1004.2
2025-07-01 12:27:28,0,0,1980,159.6,0,0.0,0,0.0,1000.1
2025-07-01 12:27:28,0,0,1980,159.6,0,0.0,0,0.0,1000.1
2025-07-01 12:27:28,0,0,1980,159.6,0,0.0,0,0.0,1000.1
2025-07-01 12:27:28,0,0,1980,159.6,0,0.0,0,0.0,1000.1
2025-07-01 12:27:28,0,0,1980,159.6,0,0.0,0,0.0,1000.1
2025-07-01 12:27:28,0,0,1980,159.6,0,0.0,0,0.0,1000.1
2025-07-01 12:27:28,0,0,1980,159.6,0,0.0,0,0.0,1000.1
2025-07-01 12:27:28,0,0,1980,159.6,0,0.0,0,0.0,1000.1
2025-07-01 12:27:29,0,0,1980,159.6,0,0.0,0,0.0,1000.1
2025-07-01 12:27:29,0,1,1795,159.6,0,0.0,0,0.0,1001.1
2025-07-01 12:27:29,0,1,1795,159.6,0,0.0,0,0.0,1001.1
2025-07-01 12:27:29,0,1,1795,159.6,0,0.0,0,0.0,1001.1
2025-07-01 12:27:29,0,1,1795,159.6,0,0.0,0,0.0,1001.1
2025-07-01 12:27:29,0,1,1795,159.6,0,0.0,0,0.0,1001.1
2025-07-01 12:27:29,0,1,1795,159.6,0,0.0,0,0.0,1001.1
2025-07-01 12:27:29,0,1,1795,159.6,0,0.0,0,0.0,1001.1
2025-07-01 12:27:30,0,1,1795,159.6,0,0.0,0,0.0,1001.1
2025-07-01 12:27:30,0,1,1795,159.6,0,0.0,0,0.0,1001.1
2025-07-01 12:27:30,0,0,1597,143.2,0,0.0,0,0.0,1003.7
2025-07-01 12:27:30,0,0,1597,143.2,0,0.0,0,0.0,1003.7
2025-07-01 12:27:30,0,0,1597,143.2,0,0.0,0,0.0,1003.7
2025-07-01 12:27:30,0,0,1597,143.2,0,0.0,0,0.0,1003.7
2025-07-01 12:27:30,0,0,1597,143.2,0,0.0,0,0.0,1003.7
2025-07-01 12:27:30,0,0,1597,143.2,0,0.0,0,0.0,1003.7
2025-07-01 12:27:31,0,0,1597,143.2,0,0.0,0,0.0,1003.7
2025-07-01 12:27:31,0,0,1597,143.2,0,0.0,0,0.0,1003.7
2025-07-01 12:30:54,0,0,1910,151.5,0,0.0,0,0.0,1005.9
2025-07-01 12:30:55,0,0,1910,151.5,0,0.0,0,0.0,1005.9
2025-07-01 12:30:55,0,0,1910,151.5,0,0.0,0,0.0,1005.9
2025-07-01 12:30:55,0,0,1910,151.5,0,0.0,0,0.0,1005.9
2025-07-01 12:30:55,0,0,1910,151.5,0,0.0,0,0.0,1005.9
2025-07-01 12:30:55,0,0,1910,151.5,0,0.0,0,0.0,1005.9
2025-07-01 12:30:55,0,0,1910,151.5,0,0.0,0,0.0,1005.9
2025-07-01 12:30:55,0,0,1910,151.5,0,0.0,0,0.0,1005.9
2025-07-01 12:30:55,0,0,1472,151.5,0,0.0,0,0.0,1004.7
2025-07-01 12:30:55,0,0,1472,151.5,0,0.0,0,0.0,1004.7
2025-07-01 12:30:56,0,0,1472,151.5,0,0.0,0,0.0,1004.7
2025-07-01 12:30:56,0,0,1472,151.5,0,0.0,0,0.0,1004.7
2025-07-01 12:30:56,0,0,1472,151.5,0,0.0,0,0.0,1004.7
2025-07-01 12:30:56,0,0,1472,151.5,0,0.0,0,0.0,1004.7
2025-07-01 12:30:56,0,0,1472,151.5,0,0.0,0,0.0,1004.7
2025-07-01 12:30:56,0,0,1472,151.5,0,0.0,0,0.0,1004.7
2025-07-01 12:30:56,0,0,1472,151.5,0,0.0,0,0.0,1004.7
2025-07-01 12:30:56,0,0,1673,198.7,0,0.0,0,0.0,1001.8
2025-07-01 12:30:57,0,0,1673,198.7,0,0.0,0,0.0,1001.8
2025-07-01 12:30:57,0,0,1673,198.7,0,0.0,0,0.0,1001.8
2025-07-01 12:30:57,0,0,1673,198.7,0,0.0,0,0.0,1001.8
2025-07-01 12:30:57,0,0,1673,198.7,0,0.0,0,0.0,1001.8
2025-07-01 12:30:57,0,0,1673,198.7,0,0.0,0,0.0,1001.8
2025-07-01 12:30:57,0,0,1673,198.7,0,0.0,0,0.0,1001.8
2025-07-01 12:30:58,0,0,1976,198.7,0,0.0,0,0.0,1004.4
2025-07-01 12:30:58,0,0,1976,198.7,0,0.0,0,0.0,1004.4
2025-07-01 12:30:58,0,0,1976,198.7,0,0.0,0,0.0,1004.4
2025-07-01 12:30:58,0,0,1976,198.7,0,0.0,0,0.0,1004.4
2025-07-01 12:30:58,0,0,1976,198.7,0,0.0,0,0.0,1004.4
2025-07-01 12:30:58,0,0,1976,198.7,0,0.0,0,0.0,1004.4
2025-07-01 12:30:58,0,0,1976,198.7,0,0.0,0,0.0,1004.4
2025-07-01 12:30:58,0,0,1976,198.7,0,0.0,0,0.0,1004.4
2025-07-01 12:30:59,0,0,1535,198.7,0,0.0,0,0.0,1003.9
2025-07-01 12:30:59,0,0,1535,198.7,0,0.0,0,0.0,1003.9
2025-07-01 12:30:59,0,0,1535,198.7,0,0.0,0,0.0,1003.9
2025-07-01 12:30:59,0,0,1535,198.7,0,0.0,0,0.0,1003.9
2025-07-01 12:30:59,0,0,1535,198.7,0,0.0,0,0.0,1003.9
2025-07-01 12:30:59,0,0,1535,198.7,0,0.0,0,0.0,1003.9
2025-07-01 12:30:59,0,0,1535,198.7,0,0.0,0,0.0,1003.9
2025-07-01 12:30:59,0,0,1535,198.7,0,0.0,0,0.0,1003.9
2025-07-01 12:31:00,0,0,1535,198.7,0,0.0,0,0.0,1003.9
2025-07-01 12:31:00,0,1,1776,198.7,0,0.0,0,0.0,1003.3
2025-07-01 12:31:00,0,1,1776,198.7,0,0.0,0,0.0,1003.3
2025-07-01 12:31:00,0,1,1776,198.7,0,0.0,0,0.0,1003.3
2025-07-01 12:31:00,0,1,1776,198.7,0,0.0,0,0.0,1003.3
2025-07-01 12:31:00,0,1,1776,198.7,0,0.0,0,0.0,1003.3
2025-07-01 12:31:00,0,1,1776,198.7,0,0.0,0,0.0,1003.3
2025-07-01 12:31:01,0,1,1776,198.7,0,0.0,0,0.0,1003.3
2025-07-01 12:31:01,0,0,1935,150.0,0,0.0,0,0.0,1002.7
2025-07-01 12:31:01,0,0,1935,150.0,0,0.0,0,0.0,1002.7
2025-07-01 12:31:01,0,0,1935,150.0,0,0.0,0,0.0,1002.7
2025-07-01 12:31:01,0,0,1935,150.0,0,0.0,0,0.0,1002.7
2025-07-01 12:31:01,0,0,1935,150.0,0,0.0,0,0.0,1002.7
2025-07-01 12:31:02,0,0,1935,150.0,0,0.0,0,0.0,1002.7
2025-07-01 12:31:02,0,0,1935,150.0,0,0.0,0,0.0,1002.7
2025-07-01 12:31:02,0,0,1942,150.0,0,0.0,0,0.0,1002.1
2025-07-01 12:31:02,0,0,1942,150.0,0,0.0,0,0.0,1002.1
2025-07-01 12:31:02,0,0,1942,150.0,0,0.0,0,0.0,1002.1
2025-07-01 12:31:02,0,0,1942,150.0,0,0.0,0,0.0,1002.1
2025-07-01 12:31:02,0,0,1942,150.0,0,0.0,0,0.0,1002.1
2025-07-01 12:31:02,0,0,1942,150.0,0,0.0,0,0.0,1002.1
2025-07-01 12:31:03,0,0,1942,150.0,0,0.0,0,0.0,1002.1
2025-07-01 12:31:03,0,0,1942,150.0,0,0.0,0,0.0,1002.1
2025-07-01 12:31:03,0,1,1798,150.0,0,0.0,0,0.0,1003.1
2025-07-01 12:31:03,0,1,1798,150.0,0,0.0,0,0.0,1003.1
2025-07-01 12:31:03,0,1,1798,150.0,0,0.0,0,0.0,1003.1
2025-07-01 12:31:03,0,1,1798,150.0,0,0.0,0,0.0,1003.1
2025-07-01 12:31:03,0,1,1798,150.0,0,0.0,0,0.0,1003.1
2025-07-01 12:31:04,0,1,1798,150.0,0,0.0,0,0.0,1003.1
2025-07-01 12:31:04,0,1,1798,150.0,0,0.0,0,0.0,1003.1
2025-07-01 12:31:04,0,0,1753,150.0,0,0.0,0,0.0,1002.6
2025-07-01 12:31:04,0,0,1753,150.0,0,0.0,0,0.0,1002.6
2025-07-01 12:31:04,0,0,1753,150.0,0,0.0,0,0.0,1002.6
2025-07-01 12:31:04,0,0,1753,150.0,0,0.0,0,0.0,1002.6
2025-07-01 12:31:04,0,0,1753,150.0,0,0.0,0,0.0,1002.6
2025-07-01 12:31:04,0,0,1753,150.0,0,0.0,0,0.0,1002.6
2025-07-01 12:31:05,0,0,1753,150.0,0,0.0,0,0.0,1002.6
2025-07-01 12:31:05,0,0,1753,150.0,0,0.0,0,0.0,1002.6
2025-07-01 12:31:05,0,0,1842,189.3,0,0.0,0,0.0,998.2
2025-07-01 12:31:05,0,0,1842,189.3,0,0.0,0,0.0,998.2
2025-07-01 12:31:05,0,0,1842,189.3,0,0.0,0,0.0,998.2
2025-07-01 12:31:05,0,0,1842,189.3,0,0.0,0,0.0,998.2
2025-07-01 12:31:05,0,0,1842,189.3,0,0.0,0,0.0,998.2
2025-07-01 12:31:05,0,0,1842,189.3,0,0.0,0,0.0,998.2
2025-07-01 12:31:06,0,0,1842,189.3,0,0.0,0,0.0,998.2
2025-07-01 12:31:06,0,0,1842,189.3,0,0.0,0,0.0,998.2
2025-07-01 12:31:06,0,0,1942,188.7,0,0.0,0,0.0,1001.2
2025-07-01 12:31:06,0,0,1942,188.7,0,0.0,0,0.0,1001.2
2025-07-01 12:31:06,0,0,1942,188.7,0,0.0,0,0.0,1001.2
2025-07-01 12:31:06,0,0,1942,188.7,0,0.0,0,0.0,1001.2
2025-07-01 12:31:06,0,0,1942,188.7,0,0.0,0,0.0,1001.2
2025-07-01 12:31:06,0,0,1942,188.7,0,0.0,0,0.0,1001.2
2025-07-01 12:31:07,0,0,1942,188.7,0,0.0,0,0.0,1001.2
2025-07-01 12:31:07,0,0,1942,188.7,0,0.0,0,0.0,1001.2
2025-07-01 12:31:07,0,0,1305,177.5,0,0.0,0,0.0,999.4
2025-07-01 12:31:07,0,0,1305,177.5,0,0.0,0,0.0,999.4
2025-07-01 12:31:07,0,0,1305,177.5,0,0.0,0,0.0,999.4
2025-07-01 12:31:07,0,0,1305,177.5,0,0.0,0,0.0,999.4
2025-07-01 12:31:07,0,0,1305,177.5,0,0.0,0,0.0,999.4
2025-07-01 12:31:08,0,0,1305,177.5,0,0.0,0,0.0,999.4
2025-07-01 12:31:08,0,0,1305,177.5,0,0.0,0,0.0,999.4
2025-07-01 12:31:08,0,0,1809,177.5,0,0.0,0,0.0,998.1
2025-07-01 12:31:08,0,0,1809,177.5,0,0.0,0,0.0,998.1
2025-07-01 12:31:08,0,0,1809,177.5,0,0.0,0,0.0,998.1
2025-07-01 12:31:08,0,0,1809,177.5,0,0.0,0,0.0,998.1
2025-07-01 12:31:08,0,0,1809,177.5,0,0.0,0,0.0,998.1
2025-07-01 12:31:08,0,0,1809,177.5,0,0.0,0,0.0,998.1
2025-07-01 12:31:09,0,0,1809,177.5,0,0.0,0,0.0,998.1
2025-07-01 12:31:09,0,0,1809,177.5,0,0.0,0,0.0,998.1
2025-07-01 12:31:09,0,0,1809,177.5,0,0.0,0,0.0,998.1
2025-07-01 12:31:09,0,0,1879,115.8,0,0.0,0,0.0,1005.9
2025-07-01 12:31:09,0,0,1879,115.8,0,0.0,0,0.0,1005.9
2025-07-01 12:31:09,0,0,1879,115.8,0,0.0,0,0.0,1005.9
2025-07-01 12:31:09,0,0,1879,115.8,0,0.0,0,0.0,1005.9
2025-07-01 12:31:09,0,0,1879,115.8,0,0.0,0,0.0,1005.9
2025-07-01 12:31:10,0,0,1879,115.8,0,0.0,0,0.0,1005.9
2025-07-01 12:31:10,0,0,1879,115.8,0,0.0,0,0.0,1005.9
2025-07-01 12:31:10,0,0,1879,115.8,0,0.0,0,0.0,1005.9
2025-07-01 12:31:10,0,1,1778,115.8,0,0.0,0,0.0,1003.5
2025-07-01 12:57:03,0,0,1885,44.2,4,0.0,0,0.0,1004.6
2025-07-01 12:57:03,0,0,1885,44.2,4,0.0,0,0.0,1004.6
2025-07-01 12:57:03,0,0,1885,44.2,4,0.0,0,0.0,1004.6
2025-07-01 12:57:03,0,0,1885,44.2,4,0.0,0,0.0,1004.6
2025-07-01 12:57:03,0,0,1885,44.2,4,0.0,0,0.0,1004.6
2025-07-01 12:57:03,0,0,1885,44.2,4,0.0,0,0.0,1004.6
2025-07-01 12:57:04,0,0,1885,44.2,4,0.0,0,0.0,1004.6
2025-07-01 12:57:04,0,0,1885,44.2,4,0.0,0,0.0,1004.6
2025-07-01 12:57:04,0,0,1695,54.7,4,0.0,0,0.0,1003.9
2025-07-01 12:57:04,0,0,1695,54.7,4,0.0,0,0.0,1003.9
2025-07-01 12:57:04,0,0,1695,54.7,4,0.0,0,0.0,1003.9
2025-07-01 12:57:04,0,0,1695,54.7,4,0.0,0,0.0,1003.9
2025-07-01 12:57:04,0,0,1695,54.7,4,0.0,0,0.0,1003.9
2025-07-01 12:57:04,0,0,1695,54.7,4,0.0,0,0.0,1003.9
2025-07-01 12:57:05,0,0,1695,54.7,4,0.0,0,0.0,1003.9
2025-07-01 12:57:05,0,0,1695,54.7,4,0.0,0,0.0,1003.9
2025-07-01 12:57:05,0,0,1808,54.7,4,0.0,0,0.0,1004.9
2025-07-01 12:57:05,0,0,1808,54.7,4,0.0,0,0.0,1004.9
2025-07-01 12:57:05,0,0,1808,54.7,4,0.0,0,0.0,1004.9
2025-07-01 12:57:05,0,0,1808,54.7,4,0.0,0,0.0,1004.9
2025-07-01 12:57:05,0,0,1808,54.7,4,0.0,0,0.0,1004.9
2025-07-01 12:57:05,0,0,1808,54.7,4,0.0,0,0.0,1004.9
2025-07-01 12:57:05,0,0,1808,54.7,4,0.0,0,0.0,1004.9
2025-07-01 12:57:06,0,0,1808,54.7,4,0.0,0,0.0,1004.9
2025-07-01 12:57:06,0,0,1808,54.7,4,0.0,0,0.0,1004.9
2025-07-01 12:57:06,0,0,1917,107.9,4,0.0,0,0.0,1005.0
2025-07-01 12:57:06,0,0,1917,107.9,4,0.0,0,0.0,1005.0
2025-07-01 12:57:06,0,0,1917,107.9,4,0.0,0,0.0,1005.0
2025-07-01 12:57:06,0,0,1917,107.9,4,0.0,0,0.0,1005.0
2025-07-01 12:57:06,0,0,1917,107.9,4,0.0,0,0.0,1005.0
2025-07-01 12:57:06,0,0,1917,107.9,4,0.0,0,0.0,1005.0
2025-07-01 12:57:07,0,0,1917,107.9,4,0.0,0,0.0,1005.0
2025-07-01 12:57:07,0,0,1917,107.9,4,0.0,0,0.0,1005.0
2025-07-01 12:57:07,0,0,1917,107.9,4,0.0,0,0.0,1005.0
2025-07-01 12:57:07,0,0,1795,107.9,4,0.0,0,0.0,1002.5
2025-07-01 12:57:07,0,0,1795,107.9,4,0.0,0,0.0,1002.5
2025-07-01 12:57:07,0,0,1795,107.9,4,0.0,0,0.0,1002.5
2025-07-01 12:57:07,0,0,1795,107.9,4,0.0,0,0.0,1002.5
2025-07-01 12:57:07,0,0,1795,107.9,4,0.0,0,0.0,1002.5
2025-07-01 12:57:08,0,0,1795,107.9,4,0.0,0,0.0,1002.5
2025-07-01 12:57:08,0,0,1795,107.9,4,0.0,0,0.0,1002.5
2025-07-01 12:57:08,0,0,1795,107.9,4,0.0,0,0.0,1002.5
2025-07-01 12:57:08,0,0,1795,107.9,4,0.0,0,0.0,1002.5
2025-07-01 12:57:08,0,0,1535,143.5,4,0.0,0,0.0,1003.6
2025-07-01 12:57:08,0,0,1535,143.5,4,0.0,0,0.0,1003.6
2025-07-01 12:57:08,0,0,1535,143.5,4,0.0,0,0.0,1003.6
2025-07-01 12:57:08,0,0,1535,143.5,4,0.0,0,0.0,1003.6
2025-07-01 12:57:08,0,0,1535,143.5,4,0.0,0,0.0,1003.6
2025-07-01 12:57:09,0,0,1535,143.5,4,0.0,0,0.0,1003.6
2025-07-01 12:57:09,0,0,1535,143.5,4,0.0,0,0.0,1003.6
2025-07-01 12:57:09,0,0,1535,143.5,4,0.0,0,0.0,1003.6
2025-07-01 12:57:09,0,0,1755,143.5,4,0.0,0,0.0,1002.7
2025-07-01 12:57:09,0,0,1755,143.5,4,0.0,0,0.0,1002.7
2025-07-01 12:57:09,0,0,1755,143.5,4,0.0,0,0.0,1002.7
2025-07-01 12:57:09,0,0,1755,143.5,4,0.0,0,0.0,1002.7
2025-07-01 12:57:10,0,0,1755,143.5,4,0.0,0,0.0,1002.7
2025-07-01 12:57:10,0,0,1755,143.5,4,0.0,0,0.0,1002.7
2025-07-01 12:57:10,0,0,1755,143.5,4,0.0,0,0.0,1002.7
2025-07-01 12:57:10,0,0,1755,143.5,4,0.0,0,0.0,1002.7
2025-07-01 12:57:10,0,0,1777,143.5,4,0.0,0,0.0,1002.6
2025-07-01 12:57:10,0,0,1777,143.5,4,0.0,0,0.0,1002.6
2025-07-01 12:57:10,0,0,1777,143.5,4,0.0,0,0.0,1002.6
2025-07-01 12:57:10,0,0,1777,143.5,4,0.0,0,0.0,1002.6
2025-07-01 12:57:11,0,0,1777,143.5,4,0.0,0,0.0,1002.6
2025-07-01 12:57:11,0,0,1777,143.5,4,0.0,0,0.0,1002.6
2025-07-01 12:57:11,0,0,1777,143.5,4,0.0,0,0.0,1002.6
2025-07-01 12:57:11,0,0,1777,143.5,4,0.0,0,0.0,1002.6
2025-07-01 12:57:11,0,0,1777,143.5,4,0.0,0,0.0,1002.6
2025-07-01 12:57:11,0,0,1715,143.5,4,0.0,0,0.0,1002.2
2025-07-01 12:57:11,0,0,1715,143.5,4,0.0,0,0.0,1002.2
2025-07-01 12:57:11,0,0,1715,143.5,4,0.0,0,0.0,1002.2
2025-07-01 12:57:12,0,0,1715,143.5,4,0.0,0,0.0,1002.2
2025-07-01 12:57:12,0,0,1715,143.5,4,0.0,0,0.0,1002.2
2025-07-01 12:57:12,0,0,1715,143.5,4,0.0,0,0.0,1002.2
2025-07-01 12:57:12,0,0,1715,143.5,4,0.0,0,0.0,1002.2
2025-07-01 12:57:12,0,0,1715,143.5,4,0.0,0,0.0,1002.2
2025-07-01 12:57:12,0,0,1529,143.5,4,0.0,0,0.0,998.4
2025-07-01 12:57:12,0,0,1529,143.5,4,0.0,0,0.0,998.4
2025-07-01 12:57:12,0,0,1529,143.5,4,0.0,0,0.0,998.4
2025-07-01 12:57:13,0,0,1529,143.5,4,0.0,0,0.0,998.4
2025-07-01 12:57:13,0,0,1529,143.5,4,0.0,0,0.0,998.4
2025-07-01 12:57:13,0,0,1529,143.5,4,0.0,0,0.0,998.4
2025-07-01 12:57:13,0,0,1529,143.5,4,0.0,0,0.0,998.4
2025-07-01 12:57:13,0,0,1529,143.5,4,0.0,0,0.0,998.4
2025-07-01 12:57:13,0,0,1529,143.5,4,0.0,0,0.0,998.4
2025-07-01 12:57:13,0,0,1934,143.5,4,0.0,0,0.0,1000.4
2025-07-01 12:57:13,0,0,1934,143.5,4,0.0,0,0.0,1000.4
2025-07-01 12:57:13,0,0,1934,143.5,4,0.0,0,0.0,1000.4
2025-07-01 12:57:14,0,0,1934,143.5,4,0.0,0,0.0,1000.4
2025-07-01 12:57:14,0,0,1934,143.5,4,0.0,0,0.0,1000.4
2025-07-01 12:57:14,0,0,1934,143.5,4,0.0,0,0.0,1000.4
2025-07-01 12:57:14,0,0,1934,143.5,4,0.0,0,0.0,1000.4
2025-07-01 12:57:14,0,0,1934,143.5,4,0.0,0,0.0,1000.4
2025-07-01 12:57:14,0,0,1934,143.5,4,0.0,0,0.0,1000.4
2025-07-01 12:57:14,0,0,1965,143.5,4,0.0,0,0.0,999.5
2025-07-01 12:57:14,0,0,1965,143.5,4,0.0,0,0.0,999.5
2025-07-01 12:57:15,0,0,1965,143.5,4,0.0,0,0.0,999.5
2025-07-01 12:57:15,0,0,1965,143.5,4,0.0,0,0.0,999.5
2025-07-01 12:57:15,0,0,1965,143.5,4,0.0,0,0.0,999.5
2025-07-01 12:57:15,0,0,1965,143.5,4,0.0,0,0.0,999.5
2025-07-01 12:57:15,0,0,1965,143.5,4,0.0,0,0.0,999.5
2025-07-01 12:57:15,0,0,1965,143.5,4,0.0,0,0.0,999.5
2025-07-01 12:57:15,0,1,1778,143.5,4,0.0,0,0.0,1002.5
2025-07-01 12:57:16,0,1,1778,143.5,4,0.0,0,0.0,1002.5
2025-07-01 12:57:16,0,1,1778,143.5,4,0.0,0,0.0,1002.5
2025-07-01 12:57:16,0,1,1778,143.5,4,0.0,0,0.0,1002.5
2025-07-01 12:57:16,0,1,1778,143.5,4,0.0,0,0.0,1002.5
2025-07-01 12:57:16,0,1,1778,143.5,4,0.0,0,0.0,1002.5
2025-07-01 12:57:16,0,1,1778,143.5,4,0.0,0,0.0,1002.5
2025-07-01 12:57:16,0,1,1779,143.5,4,0.0,0,0.0,1001.4
2025-07-01 12:57:16,0,1,1779,143.5,4,0.0,0,0.0,1001.4
2025-07-01 12:57:17,0,1,1779,143.5,4,0.0,0,0.0,1001.4
2025-07-01 12:57:17,0,1,1779,143.5,4,0.0,0,0.0,1001.4
2025-07-01 12:57:17,0,1,1779,143.5,4,0.0,0,0.0,1001.4
2025-07-01 12:57:17,0,1,1779,143.5,4,0.0,0,0.0,1001.4
2025-07-01 12:57:17,0,1,1779,143.5,4,0.0,0,0.0,1001.4
2025-07-01 12:57:17,0,1,1779,143.5,4,0.0,0,0.0,1001.4
2025-07-01 12:57:17,0,0,1919,143.5,4,0.0,0,0.0,1001.6
2025-07-01 12:57:18,0,0,1919,143.5,4,0.0,0,0.0,1001.6
2025-07-01 12:57:18,0,0,1919,143.5,4,0.0,0,0.0,1001.6
2025-07-01 12:57:18,0,0,1919,143.5,4,0.0,0,0.0,1001.6
2025-07-01 12:57:18,0,0,1919,143.5,4,0.0,0,0.0,1001.6
2025-07-01 12:57:18,0,0,1919,143.5,4,0.0,0,0.0,1001.6
2025-07-01 12:57:18,0,0,1919,143.5,4,0.0,0,0.0,1001.6
2025-07-01 12:57:18,0,0,1919,143.5,4,0.0,0,0.0,1001.6
2025-07-01 12:57:18,0,0,1919,143.5,4,0.0,0,0.0,1001.6
2025-07-01 12:57:18,0,0,1968,178.0,4,0.0,0,0.0,999.8
2025-07-01 12:57:19,0,0,1968,178.0,4,0.0,0,0.0,999.8
2025-07-01 12:57:19,0,0,1968,178.0,4,0.0,0,0.0,999.8
2025-07-01 12:57:19,0,0,1968,178.0,4,0.0,0,0.0,999.8
2025-07-01 12:57:19,0,0,1968,178.0,4,0.0,0,0.0,999.8
2025-07-01 12:57:19,0,0,1968,178.0,4,0.0,0,0.0,999.8
2025-07-01 12:57:19,0,0,1968,178.0,4,0.0,0,0.0,999.8
2025-07-01 12:57:19,0,0,1968,178.0,4,0.0,0,0.0,999.8
2025-07-01 12:57:19,0,0,1890,178.0,4,0.0,0,0.0,1002.8
2025-07-01 12:57:20,0,0,1890,178.0,4,0.0,0,0.0,1002.8
2025-07-01 12:57:20,0,0,1890,178.0,4,0.0,0,0.0,1002.8
2025-07-01 12:57:20,0,0,1890,178.0,4,0.0,0,0.0,1002.8
2025-07-01 12:57:20,0,0,1890,178.0,4,0.0,0,0.0,1002.8
2025-07-01 12:57:20,0,0,1890,178.0,4,0.0,0,0.0,1002.8
2025-07-01 12:57:20,0,0,1890,178.0,4,0.0,0,0.0,1002.8
2025-07-01 12:57:20,0,0,1890,178.0,4,0.0,0,0.0,1002.8
2025-07-01 12:57:20,0,0,1503,178.0,4,0.0,0,0.0,1006.2
2025-07-01 12:57:21,0,0,1503,178.0,4,0.0,0,0.0,1006.2
2025-07-01 12:57:21,0,0,1503,178.0,4,0.0,0,0.0,1006.2
2025-07-01 12:57:21,0,0,1503,178.0,4,0.0,0,0.0,1006.2
2025-07-01 12:57:21,0,0,1503,178.0,4,0.0,0,0.0,1006.2
2025-07-01 12:57:21,0,0,1503,178.0,4,0.0,0,0.0,1006.2
2025-07-01 12:57:21,0,0,1503,178.0,4,0.0,0,0.0,1006.2
2025-07-01 12:57:21,0,0,1503,178.0,4,0.0,0,0.0,1006.2
2025-07-01 12:57:22,0,0,1965,178.0,4,0.0,0,0.0,1004.1
2025-07-01 12:57:22,0,0,1965,178.0,4,0.0,0,0.0,1004.1
2025-07-01 12:57:22,0,0,1965,178.0,4,0.0,0,0.0,1004.1
2025-07-01 12:57:22,0,0,1965,178.0,4,0.0,0,0.0,1004.1
2025-07-01 12:57:22,0,0,1965,178.0,4,0.0,0,0.0,1004.1
2025-07-01 12:57:22,0,0,1965,178.0,4,0.0,0,0.0,1004.1
2025-07-01 12:57:22,0,0,1965,178.0,4,0.0,0,0.0,1004.1
2025-07-01 12:57:22,0,0,1965,178.0,4,0.0,0,0.0,1004.1
2025-07-01 12:57:22,0,0,1965,178.0,4,0.0,0,0.0,1004.1
2025-07-01 12:57:23,0,0,1918,174.9,4,0.0,0,0.0,1006.4
2025-07-01 12:57:23,0,0,1918,174.9,4,0.0,0,0.0,1006.4
2025-07-01 12:57:23,0,0,1918,174.9,4,0.0,0,0.0,1006.4
2025-07-01 12:57:23,0,0,1918,174.9,4,0.0,0,0.0,1006.4
2025-07-01 12:57:23,0,0,1918,174.9,4,0.0,0,0.0,1006.4
2025-07-01 12:57:23,0,0,1918,174.9,4,0.0,0,0.0,1006.4
2025-07-01 12:57:23,0,0,1918,174.9,4,0.0,0,0.0,1006.4
2025-07-01 12:57:24,0,0,1918,174.9,4,0.0,0,0.0,1006.4
2025-07-01 12:57:24,0,0,1783,174.9,4,0.0,0,0.0,997.7
2025-07-01 12:57:24,0,0,1783,174.9,4,0.0,0,0.0,997.7
2025-07-01 12:57:24,0,0,1783,174.9,4,0.0,0,0.0,997.7
2025-07-01 12:57:24,0,0,1783,174.9,4,0.0,0,0.0,997.7
2025-07-01 12:57:24,0,0,1783,174.9,4,0.0,0,0.0,997.7
2025-07-01 12:57:24,0,0,1783,174.9,4,0.0,0,0.0,997.7
2025-07-01 12:57:24,0,0,1783,174.9,4,0.0,0,0.0,997.7
2025-07-01 12:57:25,0,0,1783,174.9,4,0.0,0,0.0,997.7
2025-07-01 12:57:25,0,0,1961,177.0,4,0.0,0,0.0,996.4
2025-07-01 12:57:25,0,0,1961,177.0,4,0.0,0,0.0,996.4
2025-07-01 12:57:25,0,0,1961,177.0,4,0.0,0,0.0,996.4
2025-07-01 12:57:25,0,0,1961,177.0,4,0.0,0,0.0,996.4
2025-07-01 12:57:25,0,0,1961,177.0,4,0.0,0,0.0,996.4
2025-07-01 12:57:25,0,0,1961,177.0,4,0.0,0,0.0,996.4
2025-07-01 12:57:25,0,0,1961,177.0,4,0.0,0,0.0,996.4
2025-07-01 12:57:25,0,0,1961,177.0,4,0.0,0,0.0,996.4
2025-07-01 12:57:26,0,0,1961,177.0,4,0.0,0,0.0,996.4
2025-07-01 12:57:26,0,0,1436,199.3,4,0.0,0,0.0,999.1
2025-07-01 12:57:26,0,0,1436,199.3,4,0.0,0,0.0,999.1
2025-07-01 12:57:26,0,0,1436,199.3,4,0.0,0,0.0,999.1
2025-07-01 12:57:26,0,0,1436,199.3,4,0.0,0,0.0,999.1
2025-07-01 12:57:26,0,0,1436,199.3,4,0.0,0,0.0,999.1
2025-07-01 12:57:26,0,0,1436,199.3,4,0.0,0,0.0,999.1
2025-07-01 12:57:26,0,0,1436,199.3,4,0.0,0,0.0,999.1
2025-07-01 12:57:27,0,0,1436,199.3,4,0.0,0,0.0,999.1
2025-07-01 12:57:27,0,0,1436,199.3,4,0.0,0,0.0,999.1
2025-07-01 12:57:27,0,1,1797,116.3,4,0.0,0,0.0,1004.7
2025-07-01 12:57:27,0,1,1797,116.3,4,0.0,0,0.0,1004.7
2025-07-01 12:57:27,0,1,1797,116.3,4,0.0,0,0.0,1004.7
2025-07-01 12:57:27,0,1,1797,116.3,4,0.0,0,0.0,1004.7
2025-07-01 12:57:27,0,1,1797,116.3,4,0.0,0,0.0,1004.7
2025-07-01 12:57:27,0,1,1797,116.3,4,0.0,0,0.0,1004.7
2025-07-01 12:57:28,0,1,1797,116.3,4,0.0,0,0.0,1004.7
2025-07-01 12:57:28,0,1,1797,116.3,4,0.0,0,0.0,1004.7
2025-07-01 12:57:28,0,1,1797,116.3,4,0.0,0,0.0,1004.7
2025-07-01 12:57:28,0,0,1971,116.3,4,0.0,0,0.0,1005.9
2025-07-01 12:57:28,0,0,1971,116.3,4,0.0,0,0.0,1005.9
2025-07-01 12:57:28,0,0,1971,116.3,4,0.0,0,0.0,1005.9
2025-07-01 12:57:28,0,0,1971,116.3,4,0.0,0,0.0,1005.9
2025-07-01 12:57:28,0,0,1971,116.3,4,0.0,0,0.0,1005.9
2025-07-01 12:57:28,0,0,1971,116.3,4,0.0,0,0.0,1005.9
2025-07-01 12:57:29,0,0,1971,116.3,4,0.0,0,0.0,1005.9
2025-07-01 12:57:29,0,0,1971,116.3,4,0.0,0,0.0,1005.9
2025-07-01 12:57:29,0,0,1971,116.3,4,0.0,0,0.0,1005.9
2025-07-01 12:57:29,0,1,1798,177.5,4,0.0,0,0.0,1001.9
2025-07-01 12:57:29,0,1,1798,177.5,4,0.0,0,0.0,1001.9
2025-07-01 12:57:29,0,1,1798,177.5,4,0.0,0,0.0,1001.9
2025-07-01 12:57:29,0,1,1798,177.5,4,0.0,0,0.0,1001.9
2025-07-01 12:57:30,0,1,1798,177.5,4,0.0,0,0.0,1001.9
2025-07-01 12:57:30,0,1,1798,177.5,4,0.0,0,0.0,1001.9
2025-07-01 12:57:30,0,1,1798,177.5,4,0.0,0,0.0,1001.9
2025-07-01 12:57:30,0,1,1798,177.5,4,0.0,0,0.0,1001.9
2025-07-01 12:57:30,0,1,1798,177.5,4,0.0,0,0.0,1001.9
2025-07-01 12:57:30,0,0,1949,177.5,4,0.0,0,0.0,1001.2
2025-07-01 12:57:30,0,0,1949,177.5,4,0.0,0,0.0,1001.2
2025-07-01 12:57:30,0,0,1949,177.5,4,0.0,0,0.0,1001.2
2025-07-01 12:57:30,0,0,1949,177.5,4,0.0,0,0.0,1001.2
2025-07-01 12:57:31,0,0,1949,177.5,4,0.0,0,0.0,1001.2
2025-07-01 12:57:31,0,0,1949,177.5,4,0.0,0,0.0,1001.2
2025-07-01 12:57:31,0,0,1949,177.5,4,0.0,0,0.0,1001.2
2025-07-01 12:57:31,0,1,1798,188.1,4,0.0,0,0.0,1002.7
2025-07-01 12:57:31,0,1,1798,188.1,4,0.0,0,0.0,1002.7
2025-07-01 12:57:31,0,1,1798,188.1,4,0.0,0,0.0,1002.7
2025-07-01 12:57:31,0,1,1798,188.1,4,0.0,0,0.0,1002.7
2025-07-01 12:57:32,0,1,1798,188.1,4,0.0,0,0.0,1002.7
2025-07-01 12:57:32,0,1,1798,188.1,4,0.0,0,0.0,1002.7
2025-07-01 12:57:32,0,1,1798,188.1,4,0.0,0,0.0,1002.7
2025-07-01 12:57:32,0,1,1798,188.1,4,0.0,0,0.0,1002.7
2025-07-01 12:57:32,0,1,1798,188.1,4,0.0,0,0.0,1002.7
2025-07-01 12:57:32,0,0,1475,188.1,4,0.0,0,0.0,1003.6
2025-07-01 12:57:32,0,0,1475,188.1,4,0.0,0,0.0,1003.6
2025-07-01 12:57:32,0,0,1475,188.1,4,0.0,0,0.0,1003.6
2025-07-01 12:57:32,0,0,1475,188.1,4,0.0,0,0.0,1003.6
2025-07-01 12:57:33,0,0,1475,188.1,4,0.0,0,0.0,1003.6
2025-07-01 12:57:33,0,0,1475,188.1,4,0.0,0,0.0,1003.6
2025-07-01 12:57:33,0,0,1475,188.1,4,0.0,0,0.0,1003.6
2025-07-01 12:57:33,0,0,1924,178.6,4,0.0,0,0.0,1004.4
2025-07-01 12:57:33,0,0,1924,178.6,4,0.0,0,0.0,1004.4
2025-07-01 12:57:33,0,0,1924,178.6,4,0.0,0,0.0,1004.4
2025-07-01 12:57:33,0,0,1924,178.6,4,0.0,0,0.0,1004.4
2025-07-01 12:57:34,0,0,1924,178.6,4,0.0,0,0.0,1004.4
2025-07-01 12:57:34,0,0,1924,178.6,4,0.0,0,0.0,1004.4
2025-07-01 12:57:34,0,0,1924,178.6,4,0.0,0,0.0,1004.4
2025-07-01 12:57:34,0,0,1924,178.6,4,0.0,0,0.0,1004.4
2025-07-01 12:57:34,0,0,1520,188.7,4,0.0,0,0.0,1005.1
2025-07-01 12:57:34,0,0,1520,188.7,4,0.0,0,0.0,1005.1
2025-07-01 12:57:34,0,0,1520,188.7,4,0.0,0,0.0,1005.1
2025-07-01 12:57:34,0,0,1520,188.7,4,0.0,0,0.0,1005.1
2025-07-01 12:57:35,0,0,1520,188.7,4,0.0,0,0.0,1005.1
2025-07-01 12:57:35,0,0,1520,188.7,4,0.0,0,0.0,1005.1
2025-07-01 12:57:35,0,0,1520,188.7,4,0.0,0,0.0,1005.1
2025-07-01 12:57:35,0,0,1520,188.7,4,0.0,0,0.0,1005.1
2025-07-01 12:57:35,0,0,1520,188.7,4,0.0,0,0.0,1005.1
2025-07-01 12:57:35,0,0,1601,188.7,4,0.0,0,0.0,1006.2
2025-07-01 12:57:35,0,0,1601,188.7,4,0.0,0,0.0,1006.2
2025-07-01 12:57:35,0,0,1601,188.7,4,0.0,0,0.0,1006.2
2025-07-01 12:57:36,0,0,1601,188.7,4,0.0,0,0.0,1006.2
2025-07-01 12:57:36,0,0,1601,188.7,4,0.0,0,0.0,1006.2
2025-07-01 12:57:36,0,0,1601,188.7,4,0.0,0,0.0,1006.2
2025-07-01 12:57:36,0,0,1601,188.7,4,0.0,0,0.0,1006.2
2025-07-01 12:57:36,0,0,1601,188.7,4,0.0,0,0.0,1006.2
2025-07-01 12:57:36,0,0,1601,188.7,4,0.0,0,0.0,1006.2
2025-07-01 12:57:36,0,0,1949,159.2,4,0.0,0,0.0,1002.2
2025-07-01 12:57:36,0,0,1949,159.2,4,0.0,0,0.0,1002.2
2025-07-01 12:57:37,0,0,1949,159.2,4,0.0,0,0.0,1002.2
2025-07-01 12:57:37,0,0,1949,159.2,4,0.0,0,0.0,1002.2
2025-07-01 12:57:37,0,0,1949,159.2,4,0.0,0,0.0,1002.2
2025-07-01 12:57:37,0,0,1949,159.2,4,0.0,0,0.0,1002.2
2025-07-01 12:57:37,0,0,1949,159.2,4,0.0,0,0.0,1002.2
2025-07-01 12:57:37,0,0,1949,159.2,4,0.0,0,0.0,1002.2
2025-07-01 12:57:37,0,0,1949,159.2,4,0.0,0,0.0,1002.2
2025-07-01 12:57:37,0,0,1949,159.2,4,0.0,0,0.0,1002.2
2025-07-01 12:57:37,0,0,1967,159.2,4,0.0,0,0.0,1001.4
2025-07-01 12:57:37,0,0,1967,159.2,4,0.0,0,0.0,1001.4
2025-07-01 12:57:38,0,0,1967,159.2,4,0.0,0,0.0,1001.4
2025-07-01 12:57:38,0,0,1967,159.2,4,0.0,0,0.0,1001.4
2025-07-01 12:57:38,0,0,1967,159.2,4,0.0,0,0.0,1001.4
2025-07-01 12:57:38,0,0,1967,159.2,4,0.0,0,0.0,1001.4
2025-07-01 12:57:38,0,0,1967,159.2,4,0.0,0,0.0,1001.4
2025-07-01 12:57:38,0,0,1967,159.2,4,0.0,0,0.0,1001.4
2025-07-01 12:57:38,0,0,1967,159.2,4,0.0,0,0.0,1001.4
2025-07-01 12:57:38,0,0,1940,189.3,4,0.0,0,0.0,1000.2
2025-07-01 12:57:39,0,0,1940,189.3,4,0.0,0,0.0,1000.2
2025-07-01 12:57:39,0,0,1940,189.3,4,0.0,0,0.0,1000.2
2025-07-01 12:57:39,0,0,1940,189.3,4,0.0,0,0.0,1000.2
2025-07-01 12:57:39,0,0,1940,189.3,4,0.0,0,0.0,1000.2
2025-07-01 12:57:39,0,0,1940,189.3,4,0.0,0,0.0,1000.2
2025-07-01 12:57:39,0,0,1940,189.3,4,0.0,0,0.0,1000.2
2025-07-01 12:57:39,0,0,1940,189.3,4,0.0,0,0.0,1000.2
2025-07-01 12:57:39,0,0,1940,189.3,4,0.0,0,0.0,1000.2
2025-07-01 12:57:40,0,0,1977,189.3,4,0.0,0,0.0,1003.7
2025-07-01 12:57:40,0,0,1977,189.3,4,0.0,0,0.0,1003.7
2025-07-01 12:57:40,0,0,1977,189.3,4,0.0,0,0.0,1003.7
2025-07-01 12:57:40,0,0,1977,189.3,4,0.0,0,0.0,1003.7
2025-07-01 12:57:40,0,0,1977,189.3,4,0.0,0,0.0,1003.7
2025-07-01 12:57:40,0,0,1977,189.3,4,0.0,0,0.0,1003.7
2025-07-01 12:57:40,0,0,1977,189.3,4,0.0,0,0.0,1003.7
2025-07-01 12:57:40,0,0,1977,189.3,4,0.0,0,0.0,1003.7
2025-07-01 12:57:40,0,0,1977,189.3,4,0.0,0,0.0,1003.7
2025-07-01 12:57:41,0,1,1803,199.3,4,0.0,0,0.0,1000.3
2025-07-01 12:57:41,0,1,1803,199.3,4,0.0,0,0.0,1000.3
2025-07-01 12:57:41,0,1,1803,199.3,4,0.0,0,0.0,1000.3
2025-07-01 12:57:41,0,1,1803,199.3,4,0.0,0,0.0,1000.3
2025-07-01 12:57:41,0,1,1803,199.3,4,0.0,0,0.0,1000.3
2025-07-01 12:57:41,0,1,1803,199.3,4,0.0,0,0.0,1000.3
2025-07-01 12:57:41,0,1,1803,199.3,4,0.0,0,0.0,1000.3
2025-07-01 12:57:41,0,1,1803,199.3,4,0.0,0,0.0,1000.3
2025-07-01 12:57:42,0,1,1803,199.3,4,0.0,0,0.0,1000.3
2025-07-01 12:57:42,0,0,1958,177.5,4,0.0,0,0.0,1004.2
2025-07-01 12:57:42,0,0,1958,177.5,4,0.0,0,0.0,1004.2
2025-07-01 12:57:42,0,0,1958,177.5,4,0.0,0,0.0,1004.2
2025-07-01 12:57:42,0,0,1958,177.5,4,0.0,0,0.0,1004.2
2025-07-01 12:57:42,0,0,1958,177.5,4,0.0,0,0.0,1004.2
2025-07-01 12:57:42,0,0,1958,177.5,4,0.0,0,0.0,1004.2
2025-07-01 12:57:43,0,0,1958,177.5,4,0.0,0,0.0,1004.2
2025-07-01 12:57:43,0,0,1958,177.5,4,0.0,0,0.0,1004.2
2025-07-01 12:57:43,0,0,1794,77.3,4,0.0,0,0.0,999.9
2025-07-01 12:57:43,0,0,1794,77.3,4,0.0,0,0.0,999.9
2025-07-01 12:57:43,0,0,1794,77.3,4,0.0,0,0.0,999.9
2025-07-01 12:57:43,0,0,1794,77.3,4,0.0,0,0.0,999.9
2025-07-01 12:57:43,0,0,1794,77.3,4,0.0,0,0.0,999.9
2025-07-01 12:57:43,0,0,1794,77.3,4,0.0,0,0.0,999.9
2025-07-01 12:57:44,0,0,1794,77.3,4,0.0,0,0.0,999.9
2025-07-01 12:57:44,0,0,1794,77.3,4,0.0,0,0.0,999.9
2025-07-01 12:57:44,0,0,1794,77.3,4,0.0,0,0.0,999.9
2025-07-01 12:57:44,0,0,1411,77.3,4,0.0,0,0.0,1005.8
2025-07-01 12:57:44,0,0,1411,77.3,4,0.0,0,0.0,1005.8
2025-07-01 12:57:44,0,0,1411,77.3,4,0.0,0,0.0,1005.8
2025-07-01 12:57:44,0,0,1411,77.3,4,0.0,0,0.0,1005.8
2025-07-01 12:57:44,0,0,1411,77.3,4,0.0,0,0.0,1005.8
2025-07-01 12:57:45,0,0,1411,77.3,4,0.0,0,0.0,1005.8
2025-07-01 12:57:45,0,0,1411,77.3,4,0.0,0,0.0,1005.8
2025-07-01 12:57:45,0,0,1411,77.3,4,0.0,0,0.0,1005.8
2025-07-01 12:57:45,0,0,1753,157.9,4,0.0,0,0.0,999.6
2025-07-01 12:57:45,0,0,1753,157.9,4,0.0,0,0.0,999.6
2025-07-01 12:57:45,0,0,1753,157.9,4,0.0,0,0.0,999.6
2025-07-01 12:57:45,0,0,1753,157.9,4,0.0,0,0.0,999.6
2025-07-01 12:57:45,0,0,1753,157.9,4,0.0,0,0.0,999.6
2025-07-01 12:57:46,0,0,1753,157.9,4,0.0,0,0.0,999.6
2025-07-01 12:57:46,0,0,1753,157.9,4,0.0,0,0.0,999.6
2025-07-01 12:57:46,0,0,1753,157.9,4,0.0,0,0.0,999.6
2025-07-01 12:57:46,0,0,1753,157.9,4,0.0,0,0.0,999.6
2025-07-01 12:57:46,0,0,1951,157.9,4,0.0,0,0.0,1001.5
2025-07-01 12:57:46,0,0,1951,157.9,4,0.0,0,0.0,1001.5
2025-07-01 12:57:46,0,0,1951,157.9,4,0.0,0,0.0,1001.5
2025-07-01 12:57:46,0,0,1951,157.9,4,0.0,0,0.0,1001.5
2025-07-01 12:57:46,0,0,1951,157.9,4,0.0,0,0.0,1001.5
2025-07-01 12:57:47,0,0,1951,157.9,4,0.0,0,0.0,1001.5
2025-07-01 12:57:47,0,0,1951,157.9,4,0.0,0,0.0,1001.5
2025-07-01 12:57:47,0,0,1951,157.9,4,0.0,0,0.0,1001.5
2025-07-01 12:57:47,0,1,1782,178.0,4,0.0,0,0.0,1002.7
2025-07-01 12:57:47,0,1,1782,178.0,4,0.0,0,0.0,1002.7
2025-07-01 12:57:47,0,1,1782,178.0,4,0.0,0,0.0,1002.7
2025-07-01 12:57:47,0,1,1782,178.0,4,0.0,0,0.0,1002.7
2025-07-01 12:57:47,0,1,1782,178.0,4,0.0,0,0.0,1002.7
2025-07-01 12:57:48,0,1,1782,178.0,4,0.0,0,0.0,1002.7
2025-07-01 12:57:48,0,1,1782,178.0,4,0.0,0,0.0,1002.7
2025-07-01 12:57:48,0,1,1782,178.0,4,0.0,0,0.0,1002.7
2025-07-01 12:57:48,0,1,1782,178.0,4,0.0,0,0.0,1002.7
2025-07-01 12:57:48,0,0,1264,178.0,4,0.0,0,0.0,999.0
2025-07-01 12:57:48,0,0,1264,178.0,4,0.0,0,0.0,999.0
2025-07-01 12:57:48,0,0,1264,178.0,4,0.0,0,0.0,999.0
2025-07-01 12:57:48,0,0,1264,178.0,4,0.0,0,0.0,999.0
2025-07-01 12:57:49,0,0,1264,178.0,4,0.0,0,0.0,999.0
2025-07-01 12:57:49,0,0,1264,178.0,4,0.0,0,0.0,999.0
2025-07-01 12:57:49,0,0,1264,178.0,4,0.0,0,0.0,999.0
2025-07-01 12:57:49,0,0,1264,178.0,4,0.0,0,0.0,999.0
2025-07-01 12:57:49,0,1,1791,178.0,4,0.0,0,0.0,1007.1
2025-07-01 12:57:49,0,1,1791,178.0,4,0.0,0,0.0,1007.1
2025-07-01 12:57:49,0,1,1791,178.0,4,0.0,0,0.0,1007.1
2025-07-01 12:57:49,0,1,1791,178.0,4,0.0,0,0.0,1007.1
2025-07-01 12:57:50,0,1,1791,178.0,4,0.0,0,0.0,1007.1
2025-07-01 12:57:50,0,1,1791,178.0,4,0.0,0,0.0,1007.1
2025-07-01 12:57:50,0,1,1791,178.0,4,0.0,0,0.0,1007.1
2025-07-01 12:57:50,0,1,1791,178.0,4,0.0,0,0.0,1007.1
2025-07-01 12:57:50,0,1,1791,178.0,4,0.0,0,0.0,1007.1
2025-07-01 12:57:50,0,0,1686,167.1,4,0.0,0,0.0,1004.3
2025-07-01 12:57:50,0,0,1686,167.1,4,0.0,0,0.0,1004.3
2025-07-01 12:57:50,0,0,1686,167.1,4,0.0,0,0.0,1004.3
2025-07-01 12:57:51,0,0,1686,167.1,4,0.0,0,0.0,1004.3
2025-07-01 12:57:51,0,0,1686,167.1,4,0.0,0,0.0,1004.3
2025-07-01 12:57:51,0,0,1686,167.1,4,0.0,0,0.0,1004.3
2025-07-01 12:57:51,0,0,1686,167.1,4,0.0,0,0.0,1004.3
2025-07-01 12:57:51,0,0,1686,167.1,4,0.0,0,0.0,1004.3
2025-07-01 12:57:51,0,0,1686,167.1,4,0.0,0,0.0,1004.3
2025-07-01 12:57:51,0,0,1809,177.5,4,0.0,0,0.0,1002.7
2025-07-01 12:57:51,0,0,1809,177.5,4,0.0,0,0.0,1002.7
2025-07-01 12:57:51,0,0,1809,177.5,4,0.0,0,0.0,1002.7
2025-07-01 12:57:52,0,0,1809,177.5,4,0.0,0,0.0,1002.7
2025-07-01 12:57:52,0,0,1809,177.5,4,0.0,0,0.0,1002.7
2025-07-01 12:57:52,0,0,1809,177.5,4,0.0,0,0.0,1002.7
2025-07-01 12:57:52,0,0,1809,177.5,4,0.0,0,0.0,1002.7
2025-07-01 12:57:52,0,0,1809,177.5,4,0.0,0,0.0,1002.7
2025-07-01 12:57:52,0,0,1809,177.5,4,0.0,0,0.0,1002.7
2025-07-01 12:57:52,0,1,1815,177.5,4,0.0,0,0.0,999.3
2025-07-01 12:57:52,0,1,1815,177.5,4,0.0,0,0.0,999.3
2025-07-01 12:57:53,0,1,1815,177.5,4,0.0,0,0.0,999.3
2025-07-01 12:57:53,0,1,1815,177.5,4,0.0,0,0.0,999.3
2025-07-01 12:57:53,0,1,1815,177.5,4,0.0,0,0.0,999.3
2025-07-01 12:57:53,0,1,1815,177.5,4,0.0,0,0.0,999.3
2025-07-01 12:57:53,0,1,1815,177.5,4,0.0,0,0.0,999.3
2025-07-01 12:57:53,0,1,1815,177.5,4,0.0,0,0.0,999.3
2025-07-01 12:57:53,0,1,1815,177.5,4,0.0,0,0.0,999.3
2025-07-01 12:57:53,0,0,1691,158.7,4,0.0,0,0.0,1003.6
2025-07-01 12:57:54,0,0,1691,158.7,4,0.0,0,0.0,1003.6
2025-07-01 12:57:54,0,0,1691,158.7,4,0.0,0,0.0,1003.6
2025-07-01 12:57:54,0,0,1691,158.7,4,0.0,0,0.0,1003.6
2025-07-01 12:57:54,0,0,1691,158.7,4,0.0,0,0.0,1003.6
2025-07-01 12:57:54,0,0,1691,158.7,4,0.0,0,0.0,1003.6
2025-07-01 12:57:54,0,0,1691,158.7,4,0.0,0,0.0,1003.6
2025-07-01 12:57:54,0,0,1691,158.7,4,0.0,0,0.0,1003.6
2025-07-01 12:57:54,0,0,1691,158.7,4,0.0,0,0.0,1003.6
2025-07-01 12:57:54,0,0,1917,178.0,4,0.0,0,0.0,1003.1
2025-07-01 12:57:55,0,0,1917,178.0,4,0.0,0,0.0,1003.1
2025-07-01 12:57:55,0,0,1917,178.0,4,0.0,0,0.0,1003.1
2025-07-01 12:57:55,0,0,1917,178.0,4,0.0,0,0.0,1003.1
2025-07-01 12:57:55,0,0,1917,178.0,4,0.0,0,0.0,1003.1
2025-07-01 12:57:55,0,0,1917,178.0,4,0.0,0,0.0,1003.1
2025-07-01 12:57:55,0,0,1917,178.0,4,0.0,0,0.0,1003.1
2025-07-01 12:57:55,0,0,1917,178.0,4,0.0,0,0.0,1003.1
2025-07-01 12:57:55,0,0,1917,178.0,4,0.0,0,0.0,1003.1
2025-07-01 12:57:56,0,0,1553,178.0,4,0.0,0,0.0,1002.5
2025-07-01 12:57:56,0,0,1553,178.0,4,0.0,0,0.0,1002.5
2025-07-01 12:57:56,0,0,1553,178.0,4,0.0,0,0.0,1002.5
2025-07-01 12:57:56,0,0,1553,178.0,4,0.0,0,0.0,1002.5
2025-07-01 12:57:56,0,0,1553,178.0,4,0.0,0,0.0,1002.5
2025-07-01 12:57:56,0,0,1553,178.0,4,0.0,0,0.0,1002.5
2025-07-01 12:57:56,0,0,1553,178.0,4,0.0,0,0.0,1002.5
2025-07-01 12:57:56,0,0,1553,178.0,4,0.0,0,0.0,1002.5
2025-07-01 12:57:57,0,0,1553,178.0,4,0.0,0,0.0,1002.5
2025-07-01 12:57:57,0,1,1769,188.1,4,0.0,0,0.0,1004.0
2025-07-01 12:57:57,0,1,1769,188.1,4,0.0,0,0.0,1004.0
2025-07-01 12:57:57,0,1,1769,188.1,4,0.0,0,0.0,1004.0
2025-07-01 12:57:57,0,1,1769,188.1,4,0.0,0,0.0,1004.0
2025-07-01 12:57:57,0,1,1769,188.1,4,0.0,0,0.0,1004.0
2025-07-01 12:57:57,0,1,1769,188.1,4,0.0,0,0.0,1004.0
2025-07-01 12:57:57,0,1,1769,188.1,4,0.0,0,0.0,1004.0
2025-07-01 12:57:58,0,1,1769,188.1,4,0.0,0,0.0,1004.0
2025-07-01 12:57:58,0,0,1944,188.1,4,0.0,0,0.0,1004.3
2025-07-01 12:57:58,0,0,1944,188.1,4,0.0,0,0.0,1004.3
2025-07-01 12:57:58,0,0,1944,188.1,4,0.0,0,0.0,1004.3
2025-07-01 12:57:58,0,0,1944,188.1,4,0.0,0,0.0,1004.3
2025-07-01 12:57:58,0,0,1944,188.1,4,0.0,0,0.0,1004.3
2025-07-01 12:57:58,0,0,1944,188.1,4,0.0,0,0.0,1004.3
2025-07-01 12:57:58,0,0,1944,188.1,4,0.0,0,0.0,1004.3
2025-07-01 12:57:59,0,0,1944,188.1,4,0.0,0,0.0,1004.3
2025-07-01 12:57:59,0,1,1781,167.6,4,0.0,0,0.0,1002.8
2025-07-01 12:57:59,0,1,1781,167.6,4,0.0,0,0.0,1002.8
2025-07-01 12:57:59,0,1,1781,167.6,4,0.0,0,0.0,1002.8
2025-07-01 12:57:59,0,1,1781,167.6,4,0.0,0,0.0,1002.8
2025-07-01 12:57:59,0,1,1781,167.6,4,0.0,0,0.0,1002.8
2025-07-01 12:57:59,0,1,1781,167.6,4,0.0,0,0.0,1002.8
2025-07-01 12:57:59,0,1,1781,167.6,4,0.0,0,0.0,1002.8
2025-07-01 12:58:00,0,1,1781,167.6,4,0.0,0,0.0,1002.8
2025-07-01 12:58:00,0,0,1321,167.6,4,0.0,0,0.0,1006.4
2025-07-01 12:58:00,0,0,1321,167.6,4,0.0,0,0.0,1006.4
2025-07-01 12:58:00,0,0,1321,167.6,4,0.0,0,0.0,1006.4
2025-07-01 12:58:00,0,0,1321,167.6,4,0.0,0,0.0,1006.4
2025-07-01 12:58:00,0,0,1321,167.6,4,0.0,0,0.0,1006.4
2025-07-01 12:58:00,0,0,1321,167.6,4,0.0,0,0.0,1006.4
2025-07-01 12:58:00,0,0,1321,167.6,4,0.0,0,0.0,1006.4
2025-07-01 12:58:01,0,0,1321,167.6,4,0.0,0,0.0,1006.4
2025-07-01 12:58:01,0,0,1321,167.6,4,0.0,0,0.0,1006.4
2025-07-01 12:58:01,0,0,1811,137.3,4,0.0,0,0.0,1002.8
2025-07-01 12:58:01,0,0,1811,137.3,4,0.0,0,0.0,1002.8
2025-07-01 12:58:01,0,0,1811,137.3,4,0.0,0,0.0,1002.8
2025-07-01 12:58:01,0,0,1811,137.3,4,0.0,0,0.0,1002.8
2025-07-01 12:58:01,0,0,1811,137.3,4,0.0,0,0.0,1002.8
2025-07-01 12:58:01,0,0,1811,137.3,4,0.0,0,0.0,1002.8
2025-07-01 12:58:02,0,0,1811,137.3,4,0.0,0,0.0,1002.8
2025-07-01 12:58:02,0,0,1811,137.3,4,0.0,0,0.0,1002.8
2025-07-01 12:58:02,0,0,1811,137.3,4,0.0,0,0.0,1002.8
2025-07-01 12:58:02,0,0,1932,137.3,4,0.0,0,0.0,1000.9
2025-07-01 12:58:02,0,0,1932,137.3,4,0.0,0,0.0,1000.9
2025-07-01 12:58:02,0,0,1932,137.3,4,0.0,0,0.0,1000.9
2025-07-01 12:58:02,0,0,1932,137.3,4,0.0,0,0.0,1000.9
2025-07-01 12:58:02,0,0,1932,137.3,4,0.0,0,0.0,1000.9
2025-07-01 12:58:02,0,0,1932,137.3,4,0.0,0,0.0,1000.9
2025-07-01 12:58:03,0,0,1932,137.3,4,0.0,0,0.0,1000.9
2025-07-01 12:58:03,0,0,1932,137.3,4,0.0,0,0.0,1000.9
2025-07-01 12:58:03,0,0,1932,137.3,4,0.0,0,0.0,1000.9
2025-07-01 12:58:03,0,1,1794,137.3,4,0.0,0,0.0,1002.7
2025-07-01 12:58:03,0,1,1794,137.3,4,0.0,0,0.0,1002.7
2025-07-01 12:58:03,0,1,1794,137.3,4,0.0,0,0.0,1002.7
2025-07-01 12:58:03,0,1,1794,137.3,4,0.0,0,0.0,1002.7
2025-07-01 12:58:03,0,1,1794,137.3,4,0.0,0,0.0,1002.7
2025-07-01 12:58:04,0,1,1794,137.3,4,0.0,0,0.0,1002.7
2025-07-01 12:58:04,0,1,1794,137.3,4,0.0,0,0.0,1002.7
2025-07-01 12:58:04,0,1,1794,137.3,4,0.0,0,0.0,1002.7
2025-07-01 12:58:04,0,1,1794,137.3,4,0.0,0,0.0,1002.7
2025-07-01 12:58:04,0,0,1952,137.3,4,0.0,0,0.0,1000.1
2025-07-01 12:58:04,0,0,1952,137.3,4,0.0,0,0.0,1000.1
2025-07-01 12:58:04,0,0,1952,137.3,4,0.0,0,0.0,1000.1
2025-07-01 12:58:04,0,0,1952,137.3,4,0.0,0,0.0,1000.1
2025-07-01 12:58:05,0,0,1952,137.3,4,0.0,0,0.0,1000.1
2025-07-01 12:58:05,0,0,1952,137.3,4,0.0,0,0.0,1000.1
2025-07-01 12:58:05,0,0,1952,137.3,4,0.0,0,0.0,1000.1
2025-07-01 12:58:05,0,0,1952,137.3,4,0.0,0,0.0,1000.1
2025-07-01 12:58:05,0,0,1952,137.3,4,0.0,0,0.0,1000.1
2025-07-01 12:58:05,0,0,1952,137.3,4,0.0,0,0.0,1000.1
2025-07-01 12:58:05,0,0,1952,137.3,4,0.0,0,0.0,1000.1
2025-07-01 12:58:05,0,0,1952,137.3,4,0.0,0,0.0,1000.1
2025-07-01 12:58:06,0,0,1952,137.3,4,0.0,0,0.0,1000.1
2025-07-01 12:58:06,0,0,1952,137.3,4,0.0,0,0.0,1000.1
2025-07-01 12:58:06,0,0,1952,137.3,4,0.0,0,0.0,1000.1
2025-07-01 12:58:06,0,0,1952,137.3,4,0.0,0,0.0,1000.1
2025-07-01 12:58:06,0,0,1952,137.3,4,0.0,0,0.0,1000.1
2025-07-01 12:58:06,0,0,1981,177.5,4,0.0,0,0.0,1006.5
2025-07-01 12:58:06,0,0,1981,177.5,4,0.0,0,0.0,1006.5
2025-07-01 12:58:06,0,0,1981,177.5,4,0.0,0,0.0,1006.5
2025-07-01 12:58:07,0,0,1981,177.5,4,0.0,0,0.0,1006.5
2025-07-01 12:58:07,0,0,1981,177.5,4,0.0,0,0.0,1006.5
2025-07-01 12:58:07,0,0,1981,177.5,4,0.0,0,0.0,1006.5
2025-07-01 12:58:07,0,0,1981,177.5,4,0.0,0,0.0,1006.5
2025-07-01 12:58:07,0,0,1981,177.5,4,0.0,0,0.0,1006.5
2025-07-01 12:58:07,0,0,1981,177.5,4,0.0,0,0.0,1006.5
2025-07-01 12:58:07,0,0,1954,177.5,4,0.0,0,0.0,1002.5
2025-07-01 12:58:07,0,0,1954,177.5,4,0.0,0,0.0,1002.5
2025-07-01 12:58:08,0,0,1954,177.5,4,0.0,0,0.0,1002.5
2025-07-01 12:58:08,0,0,1954,177.5,4,0.0,0,0.0,1002.5
2025-07-01 12:58:08,0,0,1954,177.5,4,0.0,0,0.0,1002.5
2025-07-01 12:58:08,0,0,1954,177.5,4,0.0,0,0.0,1002.5
2025-07-01 12:58:08,0,0,1954,177.5,4,0.0,0,0.0,1002.5
2025-07-01 12:58:08,0,0,1954,177.5,4,0.0,0,0.0,1002.5
2025-07-01 12:58:08,0,0,1803,177.5,4,0.0,0,0.0,1000.0
2025-07-01 12:58:08,0,0,1803,177.5,4,0.0,0,0.0,1000.0
2025-07-01 12:58:09,0,0,1803,177.5,4,0.0,0,0.0,1000.0
2025-07-01 12:58:09,0,0,1803,177.5,4,0.0,0,0.0,1000.0
2025-07-01 12:58:09,0,0,1803,177.5,4,0.0,0,0.0,1000.0
2025-07-01 12:58:09,0,0,1803,177.5,4,0.0,0,0.0,1000.0
2025-07-01 12:58:09,0,0,1803,177.5,4,0.0,0,0.0,1000.0
2025-07-01 12:58:09,0,0,1803,177.5,4,0.0,0,0.0,1000.0
2025-07-01 12:58:09,0,0,1803,177.5,4,0.0,0,0.0,1000.0
2025-07-01 12:58:09,0,0,1815,177.5,4,0.0,0,0.0,1006.3
2025-07-01 12:58:10,0,0,1815,177.5,4,0.0,0,0.0,1006.3
2025-07-01 12:58:10,0,0,1815,177.5,4,0.0,0,0.0,1006.3
2025-07-01 12:58:10,0,0,1815,177.5,4,0.0,0,0.0,1006.3
2025-07-01 12:58:10,0,0,1815,177.5,4,0.0,0,0.0,1006.3
2025-07-01 12:58:10,0,0,1815,177.5,4,0.0,0,0.0,1006.3
2025-07-01 12:58:10,0,0,1815,177.5,4,0.0,0,0.0,1006.3
2025-07-01 12:58:10,0,0,1535,176.5,4,0.0,0,0.0,1002.3
2025-07-01 12:58:10,0,0,1535,176.5,4,0.0,0,0.0,1002.3
2025-07-01 12:58:11,0,0,1535,176.5,4,0.0,0,0.0,1002.3
2025-07-01 12:58:11,0,0,1535,176.5,4,0.0,0,0.0,1002.3
2025-07-01 12:58:11,0,0,1535,176.5,4,0.0,0,0.0,1002.3
2025-07-01 12:58:11,0,0,1535,176.5,4,0.0,0,0.0,1002.3
2025-07-01 12:58:11,0,0,1535,176.5,4,0.0,0,0.0,1002.3
2025-07-01 12:58:11,0,0,1535,176.5,4,0.0,0,0.0,1002.3
2025-07-01 12:58:11,0,0,1863,188.7,4,0.0,0,0.0,1003.0
2025-07-01 12:58:12,0,0,1863,188.7,4,0.0,0,0.0,1003.0
2025-07-01 12:58:12,0,0,1863,188.7,4,0.0,0,0.0,1003.0
2025-07-01 12:58:12,0,0,1863,188.7,4,0.0,0,0.0,1003.0
2025-07-01 12:58:12,0,0,1863,188.7,4,0.0,0,0.0,1003.0
2025-07-01 12:58:12,0,0,1863,188.7,4,0.0,0,0.0,1003.0
2025-07-01 12:58:12,0,0,1863,188.7,4,0.0,0,0.0,1003.0
2025-07-01 12:58:12,0,0,1863,188.7,4,0.0,0,0.0,1003.0
2025-07-01 12:58:12,0,1,1785,188.7,4,0.0,0,0.0,1007.1
2025-07-01 12:58:13,0,1,1785,188.7,4,0.0,0,0.0,1007.1
2025-07-01 12:58:13,0,1,1785,188.7,4,0.0,0,0.0,1007.1
2025-07-01 12:58:13,0,1,1785,188.7,4,0.0,0,0.0,1007.1
2025-07-01 12:58:13,0,1,1785,188.7,4,0.0,0,0.0,1007.1
2025-07-01 12:58:13,0,1,1785,188.7,4,0.0,0,0.0,1007.1
2025-07-01 12:58:13,0,1,1785,188.7,4,0.0,0,0.0,1007.1
2025-07-01 12:58:13,0,1,1785,188.7,4,0.0,0,0.0,1007.1
2025-07-01 12:58:13,0,1,1785,188.7,4,0.0,0,0.0,1007.1
2025-07-01 12:58:13,0,0,1727,188.7,4,0.0,0,0.0,1006.2
2025-07-01 12:58:14,0,0,1727,188.7,4,0.0,0,0.0,1006.2
2025-07-01 12:58:14,0,0,1727,188.7,4,0.0,0,0.0,1006.2
2025-07-01 12:58:14,0,0,1727,188.7,4,0.0,0,0.0,1006.2
2025-07-01 12:58:14,0,0,1727,188.7,4,0.0,0,0.0,1006.2
2025-07-01 12:58:14,0,0,1727,188.7,4,0.0,0,0.0,1006.2
2025-07-01 12:58:14,0,0,1727,188.7,4,0.0,0,0.0,1006.2
2025-07-01 12:58:14,0,0,1727,188.7,4,0.0,0,0.0,1006.2
2025-07-01 12:58:14,0,1,1783,188.7,4,0.0,0,0.0,1003.9
2025-07-01 12:58:15,0,1,1783,188.7,4,0.0,0,0.0,1003.9
2025-07-01 12:58:15,0,1,1783,188.7,4,0.0,0,0.0,1003.9
2025-07-01 12:58:15,0,1,1783,188.7,4,0.0,0,0.0,1003.9
2025-07-01 12:58:15,0,1,1783,188.7,4,0.0,0,0.0,1003.9
2025-07-01 12:58:15,0,1,1783,188.7,4,0.0,0,0.0,1003.9
2025-07-01 12:58:15,0,1,1783,188.7,4,0.0,0,0.0,1003.9
2025-07-01 12:58:15,0,1,1783,188.7,4,0.0,0,0.0,1003.9
2025-07-01 12:58:16,0,0,1952,188.7,4,0.0,0,0.0,1002.5
2025-07-01 12:58:16,0,0,1952,188.7,4,0.0,0,0.0,1002.5
2025-07-01 12:58:16,0,0,1952,188.7,4,0.0,0,0.0,1002.5
2025-07-01 12:58:16,0,0,1952,188.7,4,0.0,0,0.0,1002.5
2025-07-01 12:58:16,0,0,1952,188.7,4,0.0,0,0.0,1002.5
2025-07-01 12:58:16,0,0,1952,188.7,4,0.0,0,0.0,1002.5
2025-07-01 12:58:16,0,0,1952,188.7,4,0.0,0,0.0,1002.5
2025-07-01 12:58:16,0,0,1952,188.7,4,0.0,0,0.0,1002.5
2025-07-01 12:58:16,0,0,1952,188.7,4,0.0,0,0.0,1002.5
2025-07-01 12:58:17,0,1,1779,188.1,0,0.0,0,0.0,1000.2
2025-07-01 12:58:17,0,1,1779,188.1,0,0.0,0,0.0,1000.2
2025-07-01 12:58:17,0,1,1779,188.1,0,0.0,0,0.0,1000.2
2025-07-01 12:58:17,0,1,1779,188.1,0,0.0,0,0.0,1000.2
2025-07-01 12:58:17,0,1,1779,188.1,0,0.0,0,0.0,1000.2
2025-07-01 12:58:17,0,1,1779,188.1,0,0.0,0,0.0,1000.2
2025-07-01 12:58:17,0,1,1779,188.1,0,0.0,0,0.0,1000.2
2025-07-01 12:58:17,0,1,1779,188.1,0,0.0,0,0.0,1000.2
2025-07-01 12:58:18,0,1,1779,188.1,0,0.0,0,0.0,1000.2
2025-07-01 12:58:18,0,0,1862,188.1,79,0.0,0,0.0,1001.1
2025-07-01 12:58:18,0,0,1862,188.1,79,0.0,0,0.0,1001.1
2025-07-01 12:58:19,0,0,1862,188.1,79,0.0,0,0.0,1001.1
2025-07-01 12:58:19,0,1,1785,188.1,79,0.0,0,0.0,1005.3
2025-07-01 12:58:19,0,1,1785,188.1,79,0.0,0,0.0,1005.3
2025-07-01 12:58:19,0,1,1785,188.1,79,0.0,0,0.0,1005.3
2025-07-01 12:58:19,0,1,1785,188.1,79,0.0,0,0.0,1005.3
2025-07-01 12:58:19,0,1,1785,188.1,79,0.0,0,0.0,1005.3
2025-07-01 12:58:19,0,1,1785,188.1,79,0.0,0,0.0,1005.3
2025-07-01 12:58:19,0,1,1785,188.1,79,0.0,0,0.0,1005.3
2025-07-01 12:58:20,0,1,1785,188.1,79,0.0,0,0.0,1005.3
2025-07-01 12:58:20,0,0,1965,158.3,79,0.0,0,0.0,1001.8
2025-07-01 12:58:20,0,0,1965,158.3,79,0.0,0,0.0,1001.8
2025-07-01 12:58:20,0,0,1965,158.3,79,0.0,0,0.0,1001.8
2025-07-01 12:58:20,0,0,1965,158.3,79,0.0,0,0.0,1001.8
2025-07-01 12:58:20,0,0,1965,158.3,79,0.0,0,0.0,1001.8
2025-07-01 12:58:20,0,0,1965,158.3,79,0.0,0,0.0,1001.8
2025-07-01 12:58:20,0,0,1965,158.3,79,0.0,0,0.0,1001.8
2025-07-01 12:58:21,0,0,1965,158.3,79,0.0,0,0.0,1001.8
2025-07-01 12:58:21,0,0,1965,158.3,79,0.0,0,0.0,1001.8
2025-07-01 12:58:21,0,0,1971,188.7,79,0.0,0,0.0,1004.7
2025-07-01 12:58:21,0,0,1971,188.7,79,0.0,0,0.0,1004.7
2025-07-01 12:58:21,0,0,1971,188.7,79,0.0,0,0.0,1004.7
2025-07-01 12:58:21,0,0,1971,188.7,79,0.0,0,0.0,1004.7
2025-07-01 12:58:21,0,0,1971,188.7,79,0.0,0,0.0,1004.7
2025-07-01 12:58:21,0,0,1971,188.7,79,0.0,0,0.0,1004.7
2025-07-01 12:58:21,0,0,1971,188.7,79,0.0,0,0.0,1004.7
2025-07-01 12:58:22,0,0,1971,188.7,79,0.0,0,0.0,1004.7
2025-07-01 12:58:22,0,0,1971,188.7,79,0.0,0,0.0,1004.7
2025-07-01 12:58:22,0,0,1961,188.7,12,0.0,0,0.0,1002.2
2025-07-01 12:58:22,0,0,1961,188.7,12,0.0,0,0.0,1002.2
2025-07-01 12:58:22,0,0,1961,188.7,12,0.0,0,0.0,1002.2
2025-07-01 12:58:22,0,0,1961,188.7,12,0.0,0,0.0,1002.2
2025-07-01 12:58:22,0,0,1961,188.7,12,0.0,0,0.0,1002.2
2025-07-01 12:58:22,0,0,1961,188.7,12,0.0,0,0.0,1002.2
2025-07-01 12:58:23,0,0,1961,188.7,12,0.0,0,0.0,1002.2
2025-07-01 12:58:23,0,0,1961,188.7,12,0.0,0,0.0,1002.2
2025-07-01 12:58:23,0,0,1961,188.7,12,0.0,0,0.0,1002.2
2025-07-01 12:58:23,0,1,1785,188.7,12,0.0,0,0.0,1004.5
2025-07-01 12:58:23,0,1,1785,188.7,12,0.0,0,0.0,1004.5
2025-07-01 12:58:23,0,1,1785,188.7,12,0.0,0,0.0,1004.5
2025-07-01 12:58:23,0,1,1785,188.7,12,0.0,0,0.0,1004.5
2025-07-01 12:58:23,0,1,1785,188.7,12,0.0,0,0.0,1004.5
2025-07-01 12:58:24,0,1,1785,188.7,12,0.0,0,0.0,1004.5
2025-07-01 12:58:24,0,1,1785,188.7,12,0.0,0,0.0,1004.5
2025-07-01 12:58:24,0,1,1785,188.7,12,0.0,0,0.0,1004.5
2025-07-01 12:58:24,0,1,1785,188.7,12,0.0,0,0.0,1004.5
2025-07-01 12:58:24,0,0,1965,115.6,12,0.0,0,0.0,1002.5
2025-07-01 12:58:24,0,0,1965,115.6,12,0.0,0,0.0,1002.5
2025-07-01 12:58:24,0,0,1965,115.6,12,0.0,0,0.0,1002.5
2025-07-01 12:58:24,0,0,1965,115.6,12,0.0,0,0.0,1002.5
2025-07-01 12:58:24,0,0,1965,115.6,12,0.0,0,0.0,1002.5
2025-07-01 12:58:25,0,0,1965,115.6,12,0.0,0,0.0,1002.5
2025-07-01 12:58:25,0,0,1965,115.6,12,0.0,0,0.0,1002.5
2025-07-01 12:58:25,0,0,1965,115.6,12,0.0,0,0.0,1002.5
2025-07-01 12:58:25,0,0,1965,115.6,12,0.0,0,0.0,1002.5
2025-07-01 12:58:25,0,1,1829,115.6,12,0.0,0,0.0,1006.2
2025-07-01 12:58:25,0,1,1829,115.6,12,0.0,0,0.0,1006.2
2025-07-01 12:58:25,0,1,1829,115.6,12,0.0,0,0.0,1006.2
2025-07-01 12:58:25,0,1,1829,115.6,12,0.0,0,0.0,1006.2
2025-07-01 12:58:26,0,1,1829,115.6,12,0.0,0,0.0,1006.2
2025-07-01 12:58:26,0,1,1829,115.6,12,0.0,0,0.0,1006.2
2025-07-01 12:58:26,0,1,1829,115.6,12,0.0,0,0.0,1006.2
2025-07-01 12:58:26,0,1,1829,115.6,12,0.0,0,0.0,1006.2
2025-07-01 12:58:26,0,0,1425,142.9,13,0.0,0,0.0,1003.6
2025-07-01 12:58:26,0,0,1425,142.9,13,0.0,0,0.0,1003.6
2025-07-01 12:58:26,0,0,1425,142.9,13,0.0,0,0.0,1003.6
2025-07-01 12:58:26,0,0,1425,142.9,13,0.0,0,0.0,1003.6
2025-07-01 12:58:27,0,0,1425,142.9,13,0.0,0,0.0,1003.6
2025-07-01 12:58:27,0,0,1425,142.9,13,0.0,0,0.0,1003.6
2025-07-01 12:58:27,0,0,1425,142.9,13,0.0,0,0.0,1003.6
2025-07-01 12:58:27,0,0,1425,142.9,13,0.0,0,0.0,1003.6
2025-07-01 12:58:27,0,0,1425,142.9,13,0.0,0,0.0,1003.6
2025-07-01 12:58:27,0,0,1324,142.9,81,0.0,0,0.0,1001.6
2025-07-01 12:58:27,0,0,1324,142.9,81,0.0,0,0.0,1001.6
2025-07-01 12:58:27,0,0,1324,142.9,81,0.0,0,0.0,1001.6
2025-07-01 12:58:28,0,0,1324,142.9,81,0.0,0,0.0,1001.6
2025-07-01 12:58:28,0,0,1324,142.9,81,0.0,0,0.0,1001.6
2025-07-01 12:58:28,0,0,1324,142.9,81,0.0,0,0.0,1001.6
2025-07-01 12:58:28,0,0,1324,142.9,81,0.0,0,0.0,1001.6
2025-07-01 12:58:28,0,0,1324,142.9,81,0.0,0,0.0,1001.6
2025-07-01 12:58:28,0,0,1324,142.9,81,0.0,0,0.0,1001.6
2025-07-01 12:58:28,0,1,1808,142.9,71,0.0,0,0.0,1006.4
2025-07-01 12:58:28,0,1,1808,142.9,71,0.0,0,0.0,1006.4
2025-07-01 12:58:28,0,1,1808,142.9,71,0.0,0,0.0,1006.4
2025-07-01 12:58:29,0,1,1808,142.9,71,0.0,0,0.0,1006.4
2025-07-01 12:58:29,0,1,1808,142.9,71,0.0,0,0.0,1006.4
2025-07-01 12:58:29,0,1,1808,142.9,71,0.0,0,0.0,1006.4
2025-07-01 12:58:29,0,1,1808,142.9,71,0.0,0,0.0,1006.4
2025-07-01 12:58:29,0,1,1808,142.9,71,0.0,0,0.0,1006.4
2025-07-01 12:58:29,0,1,1808,142.9,71,0.0,0,0.0,1006.4
2025-07-01 12:58:29,0,0,1635,136.1,83,0.0,0,0.0,1005.9
2025-07-01 12:58:29,0,0,1635,136.1,83,0.0,0,0.0,1005.9
2025-07-01 12:58:29,0,0,1635,136.1,83,0.0,0,0.0,1005.9
2025-07-01 12:58:30,0,0,1635,136.1,83,0.0,0,0.0,1005.9
2025-07-01 12:58:30,0,0,1635,136.1,83,0.0,0,0.0,1005.9
2025-07-01 12:58:30,0,0,1635,136.1,83,0.0,0,0.0,1005.9
2025-07-01 12:58:30,0,0,1635,136.1,83,0.0,0,0.0,1005.9
2025-07-01 12:58:30,0,0,1635,136.1,83,0.0,0,0.0,1005.9
2025-07-01 12:58:30,0,0,1635,136.1,83,0.0,0,0.0,1005.9
2025-07-01 12:58:30,0,0,1627,136.1,79,0.0,0,0.0,1004.4
2025-07-01 12:58:30,0,0,1627,136.1,79,0.0,0,0.0,1004.4
2025-07-01 12:58:31,0,0,1627,136.1,79,0.0,0,0.0,1004.4
2025-07-01 12:58:31,0,0,1627,136.1,79,0.0,0,0.0,1004.4
2025-07-01 12:58:31,0,0,1627,136.1,79,0.0,0,0.0,1004.4
2025-07-01 12:58:31,0,0,1627,136.1,79,0.0,0,0.0,1004.4
2025-07-01 12:58:31,0,0,1627,136.1,79,0.0,0,0.0,1004.4
2025-07-01 12:58:31,0,0,1627,136.1,79,0.0,0,0.0,1004.4
2025-07-01 12:58:31,0,0,1627,136.1,79,0.0,0,0.0,1004.4
2025-07-01 12:58:31,0,0,1910,136.1,83,0.0,0,0.0,1002.4
2025-07-01 12:58:31,0,0,1910,136.1,83,0.0,0,0.0,1002.4
2025-07-01 12:58:32,0,0,1910,136.1,83,0.0,0,0.0,1002.4
2025-07-01 12:58:32,0,0,1910,136.1,83,0.0,0,0.0,1002.4
2025-07-01 12:58:32,0,0,1910,136.1,83,0.0,0,0.0,1002.4
2025-07-01 12:58:32,0,0,1910,136.1,83,0.0,0,0.0,1002.4
2025-07-01 12:58:32,0,0,1910,136.1,83,0.0,0,0.0,1002.4
2025-07-01 12:58:32,0,0,1910,136.1,83,0.0,0,0.0,1002.4
2025-07-01 12:58:32,0,0,1584,159.6,83,0.0,0,0.0,1001.8
2025-07-01 12:58:33,0,0,1584,159.6,83,0.0,0,0.0,1001.8
2025-07-01 12:58:33,0,0,1584,159.6,83,0.0,0,0.0,1001.8
2025-07-01 12:58:33,0,0,1584,159.6,83,0.0,0,0.0,1001.8
2025-07-01 12:58:33,0,0,1584,159.6,83,0.0,0,0.0,1001.8
2025-07-01 12:58:33,0,0,1584,159.6,83,0.0,0,0.0,1001.8
2025-07-01 12:58:33,0,0,1584,159.6,83,0.0,0,0.0,1001.8
2025-07-01 12:58:33,0,0,1584,159.6,83,0.0,0,0.0,1001.8
2025-07-01 12:58:33,0,1,1814,159.6,83,0.0,0,0.0,1002.3
2025-07-01 12:58:34,0,1,1814,159.6,83,0.0,0,0.0,1002.3
2025-07-01 12:58:34,0,1,1814,159.6,83,0.0,0,0.0,1002.3
2025-07-01 12:58:34,0,1,1814,159.6,83,0.0,0,0.0,1002.3
2025-07-01 12:58:34,0,1,1814,159.6,83,0.0,0,0.0,1002.3
2025-07-01 12:58:34,0,1,1814,159.6,83,0.0,0,0.0,1002.3
2025-07-01 12:58:34,0,1,1814,159.6,83,0.0,0,0.0,1002.3
2025-07-01 12:58:34,0,1,1814,159.6,83,0.0,0,0.0,1002.3
2025-07-01 12:58:34,0,1,1814,159.6,83,0.0,0,0.0,1002.3
2025-07-01 12:58:35,0,1,1791,159.6,83,0.0,0,0.0,999.9
2025-07-01 12:58:35,0,1,1791,159.6,83,0.0,0,0.0,999.9
2025-07-01 12:58:35,0,1,1791,159.6,83,0.0,0,0.0,999.9
2025-07-01 12:58:35,0,1,1791,159.6,83,0.0,0,0.0,999.9
2025-07-01 12:58:35,0,1,1791,159.6,83,0.0,0,0.0,999.9
2025-07-01 12:58:35,0,1,1791,159.6,83,0.0,0,0.0,999.9
2025-07-01 12:58:35,0,1,1791,159.6,83,0.0,0,0.0,999.9
2025-07-01 12:58:35,0,1,1791,159.6,83,0.0,0,0.0,999.9
2025-07-01 12:58:35,0,1,1791,159.6,83,0.0,0,0.0,999.9
2025-07-01 12:58:36,0,1,1785,159.6,83,0.0,0,0.0,1000.9
2025-07-01 12:58:36,0,1,1785,159.6,83,0.0,0,0.0,1000.9
2025-07-01 12:58:36,0,1,1785,159.6,83,0.0,0,0.0,1000.9
2025-07-01 12:58:36,0,1,1785,159.6,83,0.0,0,0.0,1000.9
2025-07-01 12:58:36,0,1,1785,159.6,83,0.0,0,0.0,1000.9
2025-07-01 12:58:36,0,1,1785,159.6,83,0.0,0,0.0,1000.9
2025-07-01 12:58:36,0,1,1785,159.6,83,0.0,0,0.0,1000.9
2025-07-01 12:58:37,0,1,1785,159.6,83,0.0,0,0.0,1000.9
2025-07-01 12:58:37,0,1,1783,188.1,83,0.0,0,0.0,1002.4
2025-07-01 12:58:37,0,1,1783,188.1,83,0.0,0,0.0,1002.4
2025-07-01 12:58:37,0,1,1783,188.1,83,0.0,0,0.0,1002.4
2025-07-01 12:58:37,0,1,1783,188.1,83,0.0,0,0.0,1002.4
2025-07-01 12:58:37,0,1,1783,188.1,83,0.0,0,0.0,1002.4
2025-07-01 12:58:37,0,1,1783,188.1,83,0.0,0,0.0,1002.4
2025-07-01 12:58:38,0,1,1783,188.1,83,0.0,0,0.0,1002.4
2025-07-01 12:58:38,0,0,1980,188.1,83,0.0,0,0.0,1002.5
2025-07-01 12:58:38,0,0,1980,188.1,83,0.0,0,0.0,1002.5
2025-07-01 12:58:38,0,0,1980,188.1,83,0.0,0,0.0,1002.5
2025-07-01 12:58:38,0,0,1980,188.1,83,0.0,0,0.0,1002.5
2025-07-01 12:58:38,0,0,1980,188.1,83,0.0,0,0.0,1002.5
2025-07-01 12:58:38,0,0,1980,188.1,83,0.0,0,0.0,1002.5
2025-07-01 12:58:38,0,0,1980,188.1,83,0.0,0,0.0,1002.5
2025-07-01 12:58:39,0,0,1980,188.1,83,0.0,0,0.0,1002.5
2025-07-01 12:58:39,0,0,1980,188.1,83,0.0,0,0.0,1002.5
2025-07-01 12:58:39,0,0,1700,188.1,83,0.0,0,0.0,1003.2
2025-07-01 12:58:39,0,0,1700,188.1,83,0.0,0,0.0,1003.2
2025-07-01 12:58:39,0,0,1700,188.1,83,0.0,0,0.0,1003.2
2025-07-01 12:58:39,0,0,1700,188.1,83,0.0,0,0.0,1003.2
2025-07-01 12:58:39,0,0,1700,188.1,83,0.0,0,0.0,1003.2
2025-07-01 12:58:39,0,0,1700,188.1,83,0.0,0,0.0,1003.2
2025-07-01 12:58:39,0,0,1700,188.1,83,0.0,0,0.0,1003.2
2025-07-01 12:58:40,0,0,1700,188.1,83,0.0,0,0.0,1003.2
2025-07-01 12:58:40,0,0,1700,188.1,83,0.0,0,0.0,1003.2
2025-07-01 12:58:40,0,0,1830,188.1,83,0.0,0,0.0,1002.8
2025-07-01 12:58:40,0,0,1830,188.1,83,0.0,0,0.0,1002.8
2025-07-01 12:58:40,0,0,1830,188.1,83,0.0,0,0.0,1002.8
2025-07-01 12:58:40,0,0,1830,188.1,83,0.0,0,0.0,1002.8
2025-07-01 12:58:40,0,0,1830,188.1,83,0.0,0,0.0,1002.8
2025-07-01 12:58:40,0,0,1830,188.1,83,0.0,0,0.0,1002.8
2025-07-01 12:58:41,0,0,1830,188.1,83,0.0,0,0.0,1002.8
2025-07-01 12:58:41,0,0,1830,188.1,83,0.0,0,0.0,1002.8
2025-07-01 12:58:41,0,0,1830,188.1,83,0.0,0,0.0,1002.8
2025-07-01 12:58:41,0,1,1776,131.0,83,0.0,0,0.0,1004.6
2025-07-01 12:58:41,0,1,1776,131.0,83,0.0,0,0.0,1004.6
2025-07-01 12:58:41,0,1,1776,131.0,83,0.0,0,0.0,1004.6
2025-07-01 12:58:41,0,1,1776,131.0,83,0.0,0,0.0,1004.6
2025-07-01 12:58:41,0,1,1776,131.0,83,0.0,0,0.0,1004.6
2025-07-01 12:58:42,0,1,1776,131.0,83,0.0,0,0.0,1004.6
2025-07-01 12:58:42,0,1,1776,131.0,83,0.0,0,0.0,1004.6
2025-07-01 12:58:42,0,1,1776,131.0,83,0.0,0,0.0,1004.6
2025-07-01 12:58:42,0,1,1776,131.0,83,0.0,0,0.0,1004.6
2025-07-01 12:58:42,0,0,1972,167.1,83,0.0,0,0.0,1001.8
2025-07-01 12:58:42,0,0,1972,167.1,83,0.0,0,0.0,1001.8
2025-07-01 12:58:42,0,0,1972,167.1,83,0.0,0,0.0,1001.8
2025-07-01 12:58:42,0,0,1972,167.1,83,0.0,0,0.0,1001.8
2025-07-01 12:58:42,0,0,1972,167.1,83,0.0,0,0.0,1001.8
2025-07-01 12:58:43,0,0,1972,167.1,83,0.0,0,0.0,1001.8
2025-07-01 12:58:43,0,0,1972,167.1,83,0.0,0,0.0,1001.8
2025-07-01 12:58:43,0,0,1972,167.1,83,0.0,0,0.0,1001.8
2025-07-01 12:58:43,0,0,1972,167.1,83,0.0,0,0.0,1001.8
2025-07-01 12:58:43,0,1,1785,199.3,83,0.0,0,0.0,1007.8
2025-07-01 12:58:43,0,1,1785,199.3,83,0.0,0,0.0,1007.8
2025-07-01 12:58:44,0,1,1785,199.3,83,0.0,0,0.0,1007.8
2025-07-01 12:58:44,0,1,1785,199.3,83,0.0,0,0.0,1007.8
2025-07-01 12:58:44,0,1,1785,199.3,83,0.0,0,0.0,1007.8
2025-07-01 12:58:44,0,1,1785,199.3,83,0.0,0,0.0,1007.8
2025-07-01 12:58:44,0,1,1785,199.3,83,0.0,0,0.0,1007.8
2025-07-01 12:58:44,0,0,1520,199.3,83,0.0,0,0.0,1005.5
2025-07-01 12:58:44,0,0,1520,199.3,83,0.0,0,0.0,1005.5
2025-07-01 12:58:44,0,0,1520,199.3,83,0.0,0,0.0,1005.5
2025-07-01 12:58:44,0,0,1520,199.3,83,0.0,0,0.0,1005.5
2025-07-01 12:58:45,0,0,1520,199.3,83,0.0,0,0.0,1005.5
2025-07-01 12:58:45,0,0,1520,199.3,83,0.0,0,0.0,1005.5
2025-07-01 12:58:45,0,0,1520,199.3,83,0.0,0,0.0,1005.5
2025-07-01 12:58:45,0,0,1520,199.3,83,0.0,0,0.0,1005.5
2025-07-01 12:58:45,0,0,1520,199.3,83,0.0,0,0.0,1005.5
2025-07-01 12:58:45,0,1,1798,143.5,83,0.0,0,0.0,999.4
2025-07-01 12:58:45,0,1,1798,143.5,83,0.0,0,0.0,999.4
2025-07-01 12:58:45,0,1,1798,143.5,83,0.0,0,0.0,999.4
2025-07-01 12:58:46,0,1,1798,143.5,83,0.0,0,0.0,999.4
2025-07-01 12:58:46,0,1,1798,143.5,83,0.0,0,0.0,999.4
2025-07-01 12:58:46,0,1,1798,143.5,83,0.0,0,0.0,999.4
2025-07-01 12:58:46,0,1,1798,143.5,83,0.0,0,0.0,999.4
2025-07-01 12:58:46,0,1,1798,143.5,83,0.0,0,0.0,999.4
2025-07-01 12:58:46,0,0,1965,143.5,83,0.0,0,0.0,999.1
2025-07-01 12:58:46,0,0,1965,143.5,83,0.0,0,0.0,999.1
2025-07-01 12:58:46,0,0,1965,143.5,83,0.0,0,0.0,999.1
2025-07-01 12:58:47,0,0,1965,143.5,83,0.0,0,0.0,999.1
2025-07-01 12:58:47,0,0,1965,143.5,83,0.0,0,0.0,999.1
2025-07-01 12:58:47,0,0,1965,143.5,83,0.0,0,0.0,999.1
2025-07-01 12:58:47,0,0,1965,143.5,83,0.0,0,0.0,999.1
2025-07-01 12:58:47,0,0,1965,143.5,83,0.0,0,0.0,999.1
2025-07-01 12:58:47,0,0,1965,143.5,83,0.0,0,0.0,999.1
2025-07-01 12:58:47,0,1,1786,143.5,83,0.0,0,0.0,1004.7
2025-07-01 12:58:47,0,1,1786,143.5,83,0.0,0,0.0,1004.7
2025-07-01 12:58:48,0,1,1786,143.5,83,0.0,0,0.0,1004.7
2025-07-01 12:58:48,0,1,1786,143.5,83,0.0,0,0.0,1004.7
2025-07-01 12:58:48,0,1,1786,143.5,83,0.0,0,0.0,1004.7
2025-07-01 12:58:48,0,1,1786,143.5,83,0.0,0,0.0,1004.7
2025-07-01 12:58:48,0,1,1786,143.5,83,0.0,0,0.0,1004.7
2025-07-01 12:58:48,0,1,1786,143.5,83,0.0,0,0.0,1004.7
2025-07-01 12:58:48,0,1,1786,143.5,83,0.0,0,0.0,1004.7
2025-07-01 12:58:48,0,0,1735,143.5,83,0.0,0,0.0,1002.9
2025-07-01 12:58:49,0,0,1735,143.5,83,0.0,0,0.0,1002.9
2025-07-01 12:58:49,0,0,1735,143.5,83,0.0,0,0.0,1002.9
2025-07-01 12:58:49,0,0,1735,143.5,83,0.0,0,0.0,1002.9
2025-07-01 12:58:49,0,0,1735,143.5,83,0.0,0,0.0,1002.9
2025-07-01 12:58:49,0,0,1735,143.5,83,0.0,0,0.0,1002.9
2025-07-01 12:58:49,0,0,1735,143.5,83,0.0,0,0.0,1002.9
2025-07-01 12:58:49,0,0,1735,143.5,83,0.0,0,0.0,1002.9
2025-07-01 12:58:49,0,0,1735,143.5,83,0.0,0,0.0,1002.9
2025-07-01 12:58:49,0,0,1352,143.5,83,0.0,0,0.0,1003.4
2025-07-01 12:58:50,0,0,1352,143.5,83,0.0,0,0.0,1003.4
2025-07-01 12:58:50,0,0,1352,143.5,83,0.0,0,0.0,1003.4
2025-07-01 12:58:50,0,0,1352,143.5,83,0.0,0,0.0,1003.4
2025-07-01 12:58:50,0,0,1352,143.5,83,0.0,0,0.0,1003.4
2025-07-01 12:58:50,0,0,1352,143.5,83,0.0,0,0.0,1003.4
2025-07-01 12:58:50,0,0,1352,143.5,83,0.0,0,0.0,1003.4
2025-07-01 12:58:50,0,0,1352,143.5,83,0.0,0,0.0,1003.4
2025-07-01 12:58:50,0,1,1793,143.5,83,0.0,0,0.0,1002.7
2025-07-01 12:58:51,0,1,1793,143.5,83,0.0,0,0.0,1002.7
2025-07-01 12:58:51,0,1,1793,143.5,83,0.0,0,0.0,1002.7
2025-07-01 12:58:51,0,1,1793,143.5,83,0.0,0,0.0,1002.7
2025-07-01 12:58:51,0,1,1793,143.5,83,0.0,0,0.0,1002.7
2025-07-01 12:58:51,0,1,1793,143.5,83,0.0,0,0.0,1002.7
2025-07-01 12:58:51,0,1,1793,143.5,83,0.0,0,0.0,1002.7
2025-07-01 12:58:51,0,1,1793,143.5,83,0.0,0,0.0,1002.7
2025-07-01 12:58:51,0,1,1793,143.5,83,0.0,0,0.0,1002.7
2025-07-01 12:58:52,0,0,1958,143.5,83,0.0,0,0.0,1005.4
2025-07-01 12:58:52,0,0,1958,143.5,83,0.0,0,0.0,1005.4
2025-07-01 12:58:52,0,0,1958,143.5,83,0.0,0,0.0,1005.4
2025-07-01 12:58:52,0,0,1958,143.5,83,0.0,0,0.0,1005.4
2025-07-01 12:58:52,0,0,1958,143.5,83,0.0,0,0.0,1005.4
2025-07-01 12:58:52,0,0,1958,143.5,83,0.0,0,0.0,1005.4
2025-07-01 12:58:52,0,0,1958,143.5,83,0.0,0,0.0,1005.4
2025-07-01 12:58:53,0,0,1513,159.2,83,0.0,0,0.0,1002.3
2025-07-01 12:58:53,0,0,1513,159.2,83,0.0,0,0.0,1002.3
2025-07-01 12:58:53,0,0,1513,159.2,83,0.0,0,0.0,1002.3
2025-07-01 12:58:53,0,0,1513,159.2,83,0.0,0,0.0,1002.3
2025-07-01 12:58:53,0,0,1513,159.2,83,0.0,0,0.0,1002.3
2025-07-01 12:58:53,0,0,1513,159.2,83,0.0,0,0.0,1002.3
2025-07-01 12:58:53,0,0,1513,159.2,83,0.0,0,0.0,1002.3
2025-07-01 12:58:53,0,0,1513,159.2,83,0.0,0,0.0,1002.3
2025-07-01 12:58:54,0,1,1795,159.2,83,0.0,0,0.0,1005.0
2025-07-01 12:58:54,0,1,1795,159.2,83,0.0,0,0.0,1005.0
2025-07-01 12:58:54,0,1,1795,159.2,83,0.0,0,0.0,1005.0
2025-07-01 12:58:54,0,1,1795,159.2,83,0.0,0,0.0,1005.0
2025-07-01 12:58:54,0,1,1795,159.2,83,0.0,0,0.0,1005.0
2025-07-01 12:58:54,0,1,1795,159.2,83,0.0,0,0.0,1005.0
2025-07-01 12:58:54,0,1,1795,159.2,83,0.0,0,0.0,1005.0
2025-07-01 12:58:54,0,1,1795,159.2,83,0.0,0,0.0,1005.0
2025-07-01 12:58:55,0,1,1795,159.2,83,0.0,0,0.0,1005.0
2025-07-01 12:58:55,0,1,1791,159.2,83,0.0,0,0.0,1005.9
2025-07-01 12:58:55,0,1,1791,159.2,83,0.0,0,0.0,1005.9
2025-07-01 12:58:55,0,1,1791,159.2,83,0.0,0,0.0,1005.9
2025-07-01 12:58:55,0,1,1791,159.2,83,0.0,0,0.0,1005.9
2025-07-01 12:58:55,0,1,1791,159.2,83,0.0,0,0.0,1005.9
2025-07-01 12:58:55,0,1,1791,159.2,83,0.0,0,0.0,1005.9
2025-07-01 12:58:55,0,1,1791,159.2,83,0.0,0,0.0,1005.9
2025-07-01 12:58:55,0,1,1791,159.2,83,0.0,0,0.0,1005.9
2025-07-01 12:58:56,0,0,1870,159.2,83,0.0,0,0.0,1003.7
2025-07-01 12:58:56,0,0,1870,159.2,83,0.0,0,0.0,1003.7
2025-07-01 12:58:56,0,0,1870,159.2,83,0.0,0,0.0,1003.7
2025-07-01 12:58:56,0,0,1870,159.2,83,0.0,0,0.0,1003.7
2025-07-01 12:58:56,0,0,1870,159.2,83,0.0,0,0.0,1003.7
2025-07-01 12:58:56,0,0,1870,159.2,83,0.0,0,0.0,1003.7
2025-07-01 12:58:57,0,0,1870,159.2,83,0.0,0,0.0,1003.7
2025-07-01 12:58:57,0,0,1870,159.2,83,0.0,0,0.0,1003.7
2025-07-01 12:58:57,0,0,1891,159.2,83,0.0,0,0.0,1005.2
2025-07-01 12:58:57,0,0,1891,159.2,83,0.0,0,0.0,1005.2
2025-07-01 12:58:57,0,0,1891,159.2,83,0.0,0,0.0,1005.2
2025-07-01 12:58:57,0,0,1891,159.2,83,0.0,0,0.0,1005.2
2025-07-01 12:58:57,0,0,1891,159.2,83,0.0,0,0.0,1005.2
2025-07-01 12:58:57,0,0,1891,159.2,83,0.0,0,0.0,1005.2
2025-07-01 12:58:58,0,0,1891,159.2,83,0.0,0,0.0,1005.2
2025-07-01 12:58:58,0,0,1891,159.2,83,0.0,0,0.0,1005.2
2025-07-01 12:58:58,0,0,1439,159.2,83,0.0,0,0.0,999.2
2025-07-01 12:58:58,0,0,1439,159.2,83,0.0,0,0.0,999.2
2025-07-01 12:58:58,0,0,1439,159.2,83,0.0,0,0.0,999.2
2025-07-01 12:58:58,0,0,1439,159.2,83,0.0,0,0.0,999.2
2025-07-01 12:58:58,0,0,1439,159.2,83,0.0,0,0.0,999.2
2025-07-01 12:58:58,0,0,1439,159.2,83,0.0,0,0.0,999.2
2025-07-01 12:58:59,0,0,1439,159.2,83,0.0,0,0.0,999.2
2025-07-01 12:58:59,0,0,1439,159.2,83,0.0,0,0.0,999.2
2025-07-01 12:58:59,0,0,1439,159.2,83,0.0,0,0.0,999.2
2025-07-01 12:58:59,0,0,1745,166.7,83,0.0,0,0.0,1000.6
2025-07-01 12:58:59,0,0,1745,166.7,83,0.0,0,0.0,1000.6
2025-07-01 12:58:59,0,0,1745,166.7,83,0.0,0,0.0,1000.6
2025-07-01 12:58:59,0,0,1745,166.7,83,0.0,0,0.0,1000.6
2025-07-01 12:58:59,0,0,1745,166.7,83,0.0,0,0.0,1000.6
2025-07-01 12:59:00,0,0,1745,166.7,83,0.0,0,0.0,1000.6
2025-07-01 12:59:00,0,0,1745,166.7,83,0.0,0,0.0,1000.6
2025-07-01 12:59:00,0,0,1745,166.7,83,0.0,0,0.0,1000.6
2025-07-01 12:59:00,0,0,1854,166.7,83,0.0,0,0.0,1000.4
2025-07-01 12:59:00,0,0,1854,166.7,83,0.0,0,0.0,1000.4
2025-07-01 12:59:00,0,0,1854,166.7,83,0.0,0,0.0,1000.4
2025-07-01 12:59:00,0,0,1854,166.7,83,0.0,0,0.0,1000.4
2025-07-01 12:59:00,0,0,1854,166.7,83,0.0,0,0.0,1000.4
2025-07-01 12:59:00,0,0,1854,166.7,83,0.0,0,0.0,1000.4
2025-07-01 12:59:01,0,0,1854,166.7,83,0.0,0,0.0,1000.4
2025-07-01 12:59:01,0,0,1854,166.7,83,0.0,0,0.0,1000.4
2025-07-01 12:59:01,0,0,1854,166.7,83,0.0,0,0.0,1000.4
2025-07-01 12:59:01,0,0,1854,166.7,83,0.0,0,0.0,1000.4
2025-07-01 12:59:01,0,0,1854,166.7,83,0.0,0,0.0,1000.4
2025-07-01 12:59:01,0,0,1854,166.7,83,0.0,0,0.0,1000.4
2025-07-01 12:59:01,0,0,1854,166.7,83,0.0,0,0.0,1000.4
2025-07-01 12:59:01,0,0,1854,166.7,83,0.0,0,0.0,1000.4
2025-07-01 12:59:02,0,0,1854,166.7,83,0.0,0,0.0,1000.4
2025-07-01 12:59:02,0,0,1854,166.7,83,0.0,0,0.0,1000.4
2025-07-01 12:59:02,0,0,1854,166.7,83,0.0,0,0.0,1000.4
2025-07-01 12:59:02,0,0,1854,166.7,83,0.0,0,0.0,1000.4
2025-07-01 12:59:02,0,0,1856,137.0,83,0.0,0,0.0,1000.5
2025-07-01 12:59:02,0,0,1856,137.0,83,0.0,0,0.0,1000.5
2025-07-01 12:59:02,0,0,1856,137.0,83,0.0,0,0.0,1000.5
2025-07-01 12:59:02,0,0,1856,137.0,83,0.0,0,0.0,1000.5
2025-07-01 12:59:02,0,0,1856,137.0,83,0.0,0,0.0,1000.5
2025-07-01 12:59:03,0,0,1856,137.0,83,0.0,0,0.0,1000.5
2025-07-01 12:59:03,0,0,1856,137.0,83,0.0,0,0.0,1000.5
2025-07-01 12:59:03,0,0,1856,137.0,83,0.0,0,0.0,1000.5
2025-07-01 12:59:03,0,0,1856,137.0,83,0.0,0,0.0,1000.5
2025-07-01 12:59:03,0,0,1935,137.0,83,0.0,0,0.0,1000.8
2025-07-01 12:59:03,0,0,1935,137.0,83,0.0,0,0.0,1000.8
2025-07-01 12:59:03,0,0,1935,137.0,83,0.0,0,0.0,1000.8
2025-07-01 12:59:03,0,0,1935,137.0,83,0.0,0,0.0,1000.8
2025-07-01 12:59:04,0,0,1935,137.0,83,0.0,0,0.0,1000.8
2025-07-01 12:59:04,0,0,1935,137.0,83,0.0,0,0.0,1000.8
2025-07-01 12:59:04,0,0,1935,137.0,83,0.0,0,0.0,1000.8
2025-07-01 12:59:04,0,0,1935,137.0,83,0.0,0,0.0,1000.8
2025-07-01 12:59:04,0,0,1935,137.0,83,0.0,0,0.0,1000.8
2025-07-01 12:59:04,0,0,1964,137.0,83,0.0,0,0.0,1004.3
2025-07-01 12:59:04,0,0,1964,137.0,83,0.0,0,0.0,1004.3
2025-07-01 12:59:04,0,0,1964,137.0,83,0.0,0,0.0,1004.3
2025-07-01 12:59:05,0,0,1964,137.0,83,0.0,0,0.0,1004.3
2025-07-01 12:59:05,0,0,1964,137.0,83,0.0,0,0.0,1004.3
2025-07-01 12:59:05,0,0,1964,137.0,83,0.0,0,0.0,1004.3
2025-07-01 12:59:05,0,0,1964,137.0,83,0.0,0,0.0,1004.3
2025-07-01 12:59:05,0,0,1964,137.0,83,0.0,0,0.0,1004.3
2025-07-01 12:59:05,0,0,1964,137.0,83,0.0,0,0.0,1004.3
2025-07-01 12:59:05,0,0,1967,137.0,83,0.0,0,0.0,1004.7
2025-07-01 12:59:05,0,0,1967,137.0,83,0.0,0,0.0,1004.7
2025-07-01 12:59:06,0,0,1967,137.0,83,0.0,0,0.0,1004.7
2025-07-01 12:59:06,0,0,1967,137.0,83,0.0,0,0.0,1004.7
2025-07-01 12:59:06,0,0,1967,137.0,83,0.0,0,0.0,1004.7
2025-07-01 12:59:06,0,0,1967,137.0,83,0.0,0,0.0,1004.7
2025-07-01 12:59:06,0,0,1967,137.0,83,0.0,0,0.0,1004.7
2025-07-01 12:59:06,0,0,1967,137.0,83,0.0,0,0.0,1004.7
2025-07-01 12:59:06,0,0,1971,137.0,83,0.0,0,0.0,1002.5
2025-07-01 12:59:06,0,0,1971,137.0,83,0.0,0,0.0,1002.5
2025-07-01 12:59:06,0,0,1971,137.0,83,0.0,0,0.0,1002.5
2025-07-01 12:59:07,0,0,1971,137.0,83,0.0,0,0.0,1002.5
2025-07-01 12:59:07,0,0,1971,137.0,83,0.0,0,0.0,1002.5
2025-07-01 12:59:07,0,0,1971,137.0,83,0.0,0,0.0,1002.5
2025-07-01 12:59:07,0,0,1971,137.0,83,0.0,0,0.0,1002.5
2025-07-01 12:59:07,0,0,1971,137.0,83,0.0,0,0.0,1002.5
2025-07-01 12:59:07,0,0,1971,137.0,83,0.0,0,0.0,1002.5
2025-07-01 12:59:07,0,0,1827,137.0,83,0.0,0,0.0,1002.9
2025-07-01 12:59:07,0,0,1827,137.0,83,0.0,0,0.0,1002.9
2025-07-01 12:59:08,0,0,1827,137.0,83,0.0,0,0.0,1002.9
2025-07-01 12:59:08,0,0,1827,137.0,83,0.0,0,0.0,1002.9
2025-07-01 12:59:08,0,0,1827,137.0,83,0.0,0,0.0,1002.9
2025-07-01 12:59:08,0,0,1827,137.0,83,0.0,0,0.0,1002.9
2025-07-01 12:59:08,0,0,1827,137.0,83,0.0,0,0.0,1002.9
2025-07-01 12:59:08,0,0,1827,137.0,83,0.0,0,0.0,1002.9
2025-07-01 12:59:08,0,0,1956,137.0,83,0.0,0,0.0,1006.0
2025-07-01 12:59:08,0,0,1956,137.0,83,0.0,0,0.0,1006.0
2025-07-01 12:59:09,0,0,1956,137.0,83,0.0,0,0.0,1006.0
2025-07-01 12:59:09,0,0,1956,137.0,83,0.0,0,0.0,1006.0
2025-07-01 12:59:09,0,0,1956,137.0,83,0.0,0,0.0,1006.0
2025-07-01 12:59:09,0,0,1956,137.0,83,0.0,0,0.0,1006.0
2025-07-01 12:59:09,0,0,1956,137.0,83,0.0,0,0.0,1006.0
2025-07-01 12:59:09,0,0,1956,137.0,83,0.0,0,0.0,1006.0
2025-07-01 12:59:09,0,1,1789,186.9,83,0.0,0,0.0,1003.3
2025-07-01 12:59:10,0,1,1789,186.9,83,0.0,0,0.0,1003.3
2025-07-01 12:59:10,0,1,1789,186.9,83,0.0,0,0.0,1003.3
2025-07-01 12:59:10,0,1,1789,186.9,83,0.0,0,0.0,1003.3
2025-07-01 12:59:10,0,1,1789,186.9,83,0.0,0,0.0,1003.3
2025-07-01 12:59:10,0,1,1789,186.9,83,0.0,0,0.0,1003.3
2025-07-01 12:59:10,0,1,1789,186.9,83,0.0,0,0.0,1003.3
2025-07-01 12:59:10,0,1,1789,186.9,83,0.0,0,0.0,1003.3
2025-07-01 12:59:10,0,1,1789,186.9,83,0.0,0,0.0,1003.3
2025-07-01 12:59:10,0,0,1573,186.9,83,0.0,0,0.0,1003.8
2025-07-01 12:59:11,0,0,1573,186.9,83,0.0,0,0.0,1003.8
2025-07-01 12:59:11,0,0,1573,186.9,83,0.0,0,0.0,1003.8
2025-07-01 12:59:11,0,0,1573,186.9,83,0.0,0,0.0,1003.8
2025-07-01 12:59:11,0,0,1573,186.9,83,0.0,0,0.0,1003.8
2025-07-01 12:59:11,0,0,1573,186.9,83,0.0,0,0.0,1003.8
2025-07-01 12:59:11,0,0,1573,186.9,83,0.0,0,0.0,1003.8
2025-07-01 12:59:11,0,0,1573,186.9,83,0.0,0,0.0,1003.8
2025-07-01 12:59:11,0,0,1573,186.9,83,0.0,0,0.0,1003.8
2025-07-01 12:59:12,0,0,1718,186.9,83,0.0,0,0.0,1002.4
2025-07-01 12:59:12,0,0,1718,186.9,83,0.0,0,0.0,1002.4
2025-07-01 12:59:12,0,0,1718,186.9,83,0.0,0,0.0,1002.4
2025-07-01 12:59:12,0,0,1718,186.9,83,0.0,0,0.0,1002.4
2025-07-01 12:59:12,0,0,1718,186.9,83,0.0,0,0.0,1002.4
2025-07-01 12:59:12,0,0,1718,186.9,83,0.0,0,0.0,1002.4
2025-07-01 12:59:12,0,0,1718,186.9,83,0.0,0,0.0,1002.4
2025-07-01 12:59:12,0,0,1718,186.9,83,0.0,0,0.0,1002.4
2025-07-01 12:59:13,0,1,1787,186.9,83,0.0,0,0.0,1002.7
2025-07-01 12:59:13,0,1,1787,186.9,83,0.0,0,0.0,1002.7
2025-07-01 12:59:13,0,1,1787,186.9,83,0.0,0,0.0,1002.7
2025-07-01 12:59:13,0,1,1787,186.9,83,0.0,0,0.0,1002.7
2025-07-01 12:59:13,0,1,1787,186.9,83,0.0,0,0.0,1002.7
2025-07-01 12:59:13,0,1,1787,186.9,83,0.0,0,0.0,1002.7
2025-07-01 12:59:13,0,1,1787,186.9,83,0.0,0,0.0,1002.7
2025-07-01 12:59:13,0,1,1787,186.9,83,0.0,0,0.0,1002.7
2025-07-01 12:59:14,0,0,1938,186.9,83,0.0,0,0.0,1003.2
2025-07-01 12:59:14,0,0,1938,186.9,83,0.0,0,0.0,1003.2
2025-07-01 12:59:14,0,0,1938,186.9,83,0.0,0,0.0,1003.2
2025-07-01 12:59:14,0,0,1938,186.9,83,0.0,0,0.0,1003.2
2025-07-01 12:59:14,0,0,1938,186.9,83,0.0,0,0.0,1003.2
2025-07-01 12:59:14,0,0,1938,186.9,83,0.0,0,0.0,1003.2
2025-07-01 12:59:14,0,0,1938,186.9,83,0.0,0,0.0,1003.2
2025-07-01 12:59:14,0,0,1938,186.9,83,0.0,0,0.0,1003.2
2025-07-01 12:59:15,0,0,1938,186.9,83,0.0,0,0.0,1003.2
2025-07-01 12:59:15,0,0,1670,186.9,83,0.0,0,0.0,1003.4
2025-07-01 12:59:15,0,0,1670,186.9,83,0.0,0,0.0,1003.4
2025-07-01 12:59:15,0,0,1670,186.9,83,0.0,0,0.0,1003.4
2025-07-01 12:59:15,0,0,1670,186.9,83,0.0,0,0.0,1003.4
2025-07-01 12:59:15,0,0,1670,186.9,83,0.0,0,0.0,1003.4
2025-07-01 12:59:15,0,0,1670,186.9,83,0.0,0,0.0,1003.4
2025-07-01 12:59:16,0,0,1670,186.9,83,0.0,0,0.0,1003.4
2025-07-01 12:59:16,0,0,1649,186.9,83,0.0,0,0.0,999.0
2025-07-01 12:59:16,0,0,1649,186.9,83,0.0,0,0.0,999.0
2025-07-01 12:59:16,0,0,1649,186.9,83,0.0,0,0.0,999.0
2025-07-01 12:59:16,0,0,1649,186.9,83,0.0,0,0.0,999.0
2025-07-01 12:59:16,0,0,1649,186.9,83,0.0,0,0.0,999.0
2025-07-01 12:59:16,0,0,1649,186.9,83,0.0,0,0.0,999.0
2025-07-01 12:59:16,0,0,1649,186.9,83,0.0,0,0.0,999.0
2025-07-01 12:59:16,0,0,1649,186.9,83,0.0,0,0.0,999.0
2025-07-01 12:59:17,0,0,1649,186.9,83,0.0,0,0.0,999.0
2025-07-01 12:59:17,0,0,1936,186.9,83,0.0,0,0.0,1003.4
2025-07-01 12:59:17,0,0,1936,186.9,83,0.0,0,0.0,1003.4
2025-07-01 12:59:17,0,0,1936,186.9,83,0.0,0,0.0,1003.4
2025-07-01 12:59:17,0,0,1936,186.9,83,0.0,0,0.0,1003.4
2025-07-01 12:59:17,0,0,1936,186.9,83,0.0,0,0.0,1003.4
2025-07-01 12:59:17,0,0,1936,186.9,83,0.0,0,0.0,1003.4
2025-07-01 12:59:17,0,0,1936,186.9,83,0.0,0,0.0,1003.4
2025-07-01 12:59:18,0,0,1936,186.9,83,0.0,0,0.0,1003.4
2025-07-01 12:59:18,0,0,1936,186.9,83,0.0,0,0.0,1003.4
2025-07-01 12:59:18,0,0,1811,186.9,83,0.0,0,0.0,1003.7
2025-07-01 12:59:18,0,0,1811,186.9,83,0.0,0,0.0,1003.7
2025-07-01 12:59:18,0,0,1811,186.9,83,0.0,0,0.0,1003.7
2025-07-01 12:59:18,0,0,1811,186.9,83,0.0,0,0.0,1003.7
2025-07-01 12:59:18,0,0,1811,186.9,83,0.0,0,0.0,1003.7
2025-07-01 12:59:18,0,0,1811,186.9,83,0.0,0,0.0,1003.7
2025-07-01 12:59:19,0,0,1811,186.9,83,0.0,0,0.0,1003.7
2025-07-01 12:59:19,0,0,1811,186.9,83,0.0,0,0.0,1003.7
2025-07-01 12:59:19,0,1,1803,186.9,83,0.0,0,0.0,1005.0
2025-07-01 12:59:19,0,1,1803,186.9,83,0.0,0,0.0,1005.0
2025-07-01 12:59:19,0,1,1803,186.9,83,0.0,0,0.0,1005.0
2025-07-01 12:59:19,0,1,1803,186.9,83,0.0,0,0.0,1005.0
2025-07-01 12:59:19,0,1,1803,186.9,83,0.0,0,0.0,1005.0
2025-07-01 12:59:19,0,1,1803,186.9,83,0.0,0,0.0,1005.0
2025-07-01 12:59:20,0,1,1803,186.9,83,0.0,0,0.0,1005.0
2025-07-01 12:59:20,0,1,1803,186.9,83,0.0,0,0.0,1005.0
2025-07-01 12:59:20,0,1,1803,186.9,83,0.0,0,0.0,1005.0
2025-07-01 12:59:20,0,0,1965,187.5,83,0.0,0,0.0,1006.2
2025-07-01 12:59:20,0,0,1965,187.5,83,0.0,0,0.0,1006.2
2025-07-01 12:59:20,0,0,1965,187.5,83,0.0,0,0.0,1006.2
2025-07-01 12:59:20,0,0,1965,187.5,83,0.0,0,0.0,1006.2
2025-07-01 12:59:20,0,0,1965,187.5,83,0.0,0,0.0,1006.2
2025-07-01 12:59:21,0,0,1965,187.5,83,0.0,0,0.0,1006.2
2025-07-01 12:59:21,0,0,1965,187.5,83,0.0,0,0.0,1006.2
2025-07-01 12:59:21,0,0,1965,187.5,83,0.0,0,0.0,1006.2
2025-07-01 12:59:21,0,1,1792,100.2,83,0.0,0,0.0,1006.3
2025-07-01 12:59:21,0,1,1792,100.2,83,0.0,0,0.0,1006.3
2025-07-01 12:59:21,0,1,1792,100.2,83,0.0,0,0.0,1006.3
2025-07-01 12:59:21,0,1,1792,100.2,83,0.0,0,0.0,1006.3
2025-07-01 12:59:21,0,1,1792,100.2,83,0.0,0,0.0,1006.3
2025-07-01 12:59:22,0,1,1792,100.2,83,0.0,0,0.0,1006.3
2025-07-01 12:59:22,0,1,1792,100.2,83,0.0,0,0.0,1006.3
2025-07-01 12:59:22,0,1,1792,100.2,83,0.0,0,0.0,1006.3
2025-07-01 12:59:22,0,1,1792,100.2,83,0.0,0,0.0,1006.3
2025-07-01 12:59:22,0,0,1903,144.2,83,0.0,0,0.0,1004.4
2025-07-01 12:59:22,0,0,1903,144.2,83,0.0,0,0.0,1004.4
2025-07-01 12:59:22,0,0,1903,144.2,83,0.0,0,0.0,1004.4
2025-07-01 12:59:22,0,0,1903,144.2,83,0.0,0,0.0,1004.4
2025-07-01 12:59:22,0,0,1903,144.2,83,0.0,0,0.0,1004.4
2025-07-01 12:59:23,0,0,1903,144.2,83,0.0,0,0.0,1004.4
2025-07-01 12:59:23,0,0,1903,144.2,83,0.0,0,0.0,1004.4
2025-07-01 12:59:23,0,0,1903,144.2,83,0.0,0,0.0,1004.4
2025-07-01 12:59:23,0,0,1903,144.2,83,0.0,0,0.0,1004.4
2025-07-01 12:59:23,0,1,1786,144.2,83,0.0,0,0.0,1006.5
2025-07-01 12:59:23,0,1,1786,144.2,83,0.0,0,0.0,1006.5
2025-07-01 12:59:23,0,1,1786,144.2,83,0.0,0,0.0,1006.5
2025-07-01 12:59:23,0,1,1786,144.2,83,0.0,0,0.0,1006.5
2025-07-01 12:59:24,0,1,1786,144.2,83,0.0,0,0.0,1006.5
2025-07-01 12:59:24,0,1,1786,144.2,83,0.0,0,0.0,1006.5
2025-07-01 12:59:24,0,1,1786,144.2,83,0.0,0,0.0,1006.5
2025-07-01 12:59:24,0,0,1349,168.1,83,0.0,0,0.0,1001.4
2025-07-01 12:59:24,0,0,1349,168.1,83,0.0,0,0.0,1001.4
2025-07-01 12:59:24,0,0,1349,168.1,83,0.0,0,0.0,1001.4
2025-07-01 12:59:24,0,0,1349,168.1,83,0.0,0,0.0,1001.4
2025-07-01 12:59:25,0,0,1349,168.1,83,0.0,0,0.0,1001.4
2025-07-01 12:59:25,0,0,1349,168.1,83,0.0,0,0.0,1001.4
2025-07-01 12:59:25,0,0,1349,168.1,83,0.0,0,0.0,1001.4
2025-07-01 12:59:25,0,0,1349,168.1,83,0.0,0,0.0,1001.4
2025-07-01 12:59:25,0,0,1349,168.1,83,0.0,0,0.0,1001.4
2025-07-01 12:59:25,0,1,1781,168.1,83,0.0,0,0.0,998.2
2025-07-01 12:59:25,0,1,1781,168.1,83,0.0,0,0.0,998.2
2025-07-01 12:59:25,0,1,1781,168.1,83,0.0,0,0.0,998.2
2025-07-01 12:59:26,0,1,1781,168.1,83,0.0,0,0.0,998.2
2025-07-01 12:59:26,0,1,1781,168.1,83,0.0,0,0.0,998.2
2025-07-01 12:59:26,0,1,1781,168.1,83,0.0,0,0.0,998.2
2025-07-01 12:59:26,0,1,1781,168.1,83,0.0,0,0.0,998.2
2025-07-01 12:59:26,0,1,1781,168.1,83,0.0,0,0.0,998.2
2025-07-01 12:59:26,0,0,1606,188.1,83,0.0,0,0.0,998.3
2025-07-01 12:59:26,0,0,1606,188.1,83,0.0,0,0.0,998.3
2025-07-01 12:59:27,0,0,1606,188.1,83,0.0,0,0.0,998.3
2025-07-01 12:59:27,0,0,1606,188.1,83,0.0,0,0.0,998.3
2025-07-01 12:59:27,0,0,1606,188.1,83,0.0,0,0.0,998.3
2025-07-01 12:59:27,0,0,1606,188.1,83,0.0,0,0.0,998.3
2025-07-01 12:59:27,0,0,1606,188.1,83,0.0,0,0.0,998.3
2025-07-01 12:59:27,0,0,1606,188.1,83,0.0,0,0.0,998.3
2025-07-01 12:59:27,0,1,1793,188.1,83,0.0,0,0.0,1001.9
2025-07-01 12:59:27,0,1,1793,188.1,83,0.0,0,0.0,1001.9
2025-07-01 12:59:27,0,1,1793,188.1,83,0.0,0,0.0,1001.9
2025-07-01 12:59:28,0,1,1793,188.1,83,0.0,0,0.0,1001.9
2025-07-01 12:59:28,0,1,1793,188.1,83,0.0,0,0.0,1001.9
2025-07-01 12:59:28,0,1,1793,188.1,83,0.0,0,0.0,1001.9
2025-07-01 12:59:28,0,1,1793,188.1,83,0.0,0,0.0,1001.9
2025-07-01 12:59:28,0,1,1793,188.1,83,0.0,0,0.0,1001.9
2025-07-01 12:59:28,0,1,1793,188.1,83,0.0,0,0.0,1001.9
2025-07-01 12:59:28,0,0,1933,188.1,83,0.0,0,0.0,1002.5
2025-07-01 12:59:28,0,0,1933,188.1,83,0.0,0,0.0,1002.5
2025-07-01 12:59:29,0,0,1933,188.1,83,0.0,0,0.0,1002.5
2025-07-01 12:59:29,0,0,1933,188.1,83,0.0,0,0.0,1002.5
2025-07-01 12:59:29,0,0,1933,188.1,83,0.0,0,0.0,1002.5
2025-07-01 12:59:29,0,0,1933,188.1,83,0.0,0,0.0,1002.5
2025-07-01 12:59:29,0,0,1933,188.1,83,0.0,0,0.0,1002.5
2025-07-01 12:59:29,0,0,1933,188.1,83,0.0,0,0.0,1002.5
2025-07-01 12:59:29,0,0,1933,188.1,83,0.0,0,0.0,1002.5
2025-07-01 12:59:29,0,1,1786,188.1,83,0.0,0,0.0,1000.5
2025-07-01 12:59:30,0,1,1786,188.1,83,0.0,0,0.0,1000.5
2025-07-01 12:59:30,0,1,1786,188.1,83,0.0,0,0.0,1000.5
2025-07-01 12:59:30,0,1,1786,188.1,83,0.0,0,0.0,1000.5
2025-07-01 12:59:30,0,1,1786,188.1,83,0.0,0,0.0,1000.5
2025-07-01 12:59:30,0,1,1786,188.1,83,0.0,0,0.0,1000.5
2025-07-01 12:59:30,0,1,1786,188.1,83,0.0,0,0.0,1000.5
2025-07-01 12:59:30,0,1,1786,188.1,83,0.0,0,0.0,1000.5
2025-07-01 12:59:30,0,1,1789,188.1,83,0.0,0,0.0,998.0
2025-07-01 12:59:30,0,1,1789,188.1,83,0.0,0,0.0,998.0
2025-07-01 12:59:31,0,1,1789,188.1,83,0.0,0,0.0,998.0
2025-07-01 12:59:31,0,1,1789,188.1,83,0.0,0,0.0,998.0
2025-07-01 12:59:31,0,1,1789,188.1,83,0.0,0,0.0,998.0
2025-07-01 12:59:31,0,1,1789,188.1,83,0.0,0,0.0,998.0
2025-07-01 12:59:31,0,1,1789,188.1,83,0.0,0,0.0,998.0
2025-07-01 12:59:31,0,1,1789,188.1,83,0.0,0,0.0,998.0
2025-07-01 12:59:31,0,1,1789,188.1,83,0.0,0,0.0,998.0
2025-07-01 12:59:32,0,1,1787,188.1,83,0.0,0,0.0,1001.7
2025-07-01 12:59:32,0,1,1787,188.1,83,0.0,0,0.0,1001.7
2025-07-01 12:59:32,0,1,1787,188.1,83,0.0,0,0.0,1001.7
2025-07-01 12:59:32,0,1,1787,188.1,83,0.0,0,0.0,1001.7
2025-07-01 12:59:32,0,1,1787,188.1,83,0.0,0,0.0,1001.7
2025-07-01 12:59:32,0,1,1787,188.1,83,0.0,0,0.0,1001.7
2025-07-01 12:59:32,0,1,1787,188.1,83,0.0,0,0.0,1001.7
2025-07-01 12:59:32,0,1,1787,188.1,83,0.0,0,0.0,1001.7
2025-07-01 12:59:32,0,0,1910,188.1,83,0.0,0,0.0,1002.7
2025-07-01 12:59:33,0,0,1910,188.1,83,0.0,0,0.0,1002.7
2025-07-01 12:59:33,0,0,1910,188.1,83,0.0,0,0.0,1002.7
2025-07-01 12:59:33,0,0,1910,188.1,83,0.0,0,0.0,1002.7
2025-07-01 12:59:33,0,0,1910,188.1,83,0.0,0,0.0,1002.7
2025-07-01 12:59:33,0,0,1910,188.1,83,0.0,0,0.0,1002.7
2025-07-01 12:59:33,0,0,1910,188.1,83,0.0,0,0.0,1002.7
2025-07-01 12:59:33,0,0,1910,188.1,83,0.0,0,0.0,1002.7
2025-07-01 12:59:34,0,0,1957,177.5,83,0.0,0,0.0,1001.9
2025-07-01 12:59:34,0,0,1957,177.5,83,0.0,0,0.0,1001.9
2025-07-01 12:59:34,0,0,1957,177.5,83,0.0,0,0.0,1001.9
2025-07-01 12:59:34,0,0,1957,177.5,83,0.0,0,0.0,1001.9
2025-07-01 12:59:34,0,0,1957,177.5,83,0.0,0,0.0,1001.9
2025-07-01 12:59:34,0,0,1957,177.5,83,0.0,0,0.0,1001.9
2025-07-01 12:59:34,0,0,1957,177.5,83,0.0,0,0.0,1001.9
2025-07-01 12:59:34,0,0,1957,177.5,83,0.0,0,0.0,1001.9
2025-07-01 12:59:34,0,0,1957,177.5,83,0.0,0,0.0,1001.9
2025-07-01 12:59:35,0,0,1954,177.5,83,0.0,0,0.0,1007.5
2025-07-01 12:59:35,0,0,1954,177.5,83,0.0,0,0.0,1007.5
2025-07-01 12:59:35,0,0,1954,177.5,83,0.0,0,0.0,1007.5
2025-07-01 12:59:35,0,0,1954,177.5,83,0.0,0,0.0,1007.5
2025-07-01 12:59:35,0,0,1954,177.5,83,0.0,0,0.0,1007.5
2025-07-01 12:59:35,0,0,1954,177.5,83,0.0,0,0.0,1007.5
2025-07-01 12:59:35,0,0,1954,177.5,83,0.0,0,0.0,1007.5
2025-07-01 12:59:35,0,0,1954,177.5,83,0.0,0,0.0,1007.5
2025-07-01 12:59:36,0,0,1954,177.5,83,0.0,0,0.0,1007.5
2025-07-01 12:59:36,0,1,1779,177.5,0,0.0,0,0.0,1003.7
2025-07-01 12:59:36,0,1,1779,177.5,0,0.0,0,0.0,1003.7
2025-07-01 12:59:36,0,1,1779,177.5,0,0.0,0,0.0,1003.7
2025-07-01 12:59:36,0,1,1779,177.5,0,0.0,0,0.0,1003.7
2025-07-01 12:59:36,0,1,1779,177.5,0,0.0,0,0.0,1003.7
2025-07-01 12:59:36,0,1,1779,177.5,0,0.0,0,0.0,1003.7
2025-07-01 12:59:36,0,1,1779,177.5,0,0.0,0,0.0,1003.7
2025-07-01 12:59:36,0,1,1779,177.5,0,0.0,0,0.0,1003.7
2025-07-01 12:59:36,0,1,1779,177.5,0,0.0,0,0.0,1003.7
2025-07-01 12:59:37,0,1,1779,177.5,0,0.0,0,0.0,1003.7
2025-07-01 12:59:37,0,1,1791,177.5,0,0.0,0,0.0,1004.3
2025-07-01 12:59:37,0,1,1791,177.5,0,0.0,0,0.0,1004.3
2025-07-01 12:59:37,0,1,1791,177.5,0,0.0,0,0.0,1004.3
2025-07-01 12:59:37,0,1,1791,177.5,0,0.0,0,0.0,1004.3
2025-07-01 12:59:37,0,1,1791,177.5,0,0.0,0,0.0,1004.3
2025-07-01 12:59:37,0,1,1791,177.5,0,0.0,0,0.0,1004.3
2025-07-01 12:59:37,0,1,1791,177.5,0,0.0,0,0.0,1004.3
2025-07-01 12:59:38,0,1,1791,177.5,0,0.0,0,0.0,1004.3
2025-07-01 12:59:38,0,1,1791,177.5,0,0.0,0,0.0,1004.3
2025-07-01 12:59:38,0,0,1919,177.5,0,0.0,0,0.0,1003.4
2025-07-01 12:59:38,0,0,1919,177.5,0,0.0,0,0.0,1003.4
2025-07-01 12:59:38,0,0,1919,177.5,0,0.0,0,0.0,1003.4
2025-07-01 12:59:38,0,0,1919,177.5,0,0.0,0,0.0,1003.4
2025-07-01 12:59:38,0,0,1919,177.5,0,0.0,0,0.0,1003.4
2025-07-01 12:59:39,0,0,1919,177.5,0,0.0,0,0.0,1003.4
2025-07-01 12:59:39,0,0,1919,177.5,0,0.0,0,0.0,1003.4
2025-07-01 12:59:39,0,0,1489,167.6,0,0.0,0,0.0,1004.2
2025-07-01 12:59:39,0,0,1489,167.6,0,0.0,0,0.0,1004.2
2025-07-01 12:59:39,0,0,1489,167.6,0,0.0,0,0.0,1004.2
2025-07-01 12:59:39,0,0,1489,167.6,0,0.0,0,0.0,1004.2
2025-07-01 12:59:39,0,0,1489,167.6,0,0.0,0,0.0,1004.2
2025-07-01 12:59:39,0,0,1489,167.6,0,0.0,0,0.0,1004.2
2025-07-01 12:59:40,0,0,1489,167.6,0,0.0,0,0.0,1004.2
2025-07-01 12:59:40,0,0,1489,167.6,0,0.0,0,0.0,1004.2
2025-07-01 12:59:40,0,0,1854,188.1,0,0.0,0,0.0,1004.2
2025-07-01 12:59:40,0,0,1854,188.1,0,0.0,0,0.0,1004.2
2025-07-01 12:59:40,0,0,1854,188.1,0,0.0,0,0.0,1004.2
2025-07-01 12:59:40,0,0,1854,188.1,0,0.0,0,0.0,1004.2
2025-07-01 12:59:40,0,0,1854,188.1,0,0.0,0,0.0,1004.2
2025-07-01 12:59:40,0,0,1854,188.1,0,0.0,0,0.0,1004.2
2025-07-01 12:59:41,0,0,1854,188.1,0,0.0,0,0.0,1004.2
2025-07-01 12:59:41,0,0,1854,188.1,0,0.0,0,0.0,1004.2
2025-07-01 12:59:41,0,0,1854,188.1,0,0.0,0,0.0,1004.2
2025-07-01 12:59:41,0,0,1922,188.1,0,0.0,0,0.0,1006.2
2025-07-01 12:59:41,0,0,1922,188.1,0,0.0,0,0.0,1006.2
2025-07-01 12:59:41,0,0,1922,188.1,0,0.0,0,0.0,1006.2
2025-07-01 12:59:41,0,0,1922,188.1,0,0.0,0,0.0,1006.2
2025-07-01 12:59:41,0,0,1922,188.1,0,0.0,0,0.0,1006.2
2025-07-01 12:59:42,0,0,1922,188.1,0,0.0,0,0.0,1006.2
2025-07-01 12:59:42,0,0,1922,188.1,0,0.0,0,0.0,1006.2
2025-07-01 12:59:42,0,0,1922,188.1,0,0.0,0,0.0,1006.2
2025-07-01 12:59:42,0,0,1922,188.1,0,0.0,0,0.0,1006.2
2025-07-01 12:59:42,0,0,1969,188.1,0,0.0,0,0.0,1001.2
2025-07-01 12:59:42,0,0,1969,188.1,0,0.0,0,0.0,1001.2
2025-07-01 12:59:42,0,0,1969,188.1,0,0.0,0,0.0,1001.2
2025-07-01 12:59:42,0,0,1969,188.1,0,0.0,0,0.0,1001.2
2025-07-01 12:59:42,0,0,1969,188.1,0,0.0,0,0.0,1001.2
2025-07-01 12:59:43,0,0,1969,188.1,0,0.0,0,0.0,1001.2
2025-07-01 12:59:43,0,0,1969,188.1,0,0.0,0,0.0,1001.2
2025-07-01 12:59:43,0,0,1969,188.1,0,0.0,0,0.0,1001.2
2025-07-01 12:59:43,0,0,1969,188.1,0,0.0,0,0.0,1001.2
2025-07-01 12:59:43,0,0,1737,188.1,0,0.0,0,0.0,1007.7
2025-07-01 12:59:43,0,0,1737,188.1,0,0.0,0,0.0,1007.7
2025-07-01 12:59:43,0,0,1737,188.1,0,0.0,0,0.0,1007.7
2025-07-01 12:59:43,0,0,1737,188.1,0,0.0,0,0.0,1007.7
2025-07-01 12:59:44,0,0,1737,188.1,0,0.0,0,0.0,1007.7
2025-07-01 12:59:44,0,0,1737,188.1,0,0.0,0,0.0,1007.7
2025-07-01 12:59:44,0,0,1737,188.1,0,0.0,0,0.0,1007.7
2025-07-01 12:59:44,0,0,1737,188.1,0,0.0,0,0.0,1007.7
2025-07-01 12:59:44,0,0,1890,188.1,0,0.0,0,0.0,996.6
2025-07-01 12:59:44,0,0,1890,188.1,0,0.0,0,0.0,996.6
2025-07-01 12:59:44,0,0,1890,188.1,0,0.0,0,0.0,996.6
2025-07-01 12:59:44,0,0,1890,188.1,0,0.0,0,0.0,996.6
2025-07-01 12:59:45,0,0,1890,188.1,0,0.0,0,0.0,996.6
2025-07-01 12:59:45,0,0,1890,188.1,0,0.0,0,0.0,996.6
2025-07-01 12:59:45,0,0,1890,188.1,0,0.0,0,0.0,996.6
2025-07-01 12:59:45,0,0,1890,188.1,0,0.0,0,0.0,996.6
2025-07-01 12:59:45,0,0,1890,188.1,0,0.0,0,0.0,996.6
2025-07-01 12:59:45,0,0,1879,177.0,0,0.0,0,0.0,1001.7
2025-07-01 12:59:45,0,0,1879,177.0,0,0.0,0,0.0,1001.7
2025-07-01 12:59:45,0,0,1879,177.0,0,0.0,0,0.0,1001.7
2025-07-01 12:59:45,0,0,1879,177.0,0,0.0,0,0.0,1001.7
2025-07-01 12:59:46,0,0,1879,177.0,0,0.0,0,0.0,1001.7
2025-07-01 12:59:46,0,0,1879,177.0,0,0.0,0,0.0,1001.7
2025-07-01 12:59:46,0,0,1879,177.0,0,0.0,0,0.0,1001.7
2025-07-01 12:59:46,0,0,1879,177.0,0,0.0,0,0.0,1001.7
2025-07-01 12:59:46,0,0,1935,177.0,0,0.0,0,0.0,1002.6
2025-07-01 12:59:46,0,0,1935,177.0,0,0.0,0,0.0,1002.6
2025-07-01 12:59:46,0,0,1935,177.0,0,0.0,0,0.0,1002.6
2025-07-01 12:59:47,0,0,1935,177.0,0,0.0,0,0.0,1002.6
2025-07-01 12:59:47,0,0,1935,177.0,0,0.0,0,0.0,1002.6
2025-07-01 12:59:47,0,0,1935,177.0,0,0.0,0,0.0,1002.6
2025-07-01 12:59:47,0,0,1935,177.0,0,0.0,0,0.0,1002.6
2025-07-01 12:59:47,0,0,1935,177.0,0,0.0,0,0.0,1002.6
2025-07-01 12:59:47,0,0,1966,177.0,0,0.0,0,0.0,1003.4
2025-07-01 12:59:47,0,0,1966,177.0,0,0.0,0,0.0,1003.4
2025-07-01 12:59:47,0,0,1966,177.0,0,0.0,0,0.0,1003.4
2025-07-01 12:59:48,0,0,1966,177.0,0,0.0,0,0.0,1003.4
2025-07-01 12:59:48,0,0,1966,177.0,0,0.0,0,0.0,1003.4
2025-07-01 12:59:48,0,0,1966,177.0,0,0.0,0,0.0,1003.4
2025-07-01 12:59:48,0,0,1966,177.0,0,0.0,0,0.0,1003.4
2025-07-01 12:59:48,0,0,1966,177.0,0,0.0,0,0.0,1003.4
2025-07-01 12:59:48,0,0,1973,177.0,0,0.0,0,0.0,1005.1
2025-07-01 12:59:48,0,0,1973,177.0,0,0.0,0,0.0,1005.1
2025-07-01 12:59:48,0,0,1973,177.0,0,0.0,0,0.0,1005.1
2025-07-01 12:59:49,0,0,1973,177.0,0,0.0,0,0.0,1005.1
2025-07-01 12:59:49,0,0,1973,177.0,0,0.0,0,0.0,1005.1
2025-07-01 12:59:49,0,0,1973,177.0,0,0.0,0,0.0,1005.1
2025-07-01 12:59:49,0,0,1973,177.0,0,0.0,0,0.0,1005.1
2025-07-01 12:59:49,0,0,1973,177.0,0,0.0,0,0.0,1005.1
2025-07-01 12:59:49,0,0,1973,177.0,0,0.0,0,0.0,1005.1
2025-07-01 12:59:49,0,1,1779,177.0,0,0.0,0,0.0,1002.9
2025-07-01 12:59:49,0,1,1779,177.0,0,0.0,0,0.0,1002.9
2025-07-01 12:59:50,0,1,1779,177.0,0,0.0,0,0.0,1002.9
2025-07-01 12:59:50,0,1,1779,177.0,0,0.0,0,0.0,1002.9
2025-07-01 12:59:50,0,1,1779,177.0,0,0.0,0,0.0,1002.9
2025-07-01 12:59:50,0,1,1779,177.0,0,0.0,0,0.0,1002.9
2025-07-01 12:59:50,0,1,1779,177.0,0,0.0,0,0.0,1002.9
2025-07-01 12:59:50,0,1,1779,177.0,0,0.0,0,0.0,1002.9
2025-07-01 12:59:50,0,1,1789,177.0,0,0.0,0,0.0,1004.4
2025-07-01 12:59:50,0,1,1789,177.0,0,0.0,0,0.0,1004.4
2025-07-01 12:59:50,0,1,1789,177.0,0,0.0,0,0.0,1004.4
2025-07-01 12:59:51,0,1,1789,177.0,0,0.0,0,0.0,1004.4
2025-07-01 12:59:51,0,1,1789,177.0,0,0.0,0,0.0,1004.4
2025-07-01 12:59:51,0,1,1789,177.0,0,0.0,0,0.0,1004.4
2025-07-01 12:59:51,0,1,1789,177.0,0,0.0,0,0.0,1004.4
2025-07-01 12:59:51,0,1,1789,177.0,0,0.0,0,0.0,1004.4
2025-07-01 12:59:51,0,1,1789,177.0,0,0.0,0,0.0,1004.4
2025-07-01 12:59:51,0,0,1579,177.0,0,0.0,0,0.0,1006.9
2025-07-01 12:59:51,0,0,1579,177.0,0,0.0,0,0.0,1006.9
2025-07-01 12:59:52,0,0,1579,177.0,0,0.0,0,0.0,1006.9
2025-07-01 12:59:52,0,0,1579,177.0,0,0.0,0,0.0,1006.9
2025-07-01 12:59:52,0,0,1579,177.0,0,0.0,0,0.0,1006.9
2025-07-01 12:59:52,0,0,1579,177.0,0,0.0,0,0.0,1006.9
2025-07-01 12:59:52,0,0,1579,177.0,0,0.0,0,0.0,1006.9
2025-07-01 12:59:52,0,0,1579,177.0,0,0.0,0,0.0,1006.9
2025-07-01 12:59:52,0,0,1579,177.0,0,0.0,0,0.0,1006.9
2025-07-01 12:59:52,0,0,1961,177.0,0,0.0,0,0.0,1006.3
2025-07-01 12:59:52,0,0,1961,177.0,0,0.0,0,0.0,1006.3
2025-07-01 12:59:53,0,0,1961,177.0,0,0.0,0,0.0,1006.3
2025-07-01 12:59:53,0,0,1961,177.0,0,0.0,0,0.0,1006.3
2025-07-01 12:59:53,0,0,1961,177.0,0,0.0,0,0.0,1006.3
2025-07-01 12:59:53,0,0,1961,177.0,0,0.0,0,0.0,1006.3
2025-07-01 12:59:53,0,0,1961,177.0,0,0.0,0,0.0,1006.3
2025-07-01 12:59:53,0,0,1961,177.0,0,0.0,0,0.0,1006.3
2025-07-01 12:59:53,0,0,1961,177.0,0,0.0,0,0.0,1006.3
2025-07-01 12:59:53,0,1,1799,177.0,0,0.0,0,0.0,1001.6
2025-07-01 12:59:54,0,1,1799,177.0,0,0.0,0,0.0,1001.6
2025-07-01 12:59:54,0,1,1799,177.0,0,0.0,0,0.0,1001.6
2025-07-01 12:59:54,0,1,1799,177.0,0,0.0,0,0.0,1001.6
2025-07-01 12:59:54,0,1,1799,177.0,0,0.0,0,0.0,1001.6
2025-07-01 12:59:54,0,1,1799,177.0,0,0.0,0,0.0,1001.6
2025-07-01 12:59:54,0,1,1799,177.0,0,0.0,0,0.0,1001.6
2025-07-01 12:59:54,0,1,1799,177.0,0,0.0,0,0.0,1001.6
2025-07-01 12:59:54,0,1,1799,177.0,0,0.0,0,0.0,1001.6
2025-07-01 12:59:55,0,1,1807,177.0,0,0.0,0,0.0,1003.4
2025-07-01 12:59:55,0,1,1807,177.0,0,0.0,0,0.0,1003.4
2025-07-01 12:59:55,0,1,1807,177.0,0,0.0,0,0.0,1003.4
2025-07-01 12:59:55,0,1,1807,177.0,0,0.0,0,0.0,1003.4
2025-07-01 12:59:55,0,1,1807,177.0,0,0.0,0,0.0,1003.4
2025-07-01 12:59:55,0,1,1807,177.0,0,0.0,0,0.0,1003.4
2025-07-01 12:59:55,0,1,1807,177.0,0,0.0,0,0.0,1003.4
2025-07-01 12:59:55,0,1,1807,177.0,0,0.0,0,0.0,1003.4
2025-07-01 12:59:55,0,1,1807,177.0,0,0.0,0,0.0,1003.4
2025-07-01 12:59:56,0,0,1952,104.0,0,0.0,0,0.0,1001.7
2025-07-01 12:59:56,0,0,1952,104.0,0,0.0,0,0.0,1001.7
2025-07-01 12:59:56,0,0,1952,104.0,0,0.0,0,0.0,1001.7
2025-07-01 12:59:56,0,0,1952,104.0,0,0.0,0,0.0,1001.7
2025-07-01 12:59:56,0,0,1952,104.0,0,0.0,0,0.0,1001.7
2025-07-01 12:59:56,0,0,1952,104.0,0,0.0,0,0.0,1001.7
2025-07-01 12:59:56,0,0,1952,104.0,0,0.0,0,0.0,1001.7
2025-07-01 12:59:56,0,0,1952,104.0,0,0.0,0,0.0,1001.7
2025-07-01 12:59:57,0,0,1952,104.0,0,0.0,0,0.0,1001.7
2025-07-01 12:59:57,0,1,1799,104.0,0,0.0,0,0.0,1005.6
2025-07-01 12:59:57,0,1,1799,104.0,0,0.0,0,0.0,1005.6
2025-07-01 12:59:57,0,1,1799,104.0,0,0.0,0,0.0,1005.6
2025-07-01 12:59:57,0,1,1799,104.0,0,0.0,0,0.0,1005.6
2025-07-01 12:59:57,0,1,1799,104.0,0,0.0,0,0.0,1005.6
2025-07-01 12:59:57,0,1,1799,104.0,0,0.0,0,0.0,1005.6
2025-07-01 12:59:57,0,1,1799,104.0,0,0.0,0,0.0,1005.6
2025-07-01 12:59:57,0,1,1799,104.0,0,0.0,0,0.0,1005.6
2025-07-01 12:59:58,0,1,1799,104.0,0,0.0,0,0.0,1005.6
2025-07-01 12:59:58,0,0,1651,186.9,0,0.0,0,0.0,1003.0
2025-07-01 12:59:58,0,0,1651,186.9,0,0.0,0,0.0,1003.0
2025-07-01 12:59:58,0,0,1651,186.9,0,0.0,0,0.0,1003.0
2025-07-01 12:59:58,0,0,1651,186.9,0,0.0,0,0.0,1003.0
2025-07-01 12:59:58,0,0,1651,186.9,0,0.0,0,0.0,1003.0
2025-07-01 12:59:58,0,0,1651,186.9,0,0.0,0,0.0,1003.0
2025-07-01 12:59:58,0,0,1651,186.9,0,0.0,0,0.0,1003.0
2025-07-01 12:59:59,0,0,1651,186.9,0,0.0,0,0.0,1003.0
2025-07-01 12:59:59,0,0,1803,143.5,0,0.0,0,0.0,998.3
2025-07-01 12:59:59,0,0,1803,143.5,0,0.0,0,0.0,998.3
2025-07-01 12:59:59,0,0,1803,143.5,0,0.0,0,0.0,998.3
2025-07-01 12:59:59,0,0,1803,143.5,0,0.0,0,0.0,998.3
2025-07-01 12:59:59,0,0,1803,143.5,0,0.0,0,0.0,998.3
2025-07-01 12:59:59,0,0,1803,143.5,0,0.0,0,0.0,998.3
2025-07-01 12:59:59,0,0,1803,143.5,0,0.0,0,0.0,998.3
2025-07-01 13:00:00,0,0,1803,143.5,0,0.0,0,0.0,998.3
2025-07-01 13:00:00,0,0,1803,143.5,0,0.0,0,0.0,998.3
2025-07-01 13:00:00,0,0,1753,143.5,0,0.0,0,0.0,1002.5
2025-07-01 13:00:00,0,0,1753,143.5,0,0.0,0,0.0,1002.5
2025-07-01 13:00:00,0,0,1753,143.5,0,0.0,0,0.0,1002.5
2025-07-01 13:00:00,0,0,1753,143.5,0,0.0,0,0.0,1002.5
2025-07-01 13:00:00,0,0,1753,143.5,0,0.0,0,0.0,1002.5
2025-07-01 13:00:00,0,0,1753,143.5,0,0.0,0,0.0,1002.5
2025-07-01 13:00:01,0,0,1753,143.5,0,0.0,0,0.0,1002.5
2025-07-01 13:00:01,0,0,1753,143.5,0,0.0,0,0.0,1002.5
2025-07-01 13:00:01,0,1,1790,143.5,0,0.0,0,0.0,1004.9
2025-07-01 13:00:01,0,1,1790,143.5,0,0.0,0,0.0,1004.9
2025-07-01 13:00:01,0,1,1790,143.5,0,0.0,0,0.0,1004.9
2025-07-01 13:00:01,0,1,1790,143.5,0,0.0,0,0.0,1004.9
2025-07-01 13:00:01,0,1,1790,143.5,0,0.0,0,0.0,1004.9
2025-07-01 13:00:01,0,1,1790,143.5,0,0.0,0,0.0,1004.9
2025-07-01 13:00:02,0,1,1790,143.5,0,0.0,0,0.0,1004.9
2025-07-01 13:00:02,0,1,1790,143.5,0,0.0,0,0.0,1004.9
2025-07-01 13:00:02,0,1,1790,143.5,0,0.0,0,0.0,1004.9
2025-07-01 13:00:02,0,0,1427,143.5,0,0.0,0,0.0,1008.4
2025-07-01 13:00:02,0,0,1427,143.5,0,0.0,0,0.0,1008.4
2025-07-01 13:00:02,0,0,1427,143.5,0,0.0,0,0.0,1008.4
2025-07-01 13:00:02,0,0,1427,143.5,0,0.0,0,0.0,1008.4
2025-07-01 13:00:02,0,0,1427,143.5,0,0.0,0,0.0,1008.4
2025-07-01 13:00:03,0,0,1427,143.5,0,0.0,0,0.0,1008.4
2025-07-01 13:00:03,0,0,1427,143.5,0,0.0,0,0.0,1008.4
2025-07-01 13:00:03,0,0,1427,143.5,0,0.0,0,0.0,1008.4
2025-07-01 13:00:03,0,0,1779,143.5,0,0.0,0,0.0,1006.2
2025-07-01 13:00:03,0,0,1779,143.5,0,0.0,0,0.0,1006.2
2025-07-01 13:00:03,0,0,1779,143.5,0,0.0,0,0.0,1006.2
2025-07-01 13:00:03,0,0,1779,143.5,0,0.0,0,0.0,1006.2
2025-07-01 13:00:03,0,0,1779,143.5,0,0.0,0,0.0,1006.2
2025-07-01 13:00:04,0,0,1779,143.5,0,0.0,0,0.0,1006.2
2025-07-01 13:00:04,0,0,1779,143.5,0,0.0,0,0.0,1006.2
2025-07-01 13:00:04,0,0,1779,143.5,0,0.0,0,0.0,1006.2
2025-07-01 13:00:04,0,0,1956,131.0,0,0.0,0,0.0,999.2
2025-07-01 13:00:04,0,0,1956,131.0,0,0.0,0,0.0,999.2
2025-07-01 13:00:04,0,0,1956,131.0,0,0.0,0,0.0,999.2
2025-07-01 13:00:04,0,0,1956,131.0,0,0.0,0,0.0,999.2
2025-07-01 13:00:04,0,0,1956,131.0,0,0.0,0,0.0,999.2
2025-07-01 13:00:05,0,0,1956,131.0,0,0.0,0,0.0,999.2
2025-07-01 13:00:05,0,0,1956,131.0,0,0.0,0,0.0,999.2
2025-07-01 13:00:05,0,0,1956,131.0,0,0.0,0,0.0,999.2
2025-07-01 13:00:05,0,0,1325,199.3,0,0.0,0,0.0,1000.9
2025-07-01 13:00:05,0,0,1325,199.3,0,0.0,0,0.0,1000.9
2025-07-01 13:00:05,0,0,1325,199.3,0,0.0,0,0.0,1000.9
2025-07-01 13:00:05,0,0,1325,199.3,0,0.0,0,0.0,1000.9
2025-07-01 13:00:06,0,0,1325,199.3,0,0.0,0,0.0,1000.9
2025-07-01 13:00:06,0,0,1325,199.3,0,0.0,0,0.0,1000.9
2025-07-01 13:00:06,0,0,1325,199.3,0,0.0,0,0.0,1000.9
2025-07-01 13:00:06,0,0,1973,199.3,0,0.0,0,0.0,1005.3
2025-07-01 13:00:06,0,0,1973,199.3,0,0.0,0,0.0,1005.3
2025-07-01 13:00:06,0,0,1973,199.3,0,0.0,0,0.0,1005.3
2025-07-01 13:00:06,0,0,1973,199.3,0,0.0,0,0.0,1005.3
2025-07-01 13:00:06,0,0,1973,199.3,0,0.0,0,0.0,1005.3
2025-07-01 13:00:07,0,0,1973,199.3,0,0.0,0,0.0,1005.3
2025-07-01 13:00:07,0,0,1973,199.3,0,0.0,0,0.0,1005.3
2025-07-01 13:00:07,0,0,1973,199.3,0,0.0,0,0.0,1005.3
2025-07-01 13:00:07,0,0,1973,199.3,0,0.0,0,0.0,1005.3
2025-07-01 13:00:07,0,1,1789,188.7,0,0.0,0,0.0,1005.1
2025-07-01 13:00:07,0,1,1789,188.7,0,0.0,0,0.0,1005.1
2025-07-01 13:00:07,0,1,1789,188.7,0,0.0,0,0.0,1005.1
2025-07-01 13:00:07,0,1,1789,188.7,0,0.0,0,0.0,1005.1
2025-07-01 13:00:08,0,1,1789,188.7,0,0.0,0,0.0,1005.1
2025-07-01 13:00:08,0,1,1789,188.7,0,0.0,0,0.0,1005.1
2025-07-01 13:00:08,0,1,1789,188.7,0,0.0,0,0.0,1005.1
2025-07-01 13:00:08,0,1,1789,188.7,0,0.0,0,0.0,1005.1
2025-07-01 13:00:08,0,1,1789,188.7,0,0.0,0,0.0,1005.1
2025-07-01 13:00:08,0,0,1762,130.4,0,0.0,0,0.0,1001.0
2025-07-01 13:00:08,0,0,1762,130.4,0,0.0,0,0.0,1001.0
2025-07-01 13:00:08,0,0,1762,130.4,0,0.0,0,0.0,1001.0
2025-07-01 13:00:09,0,0,1762,130.4,0,0.0,0,0.0,1001.0
2025-07-01 13:00:09,0,0,1762,130.4,0,0.0,0,0.0,1001.0
2025-07-01 13:00:09,0,0,1762,130.4,0,0.0,0,0.0,1001.0
2025-07-01 13:00:09,0,0,1762,130.4,0,0.0,0,0.0,1001.0
2025-07-01 13:00:09,0,0,1762,130.4,0,0.0,0,0.0,1001.0
2025-07-01 13:00:09,0,0,1936,130.4,0,0.0,0,0.0,1006.5
2025-07-01 13:00:09,0,0,1936,130.4,0,0.0,0,0.0,1006.5
2025-07-01 13:00:09,0,0,1936,130.4,0,0.0,0,0.0,1006.5
2025-07-01 13:00:10,0,0,1936,130.4,0,0.0,0,0.0,1006.5
2025-07-01 13:00:10,0,0,1936,130.4,0,0.0,0,0.0,1006.5
2025-07-01 13:00:10,0,0,1936,130.4,0,0.0,0,0.0,1006.5
2025-07-01 13:00:10,0,0,1936,130.4,0,0.0,0,0.0,1006.5
2025-07-01 13:00:10,0,0,1936,130.4,0,0.0,0,0.0,1006.5
2025-07-01 13:00:10,0,0,1913,130.4,0,0.0,0,0.0,998.7
2025-07-01 13:00:10,0,0,1913,130.4,0,0.0,0,0.0,998.7
2025-07-01 13:00:11,0,0,1913,130.4,0,0.0,0,0.0,998.7
2025-07-01 13:00:11,0,0,1913,130.4,0,0.0,0,0.0,998.7
2025-07-01 13:00:11,0,0,1913,130.4,0,0.0,0,0.0,998.7
2025-07-01 13:00:11,0,0,1913,130.4,0,0.0,0,0.0,998.7
2025-07-01 13:00:11,0,0,1913,130.4,0,0.0,0,0.0,998.7
2025-07-01 13:00:11,0,0,1913,130.4,0,0.0,0,0.0,998.7
2025-07-01 13:00:11,0,1,1793,130.4,0,0.0,0,0.0,1004.5
2025-07-01 13:00:11,0,1,1793,130.4,0,0.0,0,0.0,1004.5
2025-07-01 13:00:12,0,1,1793,130.4,0,0.0,0,0.0,1004.5
2025-07-01 13:00:12,0,1,1793,130.4,0,0.0,0,0.0,1004.5
2025-07-01 13:00:12,0,1,1793,130.4,0,0.0,0,0.0,1004.5
2025-07-01 13:00:12,0,1,1793,130.4,0,0.0,0,0.0,1004.5
2025-07-01 13:00:12,0,1,1793,130.4,0,0.0,0,0.0,1004.5
2025-07-01 13:00:12,0,1,1793,130.4,0,0.0,0,0.0,1004.5
2025-07-01 13:00:12,0,1,1793,130.4,0,0.0,0,0.0,1004.5
2025-07-01 13:00:12,0,0,1916,130.4,0,0.0,0,0.0,1001.9
2025-07-01 13:00:13,0,0,1916,130.4,0,0.0,0,0.0,1001.9
2025-07-01 13:00:13,0,0,1916,130.4,0,0.0,0,0.0,1001.9
2025-07-01 13:00:13,0,0,1916,130.4,0,0.0,0,0.0,1001.9
2025-07-01 13:00:13,0,0,1916,130.4,0,0.0,0,0.0,1001.9
2025-07-01 13:00:13,0,0,1916,130.4,0,0.0,0,0.0,1001.9
2025-07-01 13:00:13,0,0,1916,130.4,0,0.0,0,0.0,1001.9
2025-07-01 13:00:13,0,0,1916,130.4,0,0.0,0,0.0,1001.9
2025-07-01 13:00:13,0,0,1916,130.4,0,0.0,0,0.0,1001.9
2025-07-01 13:00:13,0,1,1781,186.9,0,0.0,0,0.0,1001.0
2025-07-01 13:00:14,0,1,1781,186.9,0,0.0,0,0.0,1001.0
2025-07-01 13:00:14,0,1,1781,186.9,0,0.0,0,0.0,1001.0
2025-07-01 13:00:14,0,1,1781,186.9,0,0.0,0,0.0,1001.0
2025-07-01 13:00:14,0,1,1781,186.9,0,0.0,0,0.0,1001.0
2025-07-01 13:00:14,0,1,1781,186.9,0,0.0,0,0.0,1001.0
2025-07-01 13:00:14,0,1,1781,186.9,0,0.0,0,0.0,1001.0
2025-07-01 13:00:14,0,1,1781,186.9,0,0.0,0,0.0,1001.0
2025-07-01 13:00:15,0,0,1952,177.0,0,0.0,0,0.0,1002.3
2025-07-01 13:00:15,0,0,1952,177.0,0,0.0,0,0.0,1002.3
2025-07-01 13:00:15,0,0,1952,177.0,0,0.0,0,0.0,1002.3
2025-07-01 13:00:15,0,0,1952,177.0,0,0.0,0,0.0,1002.3
2025-07-01 13:00:15,0,0,1952,177.0,0,0.0,0,0.0,1002.3
2025-07-01 13:00:15,0,0,1952,177.0,0,0.0,0,0.0,1002.3
2025-07-01 13:00:15,0,0,1952,177.0,0,0.0,0,0.0,1002.3
2025-07-01 13:00:16,0,1,1796,177.0,0,0.0,0,0.0,998.3
2025-07-01 13:00:16,0,1,1796,177.0,0,0.0,0,0.0,998.3
2025-07-01 13:00:16,0,1,1796,177.0,0,0.0,0,0.0,998.3
2025-07-01 13:00:16,0,1,1796,177.0,0,0.0,0,0.0,998.3
2025-07-01 13:00:16,0,1,1796,177.0,0,0.0,0,0.0,998.3
2025-07-01 13:00:16,0,1,1796,177.0,0,0.0,0,0.0,998.3
2025-07-01 13:00:16,0,1,1796,177.0,0,0.0,0,0.0,998.3
2025-07-01 13:00:16,0,1,1796,177.0,0,0.0,0,0.0,998.3
2025-07-01 13:00:17,0,1,1796,177.0,0,0.0,0,0.0,998.3
2025-07-01 13:00:17,0,0,1932,189.3,0,0.0,0,0.0,1001.4
2025-07-01 13:00:17,0,0,1932,189.3,0,0.0,0,0.0,1001.4
2025-07-01 13:00:17,0,0,1932,189.3,0,0.0,0,0.0,1001.4
2025-07-01 13:00:17,0,0,1932,189.3,0,0.0,0,0.0,1001.4
2025-07-01 13:00:17,0,0,1932,189.3,0,0.0,0,0.0,1001.4
2025-07-01 13:00:17,0,0,1932,189.3,0,0.0,0,0.0,1001.4
2025-07-01 13:00:17,0,0,1932,189.3,0,0.0,0,0.0,1001.4
2025-07-01 13:00:17,0,0,1932,189.3,0,0.0,0,0.0,1001.4
2025-07-01 13:00:18,0,0,1932,189.3,0,0.0,0,0.0,1001.4
2025-07-01 13:00:18,0,1,1795,143.2,0,0.0,0,0.0,1001.3
2025-07-01 13:00:18,0,1,1795,143.2,0,0.0,0,0.0,1001.3
2025-07-01 13:00:18,0,1,1795,143.2,0,0.0,0,0.0,1001.3
2025-07-01 13:00:18,0,1,1795,143.2,0,0.0,0,0.0,1001.3
2025-07-01 13:00:18,0,1,1795,143.2,0,0.0,0,0.0,1001.3
2025-07-01 13:00:18,0,1,1795,143.2,0,0.0,0,0.0,1001.3
2025-07-01 13:00:18,0,1,1795,143.2,0,0.0,0,0.0,1001.3
2025-07-01 13:00:19,0,1,1795,143.2,0,0.0,0,0.0,1001.3
2025-07-01 13:00:19,0,0,1935,130.7,0,0.0,0,0.0,1002.6
2025-07-01 13:00:19,0,0,1935,130.7,0,0.0,0,0.0,1002.6
2025-07-01 13:00:19,0,0,1935,130.7,0,0.0,0,0.0,1002.6
2025-07-01 13:00:19,0,0,1935,130.7,0,0.0,0,0.0,1002.6
2025-07-01 13:00:19,0,0,1935,130.7,0,0.0,0,0.0,1002.6
2025-07-01 13:00:19,0,0,1935,130.7,0,0.0,0,0.0,1002.6
2025-07-01 13:00:19,0,0,1935,130.7,0,0.0,0,0.0,1002.6
2025-07-01 13:00:20,0,0,1935,130.7,0,0.0,0,0.0,1002.6
2025-07-01 13:00:20,0,0,1960,130.7,0,0.0,0,0.0,1002.2
2025-07-01 13:00:20,0,0,1960,130.7,0,0.0,0,0.0,1002.2
2025-07-01 13:00:20,0,0,1960,130.7,0,0.0,0,0.0,1002.2
2025-07-01 13:00:20,0,0,1960,130.7,0,0.0,0,0.0,1002.2
2025-07-01 13:00:20,0,0,1960,130.7,0,0.0,0,0.0,1002.2
2025-07-01 13:00:20,0,0,1960,130.7,0,0.0,0,0.0,1002.2
2025-07-01 13:00:21,0,0,1960,130.7,0,0.0,0,0.0,1002.2
2025-07-01 13:00:21,0,0,1965,130.7,0,0.0,0,0.0,1004.5
2025-07-01 13:00:21,0,0,1965,130.7,0,0.0,0,0.0,1004.5
2025-07-01 13:00:21,0,0,1965,130.7,0,0.0,0,0.0,1004.5
2025-07-01 13:00:21,0,0,1965,130.7,0,0.0,0,0.0,1004.5
2025-07-01 13:00:21,0,0,1965,130.7,0,0.0,0,0.0,1004.5
2025-07-01 13:00:21,0,0,1965,130.7,0,0.0,0,0.0,1004.5
2025-07-01 13:00:22,0,0,1965,130.7,0,0.0,0,0.0,1004.5
2025-07-01 13:00:22,0,0,1965,130.7,0,0.0,0,0.0,1004.5
2025-07-01 13:00:22,0,0,1878,130.7,0,0.0,0,0.0,1001.6
2025-07-01 13:00:22,0,0,1878,130.7,0,0.0,0,0.0,1001.6
2025-07-01 13:00:22,0,0,1878,130.7,0,0.0,0,0.0,1001.6
2025-07-01 13:00:22,0,0,1878,130.7,0,0.0,0,0.0,1001.6
2025-07-01 13:00:22,0,0,1878,130.7,0,0.0,0,0.0,1001.6
2025-07-01 13:00:22,0,0,1878,130.7,0,0.0,0,0.0,1001.6
2025-07-01 13:00:23,0,0,1878,130.7,0,0.0,0,0.0,1001.6
2025-07-01 13:00:23,0,0,1878,130.7,0,0.0,0,0.0,1001.6
2025-07-01 13:00:23,0,0,1878,130.7,0,0.0,0,0.0,1001.6
2025-07-01 13:00:23,0,0,1787,188.1,0,0.0,0,0.0,1005.5
2025-07-01 13:00:23,0,0,1787,188.1,0,0.0,0,0.0,1005.5
2025-07-01 13:00:23,0,0,1787,188.1,0,0.0,0,0.0,1005.5
2025-07-01 13:00:23,0,0,1787,188.1,0,0.0,0,0.0,1005.5
2025-07-01 13:00:23,0,0,1787,188.1,0,0.0,0,0.0,1005.5
2025-07-01 13:00:24,0,0,1787,188.1,0,0.0,0,0.0,1005.5
2025-07-01 13:00:24,0,0,1787,188.1,0,0.0,0,0.0,1005.5
2025-07-01 13:00:24,0,0,1787,188.1,0,0.0,0,0.0,1005.5
2025-07-01 13:00:24,0,0,1935,188.1,0,0.0,0,0.0,1002.5
2025-07-01 13:00:24,0,0,1935,188.1,0,0.0,0,0.0,1002.5
2025-07-01 13:00:24,0,0,1935,188.1,0,0.0,0,0.0,1002.5
2025-07-01 13:00:24,0,0,1935,188.1,0,0.0,0,0.0,1002.5
2025-07-01 13:00:25,0,0,1935,188.1,0,0.0,0,0.0,1002.5
2025-07-01 13:00:25,0,0,1935,188.1,0,0.0,0,0.0,1002.5
2025-07-01 13:00:25,0,0,1935,188.1,0,0.0,0,0.0,1002.5
2025-07-01 13:00:25,0,0,1935,188.1,0,0.0,0,0.0,1002.5
2025-07-01 13:00:25,0,0,1831,188.1,0,0.0,0,0.0,1002.7
2025-07-01 13:00:25,0,0,1831,188.1,0,0.0,0,0.0,1002.7
2025-07-01 13:00:25,0,0,1831,188.1,0,0.0,0,0.0,1002.7
2025-07-01 13:00:25,0,0,1831,188.1,0,0.0,0,0.0,1002.7
2025-07-01 13:00:26,0,0,1831,188.1,0,0.0,0,0.0,1002.7
2025-07-01 13:00:26,0,0,1831,188.1,0,0.0,0,0.0,1002.7
2025-07-01 13:00:26,0,0,1831,188.1,0,0.0,0,0.0,1002.7
2025-07-01 13:00:26,0,0,1831,188.1,0,0.0,0,0.0,1002.7
2025-07-01 13:00:26,0,0,1830,175.4,0,0.0,0,0.0,1005.8
2025-07-01 13:00:26,0,0,1830,175.4,0,0.0,0,0.0,1005.8
2025-07-01 13:00:26,0,0,1830,175.4,0,0.0,0,0.0,1005.8
2025-07-01 13:00:26,0,0,1830,175.4,0,0.0,0,0.0,1005.8
2025-07-01 13:00:27,0,0,1830,175.4,0,0.0,0,0.0,1005.8
2025-07-01 13:00:27,0,0,1830,175.4,0,0.0,0,0.0,1005.8
2025-07-01 13:00:27,0,0,1830,175.4,0,0.0,0,0.0,1005.8
2025-07-01 13:00:27,0,0,1830,175.4,0,0.0,0,0.0,1005.8
2025-07-01 13:00:27,0,0,1452,175.4,0,0.0,0,0.0,1004.0
2025-07-01 13:00:27,0,0,1452,175.4,0,0.0,0,0.0,1004.0
2025-07-01 13:00:27,0,0,1452,175.4,0,0.0,0,0.0,1004.0
2025-07-01 13:00:27,0,0,1452,175.4,0,0.0,0,0.0,1004.0
2025-07-01 13:00:28,0,0,1452,175.4,0,0.0,0,0.0,1004.0
2025-07-01 13:00:28,0,0,1452,175.4,0,0.0,0,0.0,1004.0
2025-07-01 13:00:28,0,0,1452,175.4,0,0.0,0,0.0,1004.0
2025-07-01 13:00:28,0,0,1452,175.4,0,0.0,0,0.0,1004.0
2025-07-01 13:00:28,0,0,1481,175.4,0,0.0,0,0.0,1004.1
2025-07-01 13:00:28,0,0,1481,175.4,0,0.0,0,0.0,1004.1
2025-07-01 13:00:28,0,0,1481,175.4,0,0.0,0,0.0,1004.1
2025-07-01 13:00:29,0,0,1481,175.4,0,0.0,0,0.0,1004.1
2025-07-01 13:00:29,0,0,1481,175.4,0,0.0,0,0.0,1004.1
2025-07-01 13:00:29,0,0,1481,175.4,0,0.0,0,0.0,1004.1
2025-07-01 13:00:29,0,0,1481,175.4,0,0.0,0,0.0,1004.1
2025-07-01 13:00:29,0,0,1481,175.4,0,0.0,0,0.0,1004.1
2025-07-01 13:00:29,0,0,1481,175.4,0,0.0,0,0.0,1004.1
2025-07-01 13:00:29,0,1,1796,175.4,0,0.0,0,0.0,1000.4
2025-07-01 13:00:29,0,1,1796,175.4,0,0.0,0,0.0,1000.4
2025-07-01 13:00:29,0,1,1796,175.4,0,0.0,0,0.0,1000.4
2025-07-01 13:00:30,0,1,1796,175.4,0,0.0,0,0.0,1000.4
2025-07-01 13:00:30,0,1,1796,175.4,0,0.0,0,0.0,1000.4
2025-07-01 13:00:30,0,1,1796,175.4,0,0.0,0,0.0,1000.4
2025-07-01 13:00:30,0,1,1796,175.4,0,0.0,0,0.0,1000.4
2025-07-01 13:00:30,0,1,1796,175.4,0,0.0,0,0.0,1000.4
2025-07-01 13:00:30,0,1,1796,175.4,0,0.0,0,0.0,1000.4
2025-07-01 13:00:30,0,0,1758,175.4,0,0.0,0,0.0,1003.0
2025-07-01 13:00:30,0,0,1758,175.4,0,0.0,0,0.0,1003.0
2025-07-01 13:00:31,0,0,1758,175.4,0,0.0,0,0.0,1003.0
2025-07-01 13:00:31,0,0,1758,175.4,0,0.0,0,0.0,1003.0
2025-07-01 13:00:31,0,0,1758,175.4,0,0.0,0,0.0,1003.0
2025-07-01 13:00:31,0,0,1758,175.4,0,0.0,0,0.0,1003.0
2025-07-01 13:00:31,0,0,1758,175.4,0,0.0,0,0.0,1003.0
2025-07-01 13:00:33,0,1,1792,81.6,0,0.0,0,0.0,1000.2
2025-07-01 13:00:33,0,1,1792,81.6,0,0.0,0,0.0,1000.2
2025-07-01 13:00:33,0,1,1792,81.6,0,0.0,0,0.0,1000.2
2025-07-01 13:00:33,0,1,1792,81.6,0,0.0,0,0.0,1000.2
2025-07-01 13:00:33,0,1,1792,81.6,0,0.0,0,0.0,1000.2
2025-07-01 13:00:33,0,1,1792,81.6,0,0.0,0,0.0,1000.2
2025-07-01 13:00:33,0,1,1792,81.6,0,0.0,0,0.0,1000.2
2025-07-01 13:00:33,0,1,1792,81.6,0,0.0,0,0.0,1000.2
2025-07-01 13:00:34,0,0,1627,81.6,0,0.0,0,0.0,1004.4
2025-07-01 13:00:34,0,0,1627,81.6,0,0.0,0,0.0,1004.4
2025-07-01 13:00:34,0,0,1627,81.6,0,0.0,0,0.0,1004.4
2025-07-01 13:00:34,0,0,1627,81.6,0,0.0,0,0.0,1004.4
2025-07-01 13:00:34,0,0,1627,81.6,0,0.0,0,0.0,1004.4
2025-07-01 13:00:34,0,0,1627,81.6,0,0.0,0,0.0,1004.4
2025-07-01 13:00:34,0,0,1627,81.6,0,0.0,0,0.0,1004.4
2025-07-01 13:00:34,0,0,1627,81.6,0,0.0,0,0.0,1004.4
2025-07-01 13:00:35,0,0,1627,81.6,0,0.0,0,0.0,1004.4
2025-07-01 13:00:35,0,1,1784,81.6,0,0.0,0,0.0,1005.7
2025-07-01 13:00:35,0,1,1784,81.6,0,0.0,0,0.0,1005.7
2025-07-01 13:00:35,0,1,1784,81.6,0,0.0,0,0.0,1005.7
2025-07-01 13:00:35,0,1,1784,81.6,0,0.0,0,0.0,1005.7
2025-07-01 13:00:35,0,1,1784,81.6,0,0.0,0,0.0,1005.7
2025-07-01 13:00:35,0,1,1784,81.6,0,0.0,0,0.0,1005.7
2025-07-01 13:00:36,0,1,1784,81.6,0,0.0,0,0.0,1005.7
2025-07-01 13:00:36,0,1,1784,81.6,0,0.0,0,0.0,1005.7
2025-07-01 13:00:36,0,0,1847,81.6,0,0.0,0,0.0,1003.5
2025-07-01 13:00:36,0,0,1847,81.6,0,0.0,0,0.0,1003.5
2025-07-01 13:00:36,0,0,1847,81.6,0,0.0,0,0.0,1003.5
2025-07-01 13:00:36,0,0,1847,81.6,0,0.0,0,0.0,1003.5
2025-07-01 13:00:36,0,0,1847,81.6,0,0.0,0,0.0,1003.5
2025-07-01 13:00:36,0,0,1847,81.6,0,0.0,0,0.0,1003.5
2025-07-01 13:00:36,0,0,1847,81.6,0,0.0,0,0.0,1003.5
2025-07-01 13:00:37,0,0,1847,81.6,0,0.0,0,0.0,1003.5
2025-07-01 13:00:37,0,0,1847,81.6,0,0.0,0,0.0,1003.5
2025-07-01 13:00:37,0,0,1894,81.6,0,0.0,0,0.0,1004.1
2025-07-01 13:00:37,0,0,1894,81.6,0,0.0,0,0.0,1004.1
2025-07-01 13:00:37,0,0,1894,81.6,0,0.0,0,0.0,1004.1
2025-07-01 13:00:37,0,0,1894,81.6,0,0.0,0,0.0,1004.1
2025-07-01 13:00:37,0,0,1894,81.6,0,0.0,0,0.0,1004.1
2025-07-01 13:00:37,0,0,1894,81.6,0,0.0,0,0.0,1004.1
2025-07-01 13:00:38,0,0,1894,81.6,0,0.0,0,0.0,1004.1
2025-07-01 13:00:38,0,0,1894,81.6,0,0.0,0,0.0,1004.1
2025-07-01 13:00:38,0,0,1894,81.6,0,0.0,0,0.0,1004.1
2025-07-01 13:00:38,0,0,1972,81.6,0,0.0,0,0.0,1000.9
2025-07-01 13:00:38,0,0,1972,81.6,0,0.0,0,0.0,1000.9
2025-07-01 13:00:38,0,0,1972,81.6,0,0.0,0,0.0,1000.9
2025-07-01 13:00:38,0,0,1972,81.6,0,0.0,0,0.0,1000.9
2025-07-01 13:00:38,0,0,1972,81.6,0,0.0,0,0.0,1000.9
2025-07-01 13:00:39,0,0,1972,81.6,0,0.0,0,0.0,1000.9
2025-07-01 13:00:39,0,0,1972,81.6,0,0.0,0,0.0,1000.9
2025-07-01 13:00:39,0,0,1972,81.6,0,0.0,0,0.0,1000.9
2025-07-01 13:00:39,0,1,1799,81.6,0,0.0,0,0.0,1005.7
2025-07-01 13:00:39,0,1,1799,81.6,0,0.0,0,0.0,1005.7
2025-07-01 13:00:39,0,1,1799,81.6,0,0.0,0,0.0,1005.7
2025-07-01 13:00:39,0,1,1799,81.6,0,0.0,0,0.0,1005.7
2025-07-01 13:00:40,0,1,1799,81.6,0,0.0,0,0.0,1005.7
2025-07-01 13:00:40,0,1,1799,81.6,0,0.0,0,0.0,1005.7
2025-07-01 13:00:40,0,1,1799,81.6,0,0.0,0,0.0,1005.7
2025-07-01 13:00:40,0,1,1799,81.6,0,0.0,0,0.0,1005.7
2025-07-01 13:00:40,0,0,1886,81.6,0,0.0,0,0.0,999.0
2025-07-01 13:00:40,0,0,1886,81.6,0,0.0,0,0.0,999.0
2025-07-01 13:00:40,0,0,1886,81.6,0,0.0,0,0.0,999.0
2025-07-01 13:00:40,0,0,1886,81.6,0,0.0,0,0.0,999.0
2025-07-01 13:00:40,0,0,1886,81.6,0,0.0,0,0.0,999.0
2025-07-01 13:00:41,0,0,1886,81.6,0,0.0,0,0.0,999.0
2025-07-01 13:00:41,0,0,1886,81.6,0,0.0,0,0.0,999.0
2025-07-01 13:00:41,0,0,1886,81.6,0,0.0,0,0.0,999.0
2025-07-01 13:00:41,0,0,1886,81.6,0,0.0,0,0.0,999.0
2025-07-01 13:00:41,0,0,1778,81.6,0,0.0,0,0.0,1000.6
2025-07-01 13:00:41,0,0,1778,81.6,0,0.0,0,0.0,1000.6
2025-07-01 13:00:41,0,0,1778,81.6,0,0.0,0,0.0,1000.6
2025-07-01 13:00:42,0,0,1778,81.6,0,0.0,0,0.0,1000.6
2025-07-01 13:00:42,0,0,1778,81.6,0,0.0,0,0.0,1000.6
2025-07-01 13:00:42,0,0,1778,81.6,0,0.0,0,0.0,1000.6
2025-07-01 13:00:42,0,0,1778,81.6,0,0.0,0,0.0,1000.6
2025-07-01 13:00:42,0,0,1778,81.6,0,0.0,0,0.0,1000.6
2025-07-01 13:00:42,0,0,1778,81.6,0,0.0,0,0.0,1000.6
2025-07-01 13:00:42,0,0,1977,158.3,0,0.0,0,0.0,1002.0
2025-07-01 13:00:42,0,0,1977,158.3,0,0.0,0,0.0,1002.0
2025-07-01 13:00:42,0,0,1977,158.3,0,0.0,0,0.0,1002.0
2025-07-01 13:00:43,0,0,1977,158.3,0,0.0,0,0.0,1002.0
2025-07-01 13:00:43,0,0,1977,158.3,0,0.0,0,0.0,1002.0
2025-07-01 13:00:43,0,0,1977,158.3,0,0.0,0,0.0,1002.0
2025-07-01 13:00:43,0,0,1977,158.3,0,0.0,0,0.0,1002.0
2025-07-01 13:00:43,0,0,1977,158.3,0,0.0,0,0.0,1002.0
2025-07-01 13:00:43,0,1,1786,166.7,0,0.0,0,0.0,999.5
2025-07-01 13:00:43,0,1,1786,166.7,0,0.0,0,0.0,999.5
2025-07-01 13:00:43,0,1,1786,166.7,0,0.0,0,0.0,999.5
2025-07-01 13:00:44,0,1,1786,166.7,0,0.0,0,0.0,999.5
2025-07-01 13:00:44,0,1,1786,166.7,0,0.0,0,0.0,999.5
2025-07-01 13:00:44,0,1,1786,166.7,0,0.0,0,0.0,999.5
2025-07-01 13:00:44,0,1,1786,166.7,0,0.0,0,0.0,999.5
2025-07-01 13:00:44,0,1,1786,166.7,0,0.0,0,0.0,999.5
2025-07-01 13:00:44,0,1,1786,166.7,0,0.0,0,0.0,999.5
2025-07-01 13:00:44,0,0,1926,187.5,0,0.0,0,0.0,1006.0
2025-07-01 13:00:44,0,0,1926,187.5,0,0.0,0,0.0,1006.0
2025-07-01 13:00:45,0,0,1926,187.5,0,0.0,0,0.0,1006.0
2025-07-01 13:00:45,0,0,1926,187.5,0,0.0,0,0.0,1006.0
2025-07-01 13:00:45,0,0,1926,187.5,0,0.0,0,0.0,1006.0
2025-07-01 13:00:45,0,0,1926,187.5,0,0.0,0,0.0,1006.0
2025-07-01 13:00:45,0,0,1926,187.5,0,0.0,0,0.0,1006.0
2025-07-01 13:00:45,0,0,1926,187.5,0,0.0,0,0.0,1006.0
2025-07-01 13:00:45,0,0,1965,187.5,0,0.0,0,0.0,998.3
2025-07-01 13:00:45,0,0,1965,187.5,0,0.0,0,0.0,998.3
2025-07-01 13:00:46,0,0,1965,187.5,0,0.0,0,0.0,998.3
2025-07-01 13:00:46,0,0,1965,187.5,0,0.0,0,0.0,998.3
2025-07-01 13:00:46,0,0,1965,187.5,0,0.0,0,0.0,998.3
2025-07-01 13:00:46,0,0,1965,187.5,0,0.0,0,0.0,998.3
2025-07-01 13:00:46,0,0,1965,187.5,0,0.0,0,0.0,998.3
2025-07-01 13:00:46,0,0,1965,187.5,0,0.0,0,0.0,998.3
2025-07-01 13:00:46,0,0,1965,187.5,0,0.0,0,0.0,998.3
2025-07-01 13:00:46,0,1,1795,187.5,0,0.0,0,0.0,1003.7
2025-07-01 13:00:47,0,1,1795,187.5,0,0.0,0,0.0,1003.7
2025-07-01 13:00:47,0,1,1795,187.5,0,0.0,0,0.0,1003.7
2025-07-01 13:00:47,0,1,1795,187.5,0,0.0,0,0.0,1003.7
2025-07-01 13:00:47,0,1,1795,187.5,0,0.0,0,0.0,1003.7
2025-07-01 13:00:47,0,1,1795,187.5,0,0.0,0,0.0,1003.7
2025-07-01 13:00:47,0,1,1795,187.5,0,0.0,0,0.0,1003.7
2025-07-01 13:00:47,0,1,1795,187.5,0,0.0,0,0.0,1003.7
2025-07-01 13:00:47,0,1,1795,187.5,0,0.0,0,0.0,1003.7
2025-07-01 13:00:48,0,0,1863,187.5,0,0.0,0,0.0,1001.0
2025-07-01 13:00:48,0,0,1863,187.5,0,0.0,0,0.0,1001.0
2025-07-01 13:00:48,0,0,1863,187.5,0,0.0,0,0.0,1001.0
2025-07-01 13:00:48,0,0,1863,187.5,0,0.0,0,0.0,1001.0
2025-07-01 13:00:48,0,0,1863,187.5,0,0.0,0,0.0,1001.0
2025-07-01 13:00:48,0,0,1863,187.5,0,0.0,0,0.0,1001.0
2025-07-01 13:00:48,0,0,1863,187.5,0,0.0,0,0.0,1001.0
2025-07-01 13:00:48,0,0,1863,187.5,0,0.0,0,0.0,1001.0
2025-07-01 13:00:48,0,0,1863,187.5,0,0.0,0,0.0,1001.0
2025-07-01 13:00:49,0,1,1788,187.5,0,0.0,0,0.0,1006.7
2025-07-01 13:00:49,0,1,1788,187.5,0,0.0,0,0.0,1006.7
2025-07-01 13:00:49,0,1,1788,187.5,0,0.0,0,0.0,1006.7
2025-07-01 13:00:49,0,1,1788,187.5,0,0.0,0,0.0,1006.7
2025-07-01 13:00:49,0,1,1788,187.5,0,0.0,0,0.0,1006.7
2025-07-01 13:00:49,0,1,1788,187.5,0,0.0,0,0.0,1006.7
2025-07-01 13:00:49,0,1,1788,187.5,0,0.0,0,0.0,1006.7
2025-07-01 13:00:49,0,1,1788,187.5,0,0.0,0,0.0,1006.7
2025-07-01 13:00:50,0,1,1792,142.5,0,0.0,0,0.0,1004.1
2025-07-01 13:00:50,0,1,1792,142.5,0,0.0,0,0.0,1004.1
2025-07-01 13:00:50,0,1,1792,142.5,0,0.0,0,0.0,1004.1
2025-07-01 13:00:50,0,1,1792,142.5,0,0.0,0,0.0,1004.1
2025-07-01 13:00:50,0,1,1792,142.5,0,0.0,0,0.0,1004.1
2025-07-01 13:00:50,0,1,1792,142.5,0,0.0,0,0.0,1004.1
2025-07-01 13:00:50,0,1,1792,142.5,0,0.0,0,0.0,1004.1
2025-07-01 13:00:50,0,1,1792,142.5,0,0.0,0,0.0,1004.1
2025-07-01 13:00:51,0,1,1792,142.5,0,0.0,0,0.0,1004.1
2025-07-01 13:00:51,0,1,1791,142.5,0,0.0,0,0.0,1004.7
2025-07-01 13:00:51,0,1,1791,142.5,0,0.0,0,0.0,1004.7
2025-07-01 13:00:51,0,1,1791,142.5,0,0.0,0,0.0,1004.7
2025-07-01 13:00:51,0,1,1791,142.5,0,0.0,0,0.0,1004.7
2025-07-01 13:00:51,0,1,1791,142.5,0,0.0,0,0.0,1004.7
2025-07-01 13:00:51,0,1,1791,142.5,0,0.0,0,0.0,1004.7
2025-07-01 13:00:51,0,1,1791,142.5,0,0.0,0,0.0,1004.7
2025-07-01 13:00:52,0,1,1791,142.5,0,0.0,0,0.0,1004.7
2025-07-01 13:00:52,0,1,1791,142.5,0,0.0,0,0.0,1004.7
2025-07-01 13:00:52,0,0,1955,142.5,0,0.0,0,0.0,1000.0
2025-07-01 13:00:52,0,0,1955,142.5,0,0.0,0,0.0,1000.0
2025-07-01 13:00:52,0,0,1955,142.5,0,0.0,0,0.0,1000.0
2025-07-01 13:00:52,0,0,1955,142.5,0,0.0,0,0.0,1000.0
2025-07-01 13:00:52,0,0,1955,142.5,0,0.0,0,0.0,1000.0
2025-07-01 13:00:52,0,0,1955,142.5,0,0.0,0,0.0,1000.0
2025-07-01 13:00:53,0,0,1955,142.5,0,0.0,0,0.0,1000.0
2025-07-01 13:00:53,0,0,1955,142.5,0,0.0,0,0.0,1000.0
2025-07-01 13:00:53,0,0,1955,142.5,0,0.0,0,0.0,1000.0
2025-07-01 13:00:53,0,0,1942,142.5,0,0.0,0,0.0,1002.2
2025-07-01 13:00:53,0,0,1942,142.5,0,0.0,0,0.0,1002.2
2025-07-01 13:00:53,0,0,1942,142.5,0,0.0,0,0.0,1002.2
2025-07-01 13:00:53,0,0,1942,142.5,0,0.0,0,0.0,1002.2
2025-07-01 13:00:53,0,0,1942,142.5,0,0.0,0,0.0,1002.2
2025-07-01 13:00:53,0,0,1942,142.5,0,0.0,0,0.0,1002.2
2025-07-01 13:00:54,0,0,1942,142.5,0,0.0,0,0.0,1002.2
2025-07-01 13:00:54,0,0,1942,142.5,0,0.0,0,0.0,1002.2
2025-07-01 13:00:54,0,0,1942,142.5,0,0.0,0,0.0,1002.2
2025-07-01 13:00:54,0,0,1778,142.5,0,0.0,0,0.0,1003.5
2025-07-01 13:00:54,0,0,1778,142.5,0,0.0,0,0.0,1003.5
2025-07-01 13:00:54,0,0,1778,142.5,0,0.0,0,0.0,1003.5
2025-07-01 13:00:54,0,0,1778,142.5,0,0.0,0,0.0,1003.5
2025-07-01 13:00:54,0,0,1778,142.5,0,0.0,0,0.0,1003.5
2025-07-01 13:00:55,0,0,1778,142.5,0,0.0,0,0.0,1003.5
2025-07-01 13:00:55,0,0,1778,142.5,0,0.0,0,0.0,1003.5
2025-07-01 13:00:55,0,0,1778,142.5,0,0.0,0,0.0,1003.5
2025-07-01 13:00:55,0,1,1802,126.1,0,0.0,0,0.0,1004.4
2025-07-01 13:00:55,0,1,1802,126.1,0,0.0,0,0.0,1004.4
2025-07-01 13:00:55,0,1,1802,126.1,0,0.0,0,0.0,1004.4
2025-07-01 13:00:55,0,1,1802,126.1,0,0.0,0,0.0,1004.4
2025-07-01 13:00:55,0,1,1802,126.1,0,0.0,0,0.0,1004.4
2025-07-01 13:00:56,0,1,1802,126.1,0,0.0,0,0.0,1004.4
2025-07-01 13:00:56,0,1,1802,126.1,0,0.0,0,0.0,1004.4
2025-07-01 13:00:56,0,1,1802,126.1,0,0.0,0,0.0,1004.4
2025-07-01 13:00:56,0,1,1802,126.1,0,0.0,0,0.0,1004.4
2025-07-01 13:00:56,0,0,1820,126.1,0,0.0,0,0.0,1000.8
2025-07-01 13:00:56,0,0,1820,126.1,0,0.0,0,0.0,1000.8
2025-07-01 13:00:56,0,0,1820,126.1,0,0.0,0,0.0,1000.8
2025-07-01 13:00:56,0,0,1820,126.1,0,0.0,0,0.0,1000.8
2025-07-01 13:00:57,0,0,1820,126.1,0,0.0,0,0.0,1000.8
2025-07-01 13:00:57,0,0,1820,126.1,0,0.0,0,0.0,1000.8
2025-07-01 13:00:57,0,0,1820,126.1,0,0.0,0,0.0,1000.8
2025-07-01 13:00:57,0,0,1820,126.1,0,0.0,0,0.0,1000.8
2025-07-01 13:00:57,0,0,1405,126.1,0,0.0,0,0.0,1004.4
2025-07-01 13:00:57,0,0,1405,126.1,0,0.0,0,0.0,1004.4
2025-07-01 13:00:57,0,0,1405,126.1,0,0.0,0,0.0,1004.4
2025-07-01 13:00:57,0,0,1405,126.1,0,0.0,0,0.0,1004.4
2025-07-01 13:00:58,0,0,1405,126.1,0,0.0,0,0.0,1004.4
2025-07-01 13:00:58,0,0,1405,126.1,0,0.0,0,0.0,1004.4
2025-07-01 13:00:58,0,0,1405,126.1,0,0.0,0,0.0,1004.4
2025-07-01 13:00:58,0,0,1405,126.1,0,0.0,0,0.0,1004.4
2025-07-01 13:00:58,0,0,1405,126.1,0,0.0,0,0.0,1004.4
2025-07-01 13:00:58,0,0,1979,176.5,0,0.0,0,0.0,1002.5
2025-07-01 13:00:58,0,0,1979,176.5,0,0.0,0,0.0,1002.5
2025-07-01 13:00:58,0,0,1979,176.5,0,0.0,0,0.0,1002.5
2025-07-01 13:00:59,0,0,1979,176.5,0,0.0,0,0.0,1002.5
2025-07-01 13:00:59,0,0,1979,176.5,0,0.0,0,0.0,1002.5
2025-07-01 13:00:59,0,0,1979,176.5,0,0.0,0,0.0,1002.5
2025-07-01 13:00:59,0,0,1979,176.5,0,0.0,0,0.0,1002.5
2025-07-01 13:00:59,0,0,1926,107.3,0,0.0,0,0.0,1003.2
2025-07-01 13:00:59,0,0,1926,107.3,0,0.0,0,0.0,1003.2
2025-07-01 13:00:59,0,0,1926,107.3,0,0.0,0,0.0,1003.2
2025-07-01 13:01:00,0,0,1926,107.3,0,0.0,0,0.0,1003.2
2025-07-01 13:01:00,0,0,1926,107.3,0,0.0,0,0.0,1003.2
2025-07-01 13:01:00,0,0,1926,107.3,0,0.0,0,0.0,1003.2
2025-07-01 13:01:00,0,0,1926,107.3,0,0.0,0,0.0,1003.2
2025-07-01 13:01:00,0,0,1926,107.3,0,0.0,0,0.0,1003.2
2025-07-01 13:01:00,0,0,1926,107.3,0,0.0,0,0.0,1003.2
2025-07-01 13:01:00,0,0,1910,107.3,0,0.0,0,0.0,1003.5
2025-07-01 13:01:00,0,0,1910,107.3,0,0.0,0,0.0,1003.5
2025-07-01 13:01:01,0,0,1910,107.3,0,0.0,0,0.0,1003.5
2025-07-01 13:01:01,0,0,1910,107.3,0,0.0,0,0.0,1003.5
2025-07-01 13:01:01,0,0,1910,107.3,0,0.0,0,0.0,1003.5
2025-07-01 13:01:01,0,0,1910,107.3,0,0.0,0,0.0,1003.5
2025-07-01 13:01:01,0,0,1910,107.3,0,0.0,0,0.0,1003.5
2025-07-01 13:01:01,0,0,1910,107.3,0,0.0,0,0.0,1003.5
2025-07-01 13:01:01,0,0,1910,107.3,0,0.0,0,0.0,1003.5
2025-07-01 13:01:01,0,0,1902,107.3,0,0.0,0,0.0,1001.7
2025-07-01 13:01:01,0,0,1902,107.3,0,0.0,0,0.0,1001.7
2025-07-01 13:01:02,0,0,1902,107.3,0,0.0,0,0.0,1001.7
2025-07-01 13:01:02,0,0,1902,107.3,0,0.0,0,0.0,1001.7
2025-07-01 13:01:02,0,0,1902,107.3,0,0.0,0,0.0,1001.7
2025-07-01 13:01:02,0,0,1902,107.3,0,0.0,0,0.0,1001.7
2025-07-01 13:01:02,0,0,1902,107.3,0,0.0,0,0.0,1001.7
2025-07-01 13:01:02,0,0,1902,107.3,0,0.0,0,0.0,1001.7
2025-07-01 13:01:02,0,0,1902,107.3,0,0.0,0,0.0,1001.7
2025-07-01 13:01:02,0,0,1906,190.5,0,0.0,0,0.0,1001.8
2025-07-01 13:01:03,0,0,1906,190.5,0,0.0,0,0.0,1001.8
2025-07-01 13:01:03,0,0,1906,190.5,0,0.0,0,0.0,1001.8
2025-07-01 13:01:03,0,0,1906,190.5,0,0.0,0,0.0,1001.8
2025-07-01 13:01:03,0,0,1906,190.5,0,0.0,0,0.0,1001.8
2025-07-01 13:01:03,0,0,1906,190.5,0,0.0,0,0.0,1001.8
2025-07-01 13:01:03,0,0,1906,190.5,0,0.0,0,0.0,1001.8
2025-07-01 13:01:03,0,0,1906,190.5,0,0.0,0,0.0,1001.8
2025-07-01 13:01:03,0,0,1906,190.5,0,0.0,0,0.0,1001.8
2025-07-01 13:01:04,0,0,1843,190.5,0,0.0,0,0.0,1006.0
2025-07-01 13:01:04,0,0,1843,190.5,0,0.0,0,0.0,1006.0
2025-07-01 13:01:04,0,0,1843,190.5,0,0.0,0,0.0,1006.0
2025-07-01 13:01:04,0,0,1843,190.5,0,0.0,0,0.0,1006.0
2025-07-01 13:01:04,0,0,1843,190.5,0,0.0,0,0.0,1006.0
2025-07-01 13:01:04,0,0,1843,190.5,0,0.0,0,0.0,1006.0
2025-07-01 13:01:04,0,0,1843,190.5,0,0.0,0,0.0,1006.0
2025-07-01 13:01:04,0,0,1843,190.5,0,0.0,0,0.0,1006.0
2025-07-01 13:01:04,0,0,1843,190.5,0,0.0,0,0.0,1006.0
2025-07-01 13:01:05,0,0,1964,178.6,0,0.0,0,0.0,1006.2
2025-07-01 13:01:05,0,0,1964,178.6,0,0.0,0,0.0,1006.2
2025-07-01 13:01:05,0,0,1964,178.6,0,0.0,0,0.0,1006.2
2025-07-01 13:01:05,0,0,1964,178.6,0,0.0,0,0.0,1006.2
2025-07-01 13:01:05,0,0,1964,178.6,0,0.0,0,0.0,1006.2
2025-07-01 13:01:05,0,0,1964,178.6,0,0.0,0,0.0,1006.2
2025-07-01 13:01:05,0,0,1964,178.6,0,0.0,0,0.0,1006.2
2025-07-01 13:01:05,0,0,1964,178.6,0,0.0,0,0.0,1006.2
2025-07-01 13:01:06,0,0,1964,178.6,0,0.0,0,0.0,1006.2
2025-07-01 13:01:06,0,0,1958,178.6,0,0.0,0,0.0,996.9
2025-07-01 13:01:06,0,0,1958,178.6,0,0.0,0,0.0,996.9
2025-07-01 13:01:06,0,0,1958,178.6,0,0.0,0,0.0,996.9
2025-07-01 13:01:06,0,0,1958,178.6,0,0.0,0,0.0,996.9
2025-07-01 13:01:06,0,0,1958,178.6,0,0.0,0,0.0,996.9
2025-07-01 13:01:06,0,0,1958,178.6,0,0.0,0,0.0,996.9
2025-07-01 13:01:06,0,0,1958,178.6,0,0.0,0,0.0,996.9
2025-07-01 13:01:06,0,0,1958,178.6,0,0.0,0,0.0,996.9
2025-07-01 13:01:07,0,0,1958,178.6,0,0.0,0,0.0,996.9
2025-07-01 13:01:07,0,0,1819,178.6,0,0.0,0,0.0,1001.6
2025-07-01 13:01:07,0,0,1819,178.6,0,0.0,0,0.0,1001.6
2025-07-01 13:01:07,0,0,1819,178.6,0,0.0,0,0.0,1001.6
2025-07-01 13:01:07,0,0,1819,178.6,0,0.0,0,0.0,1001.6
2025-07-01 13:01:07,0,0,1819,178.6,0,0.0,0,0.0,1001.6
2025-07-01 13:01:07,0,0,1819,178.6,0,0.0,0,0.0,1001.6
2025-07-01 13:01:08,0,0,1819,178.6,0,0.0,0,0.0,1001.6
2025-07-01 13:01:08,0,0,1819,178.6,0,0.0,0,0.0,1001.6
2025-07-01 13:01:08,0,0,1819,178.6,0,0.0,0,0.0,1001.6
2025-07-01 13:01:08,0,0,1819,178.6,0,0.0,0,0.0,1001.6
2025-07-01 13:01:08,0,0,1819,178.6,0,0.0,0,0.0,1001.6
2025-07-01 13:01:08,0,0,1819,178.6,0,0.0,0,0.0,1001.6
2025-07-01 13:01:08,0,0,1819,178.6,0,0.0,0,0.0,1001.6
2025-07-01 13:01:08,0,0,1819,178.6,0,0.0,0,0.0,1001.6
2025-07-01 13:01:08,0,0,1819,178.6,0,0.0,0,0.0,1001.6
2025-07-01 13:01:09,0,0,1819,178.6,0,0.0,0,0.0,1001.6
2025-07-01 13:01:09,0,0,1819,178.6,0,0.0,0,0.0,1001.6
2025-07-01 13:01:09,0,1,1780,178.6,0,0.0,0,0.0,1002.4
2025-07-01 13:01:09,0,1,1780,178.6,0,0.0,0,0.0,1002.4
2025-07-01 13:01:09,0,1,1780,178.6,0,0.0,0,0.0,1002.4
2025-07-01 13:01:09,0,1,1780,178.6,0,0.0,0,0.0,1002.4
2025-07-01 13:01:09,0,1,1780,178.6,0,0.0,0,0.0,1002.4
2025-07-01 13:01:09,0,1,1780,178.6,0,0.0,0,0.0,1002.4
2025-07-01 13:01:09,0,1,1780,178.6,0,0.0,0,0.0,1002.4
2025-07-01 13:01:10,0,1,1780,178.6,0,0.0,0,0.0,1002.4
2025-07-01 13:01:10,0,1,1780,178.6,0,0.0,0,0.0,1002.4
2025-07-01 13:01:10,0,1,1780,178.6,0,0.0,0,0.0,1002.4
2025-07-01 13:01:10,0,1,1780,178.6,0,0.0,0,0.0,1002.4
2025-07-01 13:01:10,0,1,1780,178.6,0,0.0,0,0.0,1002.4
2025-07-01 13:01:10,0,1,1780,178.6,0,0.0,0,0.0,1002.4
2025-07-01 13:01:10,0,1,1780,178.6,0,0.0,0,0.0,1002.4
2025-07-01 13:01:10,0,1,1780,178.6,0,0.0,0,0.0,1002.4
2025-07-01 13:01:11,0,1,1780,178.6,0,0.0,0,0.0,1002.4
2025-07-01 13:01:11,0,1,1780,178.6,0,0.0,0,0.0,1002.4
2025-07-01 13:01:11,0,1,1780,178.6,0,0.0,0,0.0,1002.4
2025-07-01 13:01:11,0,1,1797,150.0,0,0.0,0,0.0,999.7
2025-07-01 13:01:11,0,1,1797,150.0,0,0.0,0,0.0,999.7
2025-07-01 13:01:11,0,1,1797,150.0,0,0.0,0,0.0,999.7
2025-07-01 13:01:11,0,1,1797,150.0,0,0.0,0,0.0,999.7
2025-07-01 13:01:11,0,1,1797,150.0,0,0.0,0,0.0,999.7
2025-07-01 13:01:11,0,1,1797,150.0,0,0.0,0,0.0,999.7
2025-07-01 13:01:12,0,1,1797,150.0,0,0.0,0,0.0,999.7
2025-07-01 13:01:12,0,1,1797,150.0,0,0.0,0,0.0,999.7
2025-07-01 13:01:12,0,1,1797,150.0,0,0.0,0,0.0,999.7
2025-07-01 13:01:12,0,0,1671,150.0,0,0.0,0,0.0,1000.1
2025-07-01 13:01:12,0,0,1671,150.0,0,0.0,0,0.0,1000.1
2025-07-01 13:01:12,0,0,1671,150.0,0,0.0,0,0.0,1000.1
2025-07-01 13:01:12,0,0,1671,150.0,0,0.0,0,0.0,1000.1
2025-07-01 13:01:12,0,0,1671,150.0,0,0.0,0,0.0,1000.1
2025-07-01 13:01:13,0,0,1671,150.0,0,0.0,0,0.0,1000.1
2025-07-01 13:01:13,0,0,1671,150.0,0,0.0,0,0.0,1000.1
2025-07-01 13:01:13,0,0,1671,150.0,0,0.0,0,0.0,1000.1
2025-07-01 13:01:13,0,0,1671,150.0,0,0.0,0,0.0,1000.1
2025-07-01 13:01:13,0,0,1827,104.2,0,0.0,0,0.0,1004.4
2025-07-01 13:01:13,0,0,1827,104.2,0,0.0,0,0.0,1004.4
2025-07-01 13:01:13,0,0,1827,104.2,0,0.0,0,0.0,1004.4
2025-07-01 13:01:13,0,0,1827,104.2,0,0.0,0,0.0,1004.4
2025-07-01 13:01:14,0,0,1827,104.2,0,0.0,0,0.0,1004.4
2025-07-01 13:01:14,0,0,1827,104.2,0,0.0,0,0.0,1004.4
2025-07-01 13:01:14,0,0,1827,104.2,0,0.0,0,0.0,1004.4
2025-07-01 13:01:14,0,0,1827,104.2,0,0.0,0,0.0,1004.4
2025-07-01 13:01:14,0,0,1901,104.2,0,0.0,0,0.0,1007.1
2025-07-01 13:01:14,0,0,1901,104.2,0,0.0,0,0.0,1007.1
2025-07-01 13:01:14,0,0,1901,104.2,0,0.0,0,0.0,1007.1
2025-07-01 13:01:14,0,0,1901,104.2,0,0.0,0,0.0,1007.1
2025-07-01 13:01:15,0,0,1901,104.2,0,0.0,0,0.0,1007.1
2025-07-01 13:01:15,0,0,1901,104.2,0,0.0,0,0.0,1007.1
2025-07-01 13:01:15,0,0,1901,104.2,0,0.0,0,0.0,1007.1
2025-07-01 13:01:15,0,0,1901,104.2,0,0.0,0,0.0,1007.1
2025-07-01 13:01:15,0,0,1901,104.2,0,0.0,0,0.0,1007.1
2025-07-01 13:01:15,0,1,1788,104.2,0,0.0,0,0.0,998.5
2025-07-01 13:01:15,0,1,1788,104.2,0,0.0,0,0.0,998.5
2025-07-01 13:01:15,0,1,1788,104.2,0,0.0,0,0.0,998.5
2025-07-01 13:01:16,0,1,1788,104.2,0,0.0,0,0.0,998.5
2025-07-01 13:01:16,0,1,1788,104.2,0,0.0,0,0.0,998.5
2025-07-01 13:01:16,0,1,1788,104.2,0,0.0,0,0.0,998.5
2025-07-01 13:01:16,0,1,1788,104.2,0,0.0,0,0.0,998.5
2025-07-01 13:01:16,0,1,1788,104.2,0,0.0,0,0.0,998.5
2025-07-01 13:01:16,0,1,1787,158.3,0,0.0,0,0.0,1002.7
2025-07-01 13:01:16,0,1,1787,158.3,0,0.0,0,0.0,1002.7
2025-07-01 13:01:16,0,1,1787,158.3,0,0.0,0,0.0,1002.7
2025-07-01 13:01:17,0,1,1787,158.3,0,0.0,0,0.0,1002.7
2025-07-01 13:01:17,0,1,1787,158.3,0,0.0,0,0.0,1002.7
2025-07-01 13:01:17,0,1,1787,158.3,0,0.0,0,0.0,1002.7
2025-07-01 13:01:17,0,1,1787,158.3,0,0.0,0,0.0,1002.7
2025-07-01 13:01:17,0,1,1787,158.3,0,0.0,0,0.0,1002.7
2025-07-01 13:01:17,0,1,1781,130.7,0,0.0,0,0.0,1005.6
2025-07-01 13:01:17,0,1,1781,130.7,0,0.0,0,0.0,1005.6
2025-07-01 13:01:17,0,1,1781,130.7,0,0.0,0,0.0,1005.6
2025-07-01 13:01:18,0,1,1781,130.7,0,0.0,0,0.0,1005.6
2025-07-01 13:01:18,0,1,1781,130.7,0,0.0,0,0.0,1005.6
2025-07-01 13:01:18,0,1,1781,130.7,0,0.0,0,0.0,1005.6
2025-07-01 13:01:18,0,1,1781,130.7,0,0.0,0,0.0,1005.6
2025-07-01 13:01:18,0,0,1787,130.7,0,0.0,0,0.0,1006.5
2025-07-01 13:01:18,0,0,1787,130.7,0,0.0,0,0.0,1006.5
2025-07-01 13:01:18,0,0,1787,130.7,0,0.0,0,0.0,1006.5
2025-07-01 13:01:19,0,0,1787,130.7,0,0.0,0,0.0,1006.5
2025-07-01 13:01:19,0,0,1787,130.7,0,0.0,0,0.0,1006.5
2025-07-01 13:01:19,0,0,1787,130.7,0,0.0,0,0.0,1006.5
2025-07-01 13:01:19,0,0,1787,130.7,0,0.0,0,0.0,1006.5
2025-07-01 13:01:19,0,0,1787,130.7,0,0.0,0,0.0,1006.5
2025-07-01 13:01:19,0,0,1787,130.7,0,0.0,0,0.0,1006.5
2025-07-01 13:01:19,0,0,1721,165.7,0,0.0,0,0.0,1005.9
2025-07-01 13:01:20,0,0,1721,165.7,0,0.0,0,0.0,1005.9
2025-07-01 13:01:20,0,0,1721,165.7,0,0.0,0,0.0,1005.9
2025-07-01 13:01:20,0,0,1721,165.7,0,0.0,0,0.0,1005.9
2025-07-01 13:01:20,0,0,1721,165.7,0,0.0,0,0.0,1005.9
2025-07-01 13:01:20,0,0,1721,165.7,0,0.0,0,0.0,1005.9
2025-07-01 13:01:20,0,0,1721,165.7,0,0.0,0,0.0,1005.9
2025-07-01 13:01:20,0,0,1721,165.7,0,0.0,0,0.0,1005.9
2025-07-01 13:01:20,0,0,1875,165.7,0,0.0,0,0.0,1004.5
2025-07-01 13:01:20,0,0,1875,165.7,0,0.0,0,0.0,1004.5
2025-07-01 13:01:21,0,0,1875,165.7,0,0.0,0,0.0,1004.5
2025-07-01 13:01:21,0,0,1875,165.7,0,0.0,0,0.0,1004.5
2025-07-01 13:01:21,0,0,1875,165.7,0,0.0,0,0.0,1004.5
2025-07-01 13:01:21,0,0,1875,165.7,0,0.0,0,0.0,1004.5
2025-07-01 13:01:21,0,0,1875,165.7,0,0.0,0,0.0,1004.5
2025-07-01 13:01:21,0,0,1875,165.7,0,0.0,0,0.0,1004.5
2025-07-01 13:01:21,0,0,1695,86.0,0,0.0,0,0.0,1005.4
2025-07-01 13:01:22,0,0,1695,86.0,0,0.0,0,0.0,1005.4
2025-07-01 13:01:22,0,0,1695,86.0,0,0.0,0,0.0,1005.4
2025-07-01 13:01:22,0,0,1695,86.0,0,0.0,0,0.0,1005.4
2025-07-01 13:01:22,0,0,1695,86.0,0,0.0,0,0.0,1005.4
2025-07-01 13:01:22,0,0,1695,86.0,0,0.0,0,0.0,1005.4
2025-07-01 13:01:22,0,0,1695,86.0,0,0.0,0,0.0,1005.4
2025-07-01 13:01:22,0,0,1695,86.0,0,0.0,0,0.0,1005.4
2025-07-01 13:01:22,0,0,1695,86.0,0,0.0,0,0.0,1005.4
2025-07-01 13:01:22,0,0,1436,120.2,0,0.0,0,0.0,1004.8
2025-07-01 13:01:23,0,0,1436,120.2,0,0.0,0,0.0,1004.8
2025-07-01 13:01:23,0,0,1436,120.2,0,0.0,0,0.0,1004.8
2025-07-01 13:01:23,0,0,1436,120.2,0,0.0,0,0.0,1004.8
2025-07-01 13:01:23,0,0,1436,120.2,0,0.0,0,0.0,1004.8
2025-07-01 13:01:23,0,0,1436,120.2,0,0.0,0,0.0,1004.8
2025-07-01 13:01:23,0,0,1436,120.2,0,0.0,0,0.0,1004.8
2025-07-01 13:01:23,0,0,1436,120.2,0,0.0,0,0.0,1004.8
2025-07-01 13:01:24,0,0,1855,120.2,0,0.0,0,0.0,1004.3
2025-07-01 13:01:24,0,0,1855,120.2,0,0.0,0,0.0,1004.3
2025-07-01 13:01:24,0,0,1855,120.2,0,0.0,0,0.0,1004.3
2025-07-01 13:01:24,0,0,1855,120.2,0,0.0,0,0.0,1004.3
2025-07-01 13:01:24,0,0,1855,120.2,0,0.0,0,0.0,1004.3
2025-07-01 13:01:24,0,0,1855,120.2,0,0.0,0,0.0,1004.3
2025-07-01 13:01:24,0,0,1855,120.2,0,0.0,0,0.0,1004.3
2025-07-01 13:01:24,0,0,1855,120.2,0,0.0,0,0.0,1004.3
2025-07-01 13:01:24,0,0,1855,120.2,0,0.0,0,0.0,1004.3
2025-07-01 13:01:25,0,0,1529,149.6,0,0.0,0,0.0,1001.6
2025-07-01 13:01:25,0,0,1529,149.6,0,0.0,0,0.0,1001.6
2025-07-01 13:01:25,0,0,1529,149.6,0,0.0,0,0.0,1001.6
2025-07-01 13:01:25,0,0,1529,149.6,0,0.0,0,0.0,1001.6
2025-07-01 13:01:25,0,0,1529,149.6,0,0.0,0,0.0,1001.6
2025-07-01 13:01:25,0,0,1529,149.6,0,0.0,0,0.0,1001.6
2025-07-01 13:01:25,0,0,1529,149.6,0,0.0,0,0.0,1001.6
2025-07-01 13:01:25,0,0,1529,149.6,0,0.0,0,0.0,1001.6
2025-07-01 13:01:26,0,0,1529,149.6,0,0.0,0,0.0,1001.6
2025-07-01 13:01:26,0,0,1891,149.6,0,0.0,0,0.0,1002.4
2025-07-01 13:01:26,0,0,1891,149.6,0,0.0,0,0.0,1002.4
2025-07-01 13:01:26,0,0,1891,149.6,0,0.0,0,0.0,1002.4
2025-07-01 13:01:26,0,0,1891,149.6,0,0.0,0,0.0,1002.4
2025-07-01 13:01:26,0,0,1891,149.6,0,0.0,0,0.0,1002.4
2025-07-01 13:01:26,0,0,1891,149.6,0,0.0,0,0.0,1002.4
2025-07-01 13:01:26,0,0,1891,149.6,0,0.0,0,0.0,1002.4
2025-07-01 13:01:27,0,0,1891,149.6,0,0.0,0,0.0,1002.4
2025-07-01 13:01:27,0,0,1808,149.6,0,0.0,0,0.0,1004.2
2025-07-01 13:01:27,0,0,1808,149.6,0,0.0,0,0.0,1004.2
2025-07-01 13:01:27,0,0,1808,149.6,0,0.0,0,0.0,1004.2
2025-07-01 13:01:27,0,0,1808,149.6,0,0.0,0,0.0,1004.2
2025-07-01 13:01:27,0,0,1808,149.6,0,0.0,0,0.0,1004.2
2025-07-01 13:01:27,0,0,1808,149.6,0,0.0,0,0.0,1004.2
2025-07-01 13:01:27,0,0,1808,149.6,0,0.0,0,0.0,1004.2
2025-07-01 13:01:27,0,0,1808,149.6,0,0.0,0,0.0,1004.2
2025-07-01 13:01:28,0,0,1808,149.6,0,0.0,0,0.0,1004.2
2025-07-01 13:01:28,0,1,1802,187.5,0,0.0,0,0.0,1004.7
2025-07-01 13:01:28,0,1,1802,187.5,0,0.0,0,0.0,1004.7
2025-07-01 13:01:28,0,1,1802,187.5,0,0.0,0,0.0,1004.7
2025-07-01 13:01:28,0,1,1802,187.5,0,0.0,0,0.0,1004.7
2025-07-01 13:01:28,0,1,1802,187.5,0,0.0,0,0.0,1004.7
2025-07-01 13:01:28,0,1,1802,187.5,0,0.0,0,0.0,1004.7
2025-07-01 13:01:28,0,1,1802,187.5,0,0.0,0,0.0,1004.7
2025-07-01 13:01:29,0,1,1802,187.5,0,0.0,0,0.0,1004.7
2025-07-01 13:01:29,0,1,1802,187.5,0,0.0,0,0.0,1004.7
2025-07-01 13:01:29,0,1,1802,135.4,0,0.0,0,0.0,1000.8
2025-07-01 13:01:29,0,1,1802,135.4,0,0.0,0,0.0,1000.8
2025-07-01 13:01:29,0,1,1802,135.4,0,0.0,0,0.0,1000.8
2025-07-01 13:01:29,0,1,1802,135.4,0,0.0,0,0.0,1000.8
2025-07-01 13:01:29,0,1,1802,135.4,0,0.0,0,0.0,1000.8
2025-07-01 13:01:29,0,1,1802,135.4,0,0.0,0,0.0,1000.8
2025-07-01 13:01:29,0,1,1802,135.4,0,0.0,0,0.0,1000.8
2025-07-01 13:01:30,0,1,1802,135.4,0,0.0,0,0.0,1000.8
2025-07-01 13:01:30,0,0,1940,135.4,0,0.0,0,0.0,999.0
2025-07-01 13:01:30,0,0,1940,135.4,0,0.0,0,0.0,999.0
2025-07-01 13:01:30,0,0,1940,135.4,0,0.0,0,0.0,999.0
2025-07-01 13:01:30,0,0,1940,135.4,0,0.0,0,0.0,999.0
2025-07-01 13:01:30,0,0,1940,135.4,0,0.0,0,0.0,999.0
2025-07-01 13:01:30,0,0,1940,135.4,0,0.0,0,0.0,999.0
2025-07-01 13:01:31,0,0,1940,135.4,0,0.0,0,0.0,999.0
2025-07-01 13:01:31,0,0,1940,135.4,0,0.0,0,0.0,999.0
2025-07-01 13:01:31,0,1,1786,177.0,0,0.0,0,0.0,1003.4
2025-07-01 13:01:31,0,1,1786,177.0,0,0.0,0,0.0,1003.4
2025-07-01 13:01:31,0,1,1786,177.0,0,0.0,0,0.0,1003.4
2025-07-01 13:01:31,0,1,1786,177.0,0,0.0,0,0.0,1003.4
2025-07-01 13:01:31,0,1,1786,177.0,0,0.0,0,0.0,1003.4
2025-07-01 13:01:31,0,1,1786,177.0,0,0.0,0,0.0,1003.4
2025-07-01 13:01:32,0,1,1786,177.0,0,0.0,0,0.0,1003.4
2025-07-01 13:01:32,0,1,1786,177.0,0,0.0,0,0.0,1003.4
2025-07-01 13:01:32,0,1,1786,177.0,0,0.0,0,0.0,1003.4
2025-07-01 13:01:32,0,0,1842,177.0,0,0.0,0,0.0,1005.2
2025-07-01 13:01:32,0,0,1842,177.0,0,0.0,0,0.0,1005.2
2025-07-01 13:01:32,0,0,1842,177.0,0,0.0,0,0.0,1005.2
2025-07-01 13:01:32,0,0,1842,177.0,0,0.0,0,0.0,1005.2
2025-07-01 13:01:32,0,0,1842,177.0,0,0.0,0,0.0,1005.2
2025-07-01 13:01:32,0,0,1842,177.0,0,0.0,0,0.0,1005.2
2025-07-01 13:01:33,0,0,1842,177.0,0,0.0,0,0.0,1005.2
2025-07-01 13:01:33,0,0,1842,177.0,0,0.0,0,0.0,1005.2
2025-07-01 13:01:33,0,1,1788,177.0,0,0.0,0,0.0,1003.4
2025-07-01 13:01:33,0,1,1788,177.0,0,0.0,0,0.0,1003.4
2025-07-01 13:01:33,0,1,1788,177.0,0,0.0,0,0.0,1003.4
2025-07-01 13:01:33,0,1,1788,177.0,0,0.0,0,0.0,1003.4
2025-07-01 13:01:33,0,1,1788,177.0,0,0.0,0,0.0,1003.4
2025-07-01 13:01:34,0,1,1788,177.0,0,0.0,0,0.0,1003.4
2025-07-01 13:01:34,0,1,1788,177.0,0,0.0,0,0.0,1003.4
2025-07-01 13:01:34,0,1,1788,177.0,0,0.0,0,0.0,1003.4
2025-07-01 13:01:34,0,0,1651,177.0,0,0.0,0,0.0,1005.8
2025-07-01 13:01:34,0,0,1651,177.0,0,0.0,0,0.0,1005.8
2025-07-01 13:01:34,0,0,1651,177.0,0,0.0,0,0.0,1005.8
2025-07-01 13:01:34,0,0,1651,177.0,0,0.0,0,0.0,1005.8
2025-07-01 13:01:34,0,0,1651,177.0,0,0.0,0,0.0,1005.8
2025-07-01 13:01:35,0,0,1651,177.0,0,0.0,0,0.0,1005.8
2025-07-01 13:01:35,0,0,1651,177.0,0,0.0,0,0.0,1005.8
2025-07-01 13:01:35,0,0,1651,177.0,0,0.0,0,0.0,1005.8
2025-07-01 13:01:35,0,0,1651,177.0,0,0.0,0,0.0,1005.8
2025-07-01 13:01:35,0,0,1932,175.4,0,0.0,0,0.0,1003.5
2025-07-01 13:01:35,0,0,1932,175.4,0,0.0,0,0.0,1003.5
2025-07-01 13:01:35,0,0,1932,175.4,0,0.0,0,0.0,1003.5
2025-07-01 13:01:35,0,0,1932,175.4,0,0.0,0,0.0,1003.5
2025-07-01 13:01:35,0,0,1932,175.4,0,0.0,0,0.0,1003.5
2025-07-01 13:01:36,0,0,1932,175.4,0,0.0,0,0.0,1003.5
2025-07-01 13:01:36,0,0,1932,175.4,0,0.0,0,0.0,1003.5
2025-07-01 13:01:36,0,0,1932,175.4,0,0.0,0,0.0,1003.5
2025-07-01 13:01:36,0,0,1932,175.4,0,0.0,0,0.0,1003.5
2025-07-01 13:01:36,0,0,1846,175.4,0,0.0,0,0.0,1003.8
2025-07-01 13:01:36,0,0,1846,175.4,0,0.0,0,0.0,1003.8
2025-07-01 13:01:36,0,0,1846,175.4,0,0.0,0,0.0,1003.8
2025-07-01 13:01:36,0,0,1846,175.4,0,0.0,0,0.0,1003.8
2025-07-01 13:01:36,0,0,1846,175.4,0,0.0,0,0.0,1003.8
2025-07-01 13:01:37,0,0,1846,175.4,0,0.0,0,0.0,1003.8
2025-07-01 13:01:37,0,0,1846,175.4,0,0.0,0,0.0,1003.8
2025-07-01 13:01:37,0,0,1846,175.4,0,0.0,0,0.0,1003.8
2025-07-01 13:01:37,0,0,1846,175.4,0,0.0,0,0.0,1003.8
2025-07-01 13:01:37,0,0,1974,120.5,0,0.0,0,0.0,1004.1
2025-07-01 13:01:37,0,0,1974,120.5,0,0.0,0,0.0,1004.1
2025-07-01 13:01:37,0,0,1974,120.5,0,0.0,0,0.0,1004.1
2025-07-01 13:01:37,0,0,1974,120.5,0,0.0,0,0.0,1004.1
2025-07-01 13:01:38,0,0,1974,120.5,0,0.0,0,0.0,1004.1
2025-07-01 13:01:38,0,0,1974,120.5,0,0.0,0,0.0,1004.1
2025-07-01 13:01:38,0,0,1974,120.5,0,0.0,0,0.0,1004.1
2025-07-01 13:01:38,0,0,1974,120.5,0,0.0,0,0.0,1004.1
2025-07-01 13:01:38,0,0,1974,120.5,0,0.0,0,0.0,1004.1
2025-07-01 13:01:38,0,0,1926,120.5,0,0.0,0,0.0,998.8
2025-07-01 13:01:38,0,0,1926,120.5,0,0.0,0,0.0,998.8
2025-07-01 13:01:38,0,0,1926,120.5,0,0.0,0,0.0,998.8
2025-07-01 13:01:39,0,0,1926,120.5,0,0.0,0,0.0,998.8
2025-07-01 13:01:39,0,0,1926,120.5,0,0.0,0,0.0,998.8
2025-07-01 13:01:39,0,0,1926,120.5,0,0.0,0,0.0,998.8
2025-07-01 13:01:39,0,0,1926,120.5,0,0.0,0,0.0,998.8
2025-07-01 13:01:39,0,0,1926,120.5,0,0.0,0,0.0,998.8
2025-07-01 13:01:39,0,0,1926,120.5,0,0.0,0,0.0,998.8
2025-07-01 13:01:39,0,0,1665,103.4,0,0.0,0,0.0,997.5
2025-07-01 13:01:39,0,0,1665,103.4,0,0.0,0,0.0,997.5
2025-07-01 13:01:40,0,0,1665,103.4,0,0.0,0,0.0,997.5
2025-07-01 13:01:40,0,0,1665,103.4,0,0.0,0,0.0,997.5
2025-07-01 13:01:40,0,0,1665,103.4,0,0.0,0,0.0,997.5
2025-07-01 13:01:40,0,0,1665,103.4,0,0.0,0,0.0,997.5
2025-07-01 13:01:40,0,0,1665,103.4,0,0.0,0,0.0,997.5
2025-07-01 13:01:40,0,0,1531,103.4,0,0.0,0,0.0,998.2
2025-07-01 13:01:40,0,0,1531,103.4,0,0.0,0,0.0,998.2
2025-07-01 13:01:41,0,0,1531,103.4,0,0.0,0,0.0,998.2
2025-07-01 13:01:41,0,0,1531,103.4,0,0.0,0,0.0,998.2
2025-07-01 13:01:41,0,0,1531,103.4,0,0.0,0,0.0,998.2
2025-07-01 13:01:41,0,0,1531,103.4,0,0.0,0,0.0,998.2
2025-07-01 13:01:41,0,0,1531,103.4,0,0.0,0,0.0,998.2
2025-07-01 13:01:41,0,0,1531,103.4,0,0.0,0,0.0,998.2
2025-07-01 13:01:41,0,1,1789,143.2,0,0.0,0,0.0,1003.0
2025-07-01 13:01:41,0,1,1789,143.2,0,0.0,0,0.0,1003.0
2025-07-01 13:01:42,0,1,1789,143.2,0,0.0,0,0.0,1003.0
2025-07-01 13:01:42,0,1,1789,143.2,0,0.0,0,0.0,1003.0
2025-07-01 13:01:42,0,1,1789,143.2,0,0.0,0,0.0,1003.0
2025-07-01 13:01:42,0,1,1789,143.2,0,0.0,0,0.0,1003.0
2025-07-01 13:01:42,0,1,1789,143.2,0,0.0,0,0.0,1003.0
2025-07-01 13:01:42,0,1,1789,143.2,0,0.0,0,0.0,1003.0
2025-07-01 13:01:42,0,1,1789,143.2,0,0.0,0,0.0,1003.0
2025-07-01 13:01:42,0,0,1910,167.1,0,0.0,0,0.0,1004.8
2025-07-01 13:01:42,0,0,1910,167.1,0,0.0,0,0.0,1004.8
2025-07-01 13:01:43,0,0,1910,167.1,0,0.0,0,0.0,1004.8
2025-07-01 13:01:43,0,0,1910,167.1,0,0.0,0,0.0,1004.8
2025-07-01 13:01:43,0,0,1910,167.1,0,0.0,0,0.0,1004.8
2025-07-01 13:01:43,0,0,1910,167.1,0,0.0,0,0.0,1004.8
2025-07-01 13:01:43,0,0,1910,167.1,0,0.0,0,0.0,1004.8
2025-07-01 13:01:43,0,0,1910,167.1,0,0.0,0,0.0,1004.8
2025-07-01 13:01:43,0,0,1910,167.1,0,0.0,0,0.0,1004.8
2025-07-01 13:01:43,0,0,1744,167.1,0,0.0,0,0.0,999.1
2025-07-01 13:01:44,0,0,1744,167.1,0,0.0,0,0.0,999.1
2025-07-01 13:01:44,0,0,1744,167.1,0,0.0,0,0.0,999.1
2025-07-01 13:01:44,0,0,1744,167.1,0,0.0,0,0.0,999.1
2025-07-01 13:01:44,0,0,1744,167.1,0,0.0,0,0.0,999.1
2025-07-01 13:01:44,0,0,1744,167.1,0,0.0,0,0.0,999.1
2025-07-01 13:01:44,0,0,1744,167.1,0,0.0,0,0.0,999.1
2025-07-01 13:01:44,0,0,1744,167.1,0,0.0,0,0.0,999.1
2025-07-01 13:01:44,0,0,1894,125.0,0,0.0,0,0.0,1003.7
2025-07-01 13:01:45,0,0,1894,125.0,0,0.0,0,0.0,1003.7
2025-07-01 13:01:45,0,0,1894,125.0,0,0.0,0,0.0,1003.7
2025-07-01 13:01:45,0,0,1894,125.0,0,0.0,0,0.0,1003.7
2025-07-01 13:01:45,0,0,1872,125.0,0,0.0,0,0.0,1007.4
2025-07-01 13:01:46,0,0,1872,125.0,0,0.0,0,0.0,1007.4
2025-07-01 13:01:46,0,0,1872,125.0,0,0.0,0,0.0,1007.4
2025-07-01 13:01:46,0,0,1872,125.0,0,0.0,0,0.0,1007.4
2025-07-01 13:01:46,0,0,1872,125.0,0,0.0,0,0.0,1007.4
2025-07-01 13:01:46,0,0,1872,125.0,0,0.0,0,0.0,1007.4
2025-07-01 13:01:46,0,0,1872,125.0,0,0.0,0,0.0,1007.4
2025-07-01 13:01:46,0,0,1872,125.0,0,0.0,0,0.0,1007.4
2025-07-01 13:01:46,0,0,1872,125.0,0,0.0,0,0.0,1007.4
2025-07-01 13:01:47,0,0,1922,125.0,0,0.0,0,0.0,1007.4
2025-07-01 13:01:47,0,0,1922,125.0,0,0.0,0,0.0,1007.4
2025-07-01 13:01:47,0,0,1922,125.0,0,0.0,0,0.0,1007.4
2025-07-01 13:01:47,0,0,1922,125.0,0,0.0,0,0.0,1007.4
2025-07-01 13:01:47,0,0,1922,125.0,0,0.0,0,0.0,1007.4
2025-07-01 13:01:47,0,0,1922,125.0,0,0.0,0,0.0,1007.4
2025-07-01 13:01:47,0,0,1922,125.0,0,0.0,0,0.0,1007.4
2025-07-01 13:01:47,0,0,1922,125.0,0,0.0,0,0.0,1007.4
2025-07-01 13:01:48,0,1,1790,125.0,0,0.0,0,0.0,1002.3
2025-07-01 13:01:48,0,1,1790,125.0,0,0.0,0,0.0,1002.3
2025-07-01 13:01:48,0,1,1790,125.0,0,0.0,0,0.0,1002.3
2025-07-01 13:01:48,0,1,1790,125.0,0,0.0,0,0.0,1002.3
2025-07-01 13:01:48,0,1,1790,125.0,0,0.0,0,0.0,1002.3
2025-07-01 13:01:48,0,1,1790,125.0,0,0.0,0,0.0,1002.3
2025-07-01 13:01:49,0,1,1790,125.0,0,0.0,0,0.0,1002.3
2025-07-01 13:01:49,0,0,1811,188.7,0,0.0,0,0.0,1005.4
2025-07-01 13:01:49,0,0,1811,188.7,0,0.0,0,0.0,1005.4
2025-07-01 13:01:51,0,0,1811,188.7,0,0.0,0,0.0,1005.4
2025-07-01 13:01:51,0,1,1776,188.7,0,0.0,0,0.0,1003.7
2025-07-01 13:01:51,0,1,1776,188.7,0,0.0,0,0.0,1003.7
2025-07-01 13:01:52,0,1,1776,188.7,0,0.0,0,0.0,1003.7
2025-07-01 13:01:52,0,1,1776,188.7,0,0.0,0,0.0,1003.7
2025-07-01 13:01:52,0,1,1776,188.7,0,0.0,0,0.0,1003.7
2025-07-01 13:01:52,0,1,1776,188.7,0,0.0,0,0.0,1003.7
2025-07-01 13:01:52,0,1,1776,188.7,0,0.0,0,0.0,1003.7
2025-07-01 13:01:52,0,1,1776,188.7,0,0.0,0,0.0,1003.7
2025-07-01 13:01:52,0,1,1776,188.7,0,0.0,0,0.0,1003.7
2025-07-01 13:01:52,0,0,1938,111.3,0,0.0,0,0.0,1002.2
2025-07-01 13:01:52,0,0,1938,111.3,0,0.0,0,0.0,1002.2
2025-07-01 13:01:53,0,0,1938,111.3,0,0.0,0,0.0,1002.2
2025-07-01 13:01:53,0,0,1938,111.3,0,0.0,0,0.0,1002.2
2025-07-01 13:01:53,0,0,1938,111.3,0,0.0,0,0.0,1002.2
2025-07-01 13:01:53,0,0,1938,111.3,0,0.0,0,0.0,1002.2
2025-07-01 13:01:53,0,0,1938,111.3,0,0.0,0,0.0,1002.2
2025-07-01 13:01:53,0,0,1938,111.3,0,0.0,0,0.0,1002.2
2025-07-01 13:01:53,0,0,1952,111.3,0,0.0,0,0.0,1003.8
2025-07-01 13:01:54,0,0,1952,111.3,0,0.0,0,0.0,1003.8
2025-07-01 13:01:54,0,0,1952,111.3,0,0.0,0,0.0,1003.8
2025-07-01 13:01:54,0,0,1952,111.3,0,0.0,0,0.0,1003.8
2025-07-01 13:01:54,0,0,1952,111.3,0,0.0,0,0.0,1003.8
2025-07-01 13:01:54,0,0,1952,111.3,0,0.0,0,0.0,1003.8
2025-07-01 13:01:54,0,0,1952,111.3,0,0.0,0,0.0,1003.8
2025-07-01 13:01:54,0,0,1952,111.3,0,0.0,0,0.0,1003.8
2025-07-01 13:01:54,0,0,1952,111.3,0,0.0,0,0.0,1003.8
2025-07-01 13:01:55,0,0,1904,177.0,0,0.0,0,0.0,1001.6
2025-07-01 13:01:55,0,0,1904,177.0,0,0.0,0,0.0,1001.6
2025-07-01 13:01:55,0,0,1904,177.0,0,0.0,0,0.0,1001.6
2025-07-01 13:01:55,0,0,1904,177.0,0,0.0,0,0.0,1001.6
2025-07-01 13:01:55,0,0,1904,177.0,0,0.0,0,0.0,1001.6
2025-07-01 13:01:55,0,0,1904,177.0,0,0.0,0,0.0,1001.6
2025-07-01 13:01:55,0,0,1904,177.0,0,0.0,0,0.0,1001.6
2025-07-01 13:01:55,0,0,1936,158.7,0,0.0,0,0.0,1003.5
2025-07-01 13:01:56,0,0,1936,158.7,0,0.0,0,0.0,1003.5
2025-07-01 13:01:56,0,0,1936,158.7,0,0.0,0,0.0,1003.5
2025-07-01 13:01:56,0,0,1936,158.7,0,0.0,0,0.0,1003.5
2025-07-01 13:01:56,0,0,1936,158.7,0,0.0,0,0.0,1003.5
2025-07-01 13:01:56,0,0,1936,158.7,0,0.0,0,0.0,1003.5
2025-07-01 13:01:56,0,0,1936,158.7,0,0.0,0,0.0,1003.5
2025-07-01 13:01:56,0,0,1936,158.7,0,0.0,0,0.0,1003.5
2025-07-01 13:01:56,0,0,1936,158.7,0,0.0,0,0.0,1003.5
2025-07-01 13:01:57,0,0,1936,158.7,0,0.0,0,0.0,1003.5
2025-07-01 13:01:57,0,0,1936,158.7,0,0.0,0,0.0,1003.5
2025-07-01 13:01:57,0,0,1936,158.7,0,0.0,0,0.0,1003.5
2025-07-01 13:01:57,0,0,1936,158.7,0,0.0,0,0.0,1003.5
2025-07-01 13:01:57,0,0,1936,158.7,0,0.0,0,0.0,1003.5
2025-07-01 13:01:57,0,0,1936,158.7,0,0.0,0,0.0,1003.5
2025-07-01 13:01:57,0,0,1936,158.7,0,0.0,0,0.0,1003.5
2025-07-01 13:01:57,0,1,1794,158.7,0,0.0,0,0.0,1005.5
2025-07-01 13:01:58,0,1,1794,158.7,0,0.0,0,0.0,1005.5
2025-07-01 13:01:58,0,1,1794,158.7,0,0.0,0,0.0,1005.5
2025-07-01 13:01:58,0,1,1794,158.7,0,0.0,0,0.0,1005.5
2025-07-01 13:01:58,0,1,1794,158.7,0,0.0,0,0.0,1005.5
2025-07-01 13:01:58,0,1,1794,158.7,0,0.0,0,0.0,1005.5
2025-07-01 13:01:58,0,1,1794,158.7,0,0.0,0,0.0,1005.5
2025-07-01 13:01:58,0,1,1794,158.7,0,0.0,0,0.0,1005.5
2025-07-01 13:01:58,0,1,1794,158.7,0,0.0,0,0.0,1005.5
2025-07-01 13:01:58,0,1,1794,158.7,0,0.0,0,0.0,1005.5
2025-07-01 13:01:59,0,0,1872,158.7,0,0.0,0,0.0,1004.1
2025-07-01 13:01:59,0,0,1872,158.7,0,0.0,0,0.0,1004.1
2025-07-01 13:01:59,0,0,1872,158.7,0,0.0,0,0.0,1004.1
2025-07-01 13:01:59,0,0,1872,158.7,0,0.0,0,0.0,1004.1
2025-07-01 13:01:59,0,0,1872,158.7,0,0.0,0,0.0,1004.1
2025-07-01 13:01:59,0,0,1872,158.7,0,0.0,0,0.0,1004.1
2025-07-01 13:01:59,0,0,1872,158.7,0,0.0,0,0.0,1004.1
2025-07-01 13:01:59,0,0,1872,158.7,0,0.0,0,0.0,1004.1
2025-07-01 13:02:00,0,0,1872,158.7,0,0.0,0,0.0,1004.1
2025-07-01 13:02:00,0,0,1747,158.7,0,0.0,0,0.0,1002.7
2025-07-01 13:02:00,0,0,1747,158.7,0,0.0,0,0.0,1002.7
2025-07-01 13:02:00,0,0,1747,158.7,0,0.0,0,0.0,1002.7
2025-07-01 13:02:00,0,0,1747,158.7,0,0.0,0,0.0,1002.7
2025-07-01 13:02:00,0,0,1747,158.7,0,0.0,0,0.0,1002.7
2025-07-01 13:02:00,0,0,1747,158.7,0,0.0,0,0.0,1002.7
2025-07-01 13:02:00,0,0,1747,158.7,0,0.0,0,0.0,1002.7
2025-07-01 13:02:01,0,0,1747,158.7,0,0.0,0,0.0,1002.7
2025-07-01 13:02:01,0,0,1825,131.0,0,0.0,0,0.0,1002.6
2025-07-01 13:02:01,0,0,1825,131.0,0,0.0,0,0.0,1002.6
2025-07-01 13:02:01,0,0,1825,131.0,0,0.0,0,0.0,1002.6
2025-07-01 13:02:01,0,0,1825,131.0,0,0.0,0,0.0,1002.6
2025-07-01 13:02:01,0,0,1825,131.0,0,0.0,0,0.0,1002.6
2025-07-01 13:02:01,0,0,1825,131.0,0,0.0,0,0.0,1002.6
2025-07-01 13:02:01,0,0,1825,131.0,0,0.0,0,0.0,1002.6
2025-07-01 13:02:02,0,0,1825,131.0,0,0.0,0,0.0,1002.6
2025-07-01 13:02:02,0,0,1825,131.0,0,0.0,0,0.0,1002.6
2025-07-01 13:02:02,0,0,1435,131.0,0,0.0,0,0.0,1003.9
2025-07-01 13:02:02,0,0,1435,131.0,0,0.0,0,0.0,1003.9
2025-07-01 13:02:02,0,0,1435,131.0,0,0.0,0,0.0,1003.9
2025-07-01 13:02:02,0,0,1435,131.0,0,0.0,0,0.0,1003.9
2025-07-01 13:02:02,0,0,1435,131.0,0,0.0,0,0.0,1003.9
2025-07-01 13:02:02,0,0,1435,131.0,0,0.0,0,0.0,1003.9
2025-07-01 13:02:02,0,0,1435,131.0,0,0.0,0,0.0,1003.9
2025-07-01 13:02:03,0,0,1435,131.0,0,0.0,0,0.0,1003.9
2025-07-01 13:02:03,0,0,1435,131.0,0,0.0,0,0.0,1003.9
2025-07-01 13:02:03,0,0,1942,131.0,0,0.0,0,0.0,1007.3
2025-07-01 13:02:03,0,0,1942,131.0,0,0.0,0,0.0,1007.3
2025-07-01 13:02:03,0,0,1942,131.0,0,0.0,0,0.0,1007.3
2025-07-01 13:02:03,0,0,1942,131.0,0,0.0,0,0.0,1007.3
2025-07-01 13:02:03,0,0,1942,131.0,0,0.0,0,0.0,1007.3
2025-07-01 13:02:04,0,0,1942,131.0,0,0.0,0,0.0,1007.3
2025-07-01 13:02:04,0,0,1942,131.0,0,0.0,0,0.0,1007.3
2025-07-01 13:02:04,0,0,1956,131.0,0,0.0,0,0.0,1001.6
2025-07-01 13:02:04,0,0,1956,131.0,0,0.0,0,0.0,1001.6
2025-07-01 13:02:04,0,0,1956,131.0,0,0.0,0,0.0,1001.6
2025-07-01 13:02:04,0,0,1956,131.0,0,0.0,0,0.0,1001.6
2025-07-01 13:02:04,0,0,1956,131.0,0,0.0,0,0.0,1001.6
2025-07-01 13:02:05,0,0,1956,131.0,0,0.0,0,0.0,1001.6
2025-07-01 13:02:05,0,0,1956,131.0,0,0.0,0,0.0,1001.6
2025-07-01 13:02:05,0,1,1790,136.7,0,0.0,0,0.0,1000.0
2025-07-01 13:02:05,0,1,1790,136.7,0,0.0,0,0.0,1000.0
2025-07-01 13:02:05,0,1,1790,136.7,0,0.0,0,0.0,1000.0
2025-07-01 13:02:05,0,1,1790,136.7,0,0.0,0,0.0,1000.0
2025-07-01 13:02:05,0,1,1790,136.7,0,0.0,0,0.0,1000.0
2025-07-01 13:02:05,0,1,1790,136.7,0,0.0,0,0.0,1000.0
2025-07-01 13:02:06,0,1,1790,136.7,0,0.0,0,0.0,1000.0
2025-07-01 13:02:06,0,1,1790,136.7,0,0.0,0,0.0,1000.0
2025-07-01 13:02:06,0,1,1790,136.7,0,0.0,0,0.0,1000.0
2025-07-01 13:02:06,0,1,1785,136.7,0,0.0,0,0.0,1000.6
2025-07-01 13:02:06,0,1,1785,136.7,0,0.0,0,0.0,1000.6
2025-07-01 13:02:06,0,1,1785,136.7,0,0.0,0,0.0,1000.6
2025-07-01 13:02:06,0,1,1785,136.7,0,0.0,0,0.0,1000.6
2025-07-01 13:02:06,0,1,1785,136.7,0,0.0,0,0.0,1000.6
2025-07-01 13:02:07,0,1,1785,136.7,0,0.0,0,0.0,1000.6
2025-07-01 13:02:07,0,1,1785,136.7,0,0.0,0,0.0,1000.6
2025-07-01 13:02:07,0,1,1785,136.7,0,0.0,0,0.0,1000.6
2025-07-01 13:02:07,0,1,1785,136.7,0,0.0,0,0.0,1000.6
2025-07-01 13:02:07,0,0,1827,136.7,0,0.0,0,0.0,998.2
2025-07-01 13:02:07,0,0,1827,136.7,0,0.0,0,0.0,998.2
2025-07-01 13:02:07,0,0,1827,136.7,0,0.0,0,0.0,998.2
2025-07-01 13:02:07,0,0,1827,136.7,0,0.0,0,0.0,998.2
2025-07-01 13:02:08,0,0,1827,136.7,0,0.0,0,0.0,998.2
2025-07-01 13:02:08,0,0,1827,136.7,0,0.0,0,0.0,998.2
2025-07-01 13:02:08,0,0,1827,136.7,0,0.0,0,0.0,998.2
2025-07-01 13:02:08,0,0,1827,136.7,0,0.0,0,0.0,998.2
2025-07-01 13:02:08,0,0,1798,136.7,0,0.0,0,0.0,997.3
2025-07-01 13:02:08,0,0,1798,136.7,0,0.0,0,0.0,997.3
2025-07-01 13:02:08,0,0,1798,136.7,0,0.0,0,0.0,997.3
2025-07-01 13:02:08,0,0,1798,136.7,0,0.0,0,0.0,997.3
2025-07-01 13:02:08,0,0,1798,136.7,0,0.0,0,0.0,997.3
2025-07-01 13:02:09,0,0,1798,136.7,0,0.0,0,0.0,997.3
2025-07-01 13:02:09,0,0,1798,136.7,0,0.0,0,0.0,997.3
2025-07-01 13:02:09,0,0,1798,136.7,0,0.0,0,0.0,997.3
2025-07-01 13:02:09,0,0,1798,136.7,0,0.0,0,0.0,997.3
2025-07-01 13:02:09,0,1,1787,136.7,0,0.0,0,0.0,1003.8
2025-07-01 13:02:09,0,1,1787,136.7,0,0.0,0,0.0,1003.8
2025-07-01 13:02:09,0,1,1787,136.7,0,0.0,0,0.0,1003.8
2025-07-01 13:02:09,0,1,1787,136.7,0,0.0,0,0.0,1003.8
2025-07-01 13:02:10,0,1,1787,136.7,0,0.0,0,0.0,1003.8
2025-07-01 13:02:10,0,1,1787,136.7,0,0.0,0,0.0,1003.8
2025-07-01 13:02:10,0,1,1787,136.7,0,0.0,0,0.0,1003.8
2025-07-01 13:02:10,0,0,1745,136.7,0,0.0,0,0.0,1003.6
2025-07-01 13:02:10,0,0,1745,136.7,0,0.0,0,0.0,1003.6
2025-07-01 13:02:10,0,0,1745,136.7,0,0.0,0,0.0,1003.6
2025-07-01 13:02:11,0,0,1745,136.7,0,0.0,0,0.0,1003.6
2025-07-01 13:02:11,0,0,1745,136.7,0,0.0,0,0.0,1003.6
2025-07-01 13:02:12,0,0,1919,136.7,0,0.0,0,0.0,1000.5
2025-07-01 13:02:12,0,0,1919,136.7,0,0.0,0,0.0,1000.5
2025-07-01 13:02:12,0,0,1919,136.7,0,0.0,0,0.0,1000.5
2025-07-01 13:02:12,0,0,1919,136.7,0,0.0,0,0.0,1000.5
2025-07-01 13:02:12,0,0,1919,136.7,0,0.0,0,0.0,1000.5
2025-07-01 13:02:12,0,0,1919,136.7,0,0.0,0,0.0,1000.5
2025-07-01 13:02:12,0,0,1919,136.7,0,0.0,0,0.0,1000.5
2025-07-01 13:02:12,0,0,1919,136.7,0,0.0,0,0.0,1000.5
2025-07-01 13:02:13,0,0,1890,136.7,0,0.0,0,0.0,1002.3
2025-07-01 13:02:13,0,0,1890,136.7,0,0.0,0,0.0,1002.3
2025-07-01 13:02:13,0,0,1890,136.7,0,0.0,0,0.0,1002.3
2025-07-01 13:02:13,0,0,1890,136.7,0,0.0,0,0.0,1002.3
2025-07-01 13:02:13,0,0,1890,136.7,0,0.0,0,0.0,1002.3
2025-07-01 13:02:13,0,0,1890,136.7,0,0.0,0,0.0,1002.3
2025-07-01 13:02:13,0,0,1890,136.7,0,0.0,0,0.0,1002.3
2025-07-01 13:02:13,0,0,1890,136.7,0,0.0,0,0.0,1002.3
2025-07-01 13:02:14,0,0,1972,136.7,0,0.0,0,0.0,1004.8
2025-07-01 13:02:14,0,0,1972,136.7,0,0.0,0,0.0,1004.8
2025-07-01 13:02:14,0,0,1972,136.7,0,0.0,0,0.0,1004.8
2025-07-01 13:02:14,0,0,1972,136.7,0,0.0,0,0.0,1004.8
2025-07-01 13:02:14,0,0,1972,136.7,0,0.0,0,0.0,1004.8
2025-07-01 13:02:14,0,0,1972,136.7,0,0.0,0,0.0,1004.8
2025-07-01 13:02:14,0,0,1972,136.7,0,0.0,0,0.0,1004.8
2025-07-01 13:02:14,0,0,1972,136.7,0,0.0,0,0.0,1004.8
2025-07-01 13:02:15,0,0,1972,136.7,0,0.0,0,0.0,1004.8
2025-07-01 13:02:15,0,0,1967,136.7,0,0.0,0,0.0,1001.8
2025-07-01 13:02:15,0,0,1967,136.7,0,0.0,0,0.0,1001.8
2025-07-01 13:02:15,0,0,1967,136.7,0,0.0,0,0.0,1001.8
2025-07-01 13:02:15,0,0,1967,136.7,0,0.0,0,0.0,1001.8
2025-07-01 13:02:15,0,0,1967,136.7,0,0.0,0,0.0,1001.8
2025-07-01 13:02:16,0,0,1967,136.7,0,0.0,0,0.0,1001.8
2025-07-01 13:02:16,0,0,1967,136.7,0,0.0,0,0.0,1001.8
2025-07-01 13:02:16,0,1,1797,136.7,0,0.0,0,0.0,1001.9
2025-07-01 13:02:16,0,1,1797,136.7,0,0.0,0,0.0,1001.9
2025-07-01 13:02:16,0,1,1797,136.7,0,0.0,0,0.0,1001.9
2025-07-01 13:02:16,0,1,1797,136.7,0,0.0,0,0.0,1001.9
2025-07-01 13:02:16,0,1,1797,136.7,0,0.0,0,0.0,1001.9
2025-07-01 13:02:16,0,1,1797,136.7,0,0.0,0,0.0,1001.9
2025-07-01 13:02:16,0,1,1797,136.7,0,0.0,0,0.0,1001.9
2025-07-01 13:02:17,0,1,1797,136.7,0,0.0,0,0.0,1001.9
2025-07-01 13:02:17,0,1,1797,136.7,0,0.0,0,0.0,1001.9
2025-07-01 13:02:17,0,1,1793,168.1,0,0.0,0,0.0,1001.5
2025-07-01 13:02:17,0,1,1793,168.1,0,0.0,0,0.0,1001.5
2025-07-01 13:02:17,0,1,1793,168.1,0,0.0,0,0.0,1001.5
2025-07-01 13:02:17,0,1,1793,168.1,0,0.0,0,0.0,1001.5
2025-07-01 13:02:18,0,1,1793,168.1,0,0.0,0,0.0,1001.5
2025-07-01 13:02:18,0,1,1793,168.1,0,0.0,0,0.0,1001.5
2025-07-01 13:02:18,0,1,1793,168.1,0,0.0,0,0.0,1001.5
2025-07-01 13:02:18,0,0,1664,168.1,0,0.0,0,0.0,1006.2
2025-07-01 13:02:18,0,0,1664,168.1,0,0.0,0,0.0,1006.2
2025-07-01 13:02:18,0,0,1664,168.1,0,0.0,0,0.0,1006.2
2025-07-01 13:02:18,0,0,1664,168.1,0,0.0,0,0.0,1006.2
2025-07-01 13:02:18,0,0,1664,168.1,0,0.0,0,0.0,1006.2
2025-07-01 13:02:18,0,0,1664,168.1,0,0.0,0,0.0,1006.2
2025-07-01 13:02:19,0,0,1664,168.1,0,0.0,0,0.0,1006.2
2025-07-01 13:02:19,0,0,1664,168.1,0,0.0,0,0.0,1006.2
2025-07-01 13:02:19,0,0,1664,168.1,0,0.0,0,0.0,1006.2
2025-07-01 13:02:19,0,0,1080,168.1,0,0.0,0,0.0,1002.2
2025-07-01 13:02:19,0,0,1080,168.1,0,0.0,0,0.0,1002.2
2025-07-01 13:02:19,0,0,1080,168.1,0,0.0,0,0.0,1002.2
2025-07-01 13:02:19,0,0,1080,168.1,0,0.0,0,0.0,1002.2
2025-07-01 13:02:19,0,0,1080,168.1,0,0.0,0,0.0,1002.2
2025-07-01 13:02:19,0,0,1080,168.1,0,0.0,0,0.0,1002.2
2025-07-01 13:02:20,0,0,1080,168.1,0,0.0,0,0.0,1002.2
2025-07-01 13:02:20,0,0,1080,168.1,0,0.0,0,0.0,1002.2
2025-07-01 13:02:20,0,0,1080,168.1,0,0.0,0,0.0,1002.2
2025-07-01 13:02:20,0,0,1080,168.1,0,0.0,0,0.0,1002.2
2025-07-01 13:02:20,0,0,1080,168.1,0,0.0,0,0.0,1002.2
2025-07-01 13:02:20,0,0,1080,168.1,0,0.0,0,0.0,1002.2
2025-07-01 13:02:20,0,0,1080,168.1,0,0.0,0,0.0,1002.2
2025-07-01 13:02:20,0,0,1080,168.1,0,0.0,0,0.0,1002.2
2025-07-01 13:02:21,0,0,1080,168.1,0,0.0,0,0.0,1002.2
2025-07-01 13:02:21,0,0,1080,168.1,0,0.0,0,0.0,1002.2
2025-07-01 13:02:21,0,0,1080,168.1,0,0.0,0,0.0,1002.2
2025-07-01 13:02:21,0,0,1080,168.1,0,0.0,0,0.0,1002.2
2025-07-01 13:02:21,0,1,1797,176.5,0,0.0,0,0.0,1005.0
2025-07-01 13:02:21,0,1,1797,176.5,0,0.0,0,0.0,1005.0
2025-07-01 13:02:21,0,1,1797,176.5,0,0.0,0,0.0,1005.0
2025-07-01 13:02:21,0,1,1797,176.5,0,0.0,0,0.0,1005.0
2025-07-01 13:02:22,0,1,1797,176.5,0,0.0,0,0.0,1005.0
2025-07-01 13:02:22,0,1,1797,176.5,0,0.0,0,0.0,1005.0
2025-07-01 13:02:22,0,1,1797,176.5,0,0.0,0,0.0,1005.0
2025-07-01 13:02:22,0,1,1797,176.5,0,0.0,0,0.0,1005.0
2025-07-01 13:02:22,0,0,1854,176.5,0,0.0,0,0.0,1002.4
2025-07-01 13:02:22,0,0,1854,176.5,0,0.0,0,0.0,1002.4
2025-07-01 13:02:22,0,0,1854,176.5,0,0.0,0,0.0,1002.4
2025-07-01 13:02:22,0,0,1854,176.5,0,0.0,0,0.0,1002.4
2025-07-01 13:02:23,0,0,1854,176.5,0,0.0,0,0.0,1002.4
2025-07-01 13:02:23,0,0,1854,176.5,0,0.0,0,0.0,1002.4
2025-07-01 13:02:23,0,0,1854,176.5,0,0.0,0,0.0,1002.4
2025-07-01 13:02:23,0,0,1854,176.5,0,0.0,0,0.0,1002.4
2025-07-01 13:02:23,0,0,1854,176.5,0,0.0,0,0.0,1002.4
2025-07-01 13:02:23,0,0,1854,176.5,0,0.0,0,0.0,1002.4
2025-07-01 13:02:23,0,0,1854,176.5,0,0.0,0,0.0,1002.4
2025-07-01 13:02:24,0,0,1854,176.5,0,0.0,0,0.0,1002.4
2025-07-01 13:02:24,0,0,1854,176.5,0,0.0,0,0.0,1002.4
2025-07-01 13:02:24,0,0,1854,176.5,0,0.0,0,0.0,1002.4
2025-07-01 13:02:24,0,0,1854,176.5,0,0.0,0,0.0,1002.4
2025-07-01 13:02:24,0,0,1854,176.5,0,0.0,0,0.0,1002.4
2025-07-01 13:02:24,0,1,1787,157.9,0,0.0,0,0.0,1002.8
2025-07-01 13:02:24,0,1,1787,157.9,0,0.0,0,0.0,1002.8
2025-07-01 13:02:24,0,1,1787,157.9,0,0.0,0,0.0,1002.8
2025-07-01 13:02:25,0,1,1787,157.9,0,0.0,0,0.0,1002.8
2025-07-01 13:02:25,0,1,1787,157.9,0,0.0,0,0.0,1002.8
2025-07-01 13:02:25,0,1,1787,157.9,0,0.0,0,0.0,1002.8
2025-07-01 13:02:25,0,1,1787,157.9,0,0.0,0,0.0,1002.8
2025-07-01 13:02:25,0,1,1787,157.9,0,0.0,0,0.0,1002.8
2025-07-01 13:02:25,0,0,1911,157.9,0,0.0,0,0.0,1000.0
2025-07-01 13:02:25,0,0,1911,157.9,0,0.0,0,0.0,1000.0
2025-07-01 13:02:26,0,0,1911,157.9,0,0.0,0,0.0,1000.0
2025-07-01 13:02:26,0,0,1911,157.9,0,0.0,0,0.0,1000.0
2025-07-01 13:02:26,0,0,1911,157.9,0,0.0,0,0.0,1000.0
2025-07-01 13:02:26,0,0,1911,157.9,0,0.0,0,0.0,1000.0
2025-07-01 13:02:26,0,0,1911,157.9,0,0.0,0,0.0,1000.0
2025-07-01 13:02:26,0,0,1911,157.9,0,0.0,0,0.0,1000.0
2025-07-01 13:02:26,0,0,1981,157.9,0,0.0,0,0.0,1000.4
2025-07-01 13:02:26,0,0,1981,157.9,0,0.0,0,0.0,1000.4
2025-07-01 13:02:27,0,0,1981,157.9,0,0.0,0,0.0,1000.4
2025-07-01 13:02:27,0,0,1981,157.9,0,0.0,0,0.0,1000.4
2025-07-01 13:02:27,0,0,1981,157.9,0,0.0,0,0.0,1000.4
2025-07-01 13:02:27,0,0,1981,157.9,0,0.0,0,0.0,1000.4
2025-07-01 13:02:27,0,0,1981,157.9,0,0.0,0,0.0,1000.4
2025-07-01 13:02:27,0,0,1981,157.9,0,0.0,0,0.0,1000.4
2025-07-01 13:02:27,0,0,1981,157.9,0,0.0,0,0.0,1000.4
2025-07-01 13:02:27,0,0,1936,157.9,0,0.0,0,0.0,1004.5
2025-07-01 13:02:28,0,0,1936,157.9,0,0.0,0,0.0,1004.5
2025-07-01 13:02:28,0,0,1936,157.9,0,0.0,0,0.0,1004.5
2025-07-01 13:02:28,0,0,1936,157.9,0,0.0,0,0.0,1004.5
2025-07-01 13:02:28,0,0,1936,157.9,0,0.0,0,0.0,1004.5
2025-07-01 13:02:28,0,0,1936,157.9,0,0.0,0,0.0,1004.5
2025-07-01 13:02:28,0,0,1936,157.9,0,0.0,0,0.0,1004.5
2025-07-01 13:02:28,0,0,1936,157.9,0,0.0,0,0.0,1004.5
2025-07-01 13:02:28,0,0,1891,157.9,0,0.0,0,0.0,1005.5
2025-07-01 13:02:28,0,0,1891,157.9,0,0.0,0,0.0,1005.5
2025-07-01 13:02:29,0,0,1891,157.9,0,0.0,0,0.0,1005.5
2025-07-01 13:02:29,0,0,1891,157.9,0,0.0,0,0.0,1005.5
2025-07-01 13:02:29,0,0,1891,157.9,0,0.0,0,0.0,1005.5
2025-07-01 13:02:29,0,0,1891,157.9,0,0.0,0,0.0,1005.5
2025-07-01 13:02:29,0,0,1891,157.9,0,0.0,0,0.0,1005.5
2025-07-01 13:02:29,0,0,1891,157.9,0,0.0,0,0.0,1005.5
2025-07-01 13:02:29,0,0,1936,157.9,0,0.0,0,0.0,1005.7
2025-07-01 13:02:30,0,0,1936,157.9,0,0.0,0,0.0,1005.7
2025-07-01 13:02:30,0,0,1936,157.9,0,0.0,0,0.0,1005.7
2025-07-01 13:02:30,0,0,1936,157.9,0,0.0,0,0.0,1005.7
2025-07-01 13:02:30,0,0,1936,157.9,0,0.0,0,0.0,1005.7
2025-07-01 13:02:30,0,0,1936,157.9,0,0.0,0,0.0,1005.7
2025-07-01 13:02:30,0,0,1936,157.9,0,0.0,0,0.0,1005.7
2025-07-01 13:02:30,0,0,1936,157.9,0,0.0,0,0.0,1005.7
2025-07-01 13:02:30,0,0,1936,157.9,0,0.0,0,0.0,1005.7
2025-07-01 13:02:30,0,1,1793,157.9,0,0.0,0,0.0,1002.7
2025-07-01 13:02:31,0,1,1793,157.9,0,0.0,0,0.0,1002.7
2025-07-01 13:02:31,0,1,1793,157.9,0,0.0,0,0.0,1002.7
2025-07-01 13:02:31,0,1,1793,157.9,0,0.0,0,0.0,1002.7
2025-07-01 13:02:31,0,1,1793,157.9,0,0.0,0,0.0,1002.7
2025-07-01 13:02:31,0,1,1793,157.9,0,0.0,0,0.0,1002.7
2025-07-01 13:02:31,0,1,1793,157.9,0,0.0,0,0.0,1002.7
2025-07-01 13:02:31,0,1,1793,157.9,0,0.0,0,0.0,1002.7
2025-07-01 13:02:31,0,1,1793,157.9,0,0.0,0,0.0,1002.7
2025-07-01 13:02:32,0,1,1797,157.9,0,0.0,0,0.0,998.4
2025-07-01 13:02:32,0,1,1797,157.9,0,0.0,0,0.0,998.4
2025-07-01 13:02:32,0,1,1797,157.9,0,0.0,0,0.0,998.4
2025-07-01 13:02:32,0,1,1797,157.9,0,0.0,0,0.0,998.4
2025-07-01 13:02:32,0,1,1797,157.9,0,0.0,0,0.0,998.4
2025-07-01 13:02:32,0,1,1797,157.9,0,0.0,0,0.0,998.4
2025-07-01 13:02:32,0,1,1797,157.9,0,0.0,0,0.0,998.4
2025-07-01 13:02:33,0,1,1797,157.9,0,0.0,0,0.0,998.4
2025-07-01 13:02:33,0,1,1783,157.9,0,0.0,0,0.0,1004.3
2025-07-01 13:02:33,0,1,1783,157.9,0,0.0,0,0.0,1004.3
2025-07-01 13:02:33,0,1,1783,157.9,0,0.0,0,0.0,1004.3
2025-07-01 13:02:33,0,1,1783,157.9,0,0.0,0,0.0,1004.3
2025-07-01 13:02:33,0,1,1783,157.9,0,0.0,0,0.0,1004.3
2025-07-01 13:02:33,0,1,1783,157.9,0,0.0,0,0.0,1004.3
2025-07-01 13:02:33,0,1,1783,157.9,0,0.0,0,0.0,1004.3
2025-07-01 13:02:33,0,1,1783,157.9,0,0.0,0,0.0,1004.3
2025-07-01 13:02:34,0,1,1783,157.9,0,0.0,0,0.0,1004.3
2025-07-01 13:02:34,0,0,1831,157.9,0,0.0,0,0.0,998.9
2025-07-01 13:02:34,0,0,1831,157.9,0,0.0,0,0.0,998.9
2025-07-01 13:02:34,0,0,1831,157.9,0,0.0,0,0.0,998.9
2025-07-01 13:02:34,0,0,1831,157.9,0,0.0,0,0.0,998.9
2025-07-01 13:02:34,0,0,1831,157.9,0,0.0,0,0.0,998.9
2025-07-01 13:02:34,0,0,1831,157.9,0,0.0,0,0.0,998.9
2025-07-01 13:02:34,0,0,1831,157.9,0,0.0,0,0.0,998.9
2025-07-01 13:02:35,0,0,1831,157.9,0,0.0,0,0.0,998.9
2025-07-01 13:02:35,0,0,1831,157.9,0,0.0,0,0.0,998.9
2025-07-01 13:02:35,0,0,1705,157.9,0,0.0,0,0.0,1005.6
2025-07-01 13:02:35,0,0,1705,157.9,0,0.0,0,0.0,1005.6
2025-07-01 13:02:35,0,0,1705,157.9,0,0.0,0,0.0,1005.6
2025-07-01 13:02:35,0,0,1705,157.9,0,0.0,0,0.0,1005.6
2025-07-01 13:02:35,0,0,1705,157.9,0,0.0,0,0.0,1005.6
2025-07-01 13:02:35,0,0,1705,157.9,0,0.0,0,0.0,1005.6
2025-07-01 13:02:35,0,0,1705,157.9,0,0.0,0,0.0,1005.6
2025-07-01 13:02:36,0,0,1705,157.9,0,0.0,0,0.0,1005.6
2025-07-01 13:02:36,0,0,1705,157.9,0,0.0,0,0.0,1005.6
2025-07-01 13:02:36,0,0,1868,157.9,0,0.0,0,0.0,1002.2
2025-07-01 13:02:36,0,0,1868,157.9,0,0.0,0,0.0,1002.2
2025-07-01 13:02:36,0,0,1868,157.9,0,0.0,0,0.0,1002.2
2025-07-01 13:02:36,0,0,1868,157.9,0,0.0,0,0.0,1002.2
2025-07-01 13:02:36,0,0,1868,157.9,0,0.0,0,0.0,1002.2
2025-07-01 13:02:36,0,0,1868,157.9,0,0.0,0,0.0,1002.2
2025-07-01 13:02:37,0,0,1868,157.9,0,0.0,0,0.0,1002.2
2025-07-01 13:02:37,0,0,1868,157.9,0,0.0,0,0.0,1002.2
2025-07-01 13:02:37,0,0,1868,157.9,0,0.0,0,0.0,1002.2
2025-07-01 13:02:37,0,0,1926,157.9,0,0.0,0,0.0,1007.1
2025-07-01 13:02:37,0,0,1926,157.9,0,0.0,0,0.0,1007.1
2025-07-01 13:02:37,0,0,1926,157.9,0,0.0,0,0.0,1007.1
2025-07-01 13:02:37,0,0,1926,157.9,0,0.0,0,0.0,1007.1
2025-07-01 13:02:37,0,0,1926,157.9,0,0.0,0,0.0,1007.1
2025-07-01 13:02:38,0,0,1926,157.9,0,0.0,0,0.0,1007.1
2025-07-01 13:02:38,0,0,1926,157.9,0,0.0,0,0.0,1007.1
2025-07-01 13:02:38,0,0,1926,157.9,0,0.0,0,0.0,1007.1
2025-07-01 13:02:38,0,0,1979,157.9,0,0.0,0,0.0,1000.7
2025-07-01 13:02:38,0,0,1979,157.9,0,0.0,0,0.0,1000.7
2025-07-01 13:02:38,0,0,1979,157.9,0,0.0,0,0.0,1000.7
2025-07-01 13:02:38,0,0,1979,157.9,0,0.0,0,0.0,1000.7
2025-07-01 13:02:38,0,0,1979,157.9,0,0.0,0,0.0,1000.7
2025-07-01 13:02:39,0,0,1979,157.9,0,0.0,0,0.0,1000.7
2025-07-01 13:02:39,0,0,1979,157.9,0,0.0,0,0.0,1000.7
2025-07-01 13:02:39,0,0,1979,157.9,0,0.0,0,0.0,1000.7
2025-07-01 13:02:39,0,0,1979,157.9,0,0.0,0,0.0,1000.7
2025-07-01 13:02:39,0,1,1789,157.9,0,0.0,0,0.0,1006.0
2025-07-01 13:02:39,0,1,1789,157.9,0,0.0,0,0.0,1006.0
2025-07-01 13:02:39,0,1,1789,157.9,0,0.0,0,0.0,1006.0
2025-07-01 13:02:39,0,1,1789,157.9,0,0.0,0,0.0,1006.0
2025-07-01 13:02:39,0,1,1789,157.9,0,0.0,0,0.0,1006.0
2025-07-01 13:02:40,0,1,1789,157.9,0,0.0,0,0.0,1006.0
2025-07-01 13:02:40,0,1,1789,157.9,0,0.0,0,0.0,1006.0
2025-07-01 13:02:40,0,1,1789,157.9,0,0.0,0,0.0,1006.0
2025-07-01 13:02:40,0,0,1747,157.9,0,0.0,0,0.0,1002.4
2025-07-01 13:02:40,0,0,1747,157.9,0,0.0,0,0.0,1002.4
2025-07-01 13:02:40,0,0,1747,157.9,0,0.0,0,0.0,1002.4
2025-07-01 13:02:40,0,0,1747,157.9,0,0.0,0,0.0,1002.4
2025-07-01 13:02:41,0,0,1747,157.9,0,0.0,0,0.0,1002.4
2025-07-01 13:02:41,0,0,1747,157.9,0,0.0,0,0.0,1002.4
2025-07-01 13:02:41,0,0,1747,157.9,0,0.0,0,0.0,1002.4
2025-07-01 13:02:41,0,0,1747,157.9,0,0.0,0,0.0,1002.4
2025-07-01 13:02:41,0,0,1904,157.9,0,0.0,0,0.0,1005.4
2025-07-01 13:02:41,0,0,1904,157.9,0,0.0,0,0.0,1005.4
2025-07-01 13:02:41,0,0,1904,157.9,0,0.0,0,0.0,1005.4
2025-07-01 13:02:41,0,0,1904,157.9,0,0.0,0,0.0,1005.4
2025-07-01 13:02:42,0,0,1904,157.9,0,0.0,0,0.0,1005.4
2025-07-01 13:02:42,0,0,1904,157.9,0,0.0,0,0.0,1005.4
2025-07-01 13:02:42,0,0,1904,157.9,0,0.0,0,0.0,1005.4
2025-07-01 13:02:42,0,0,1904,157.9,0,0.0,0,0.0,1005.4
2025-07-01 13:02:42,0,0,1904,157.9,0,0.0,0,0.0,1005.4
2025-07-01 13:02:42,0,0,1499,188.7,0,0.0,0,0.0,1002.6
2025-07-01 13:02:42,0,0,1499,188.7,0,0.0,0,0.0,1002.6
2025-07-01 13:02:42,0,0,1499,188.7,0,0.0,0,0.0,1002.6
2025-07-01 13:02:42,0,0,1499,188.7,0,0.0,0,0.0,1002.6
2025-07-01 13:02:43,0,0,1499,188.7,0,0.0,0,0.0,1002.6
2025-07-01 13:02:43,0,0,1499,188.7,0,0.0,0,0.0,1002.6
2025-07-01 13:02:43,0,0,1499,188.7,0,0.0,0,0.0,1002.6
2025-07-01 13:02:43,0,0,1499,188.7,0,0.0,0,0.0,1002.6
2025-07-01 13:02:43,0,0,1499,188.7,0,0.0,0,0.0,1002.6
2025-07-01 13:02:43,0,0,1855,166.2,0,0.0,0,0.0,1003.9
2025-07-01 13:02:43,0,0,1855,166.2,0,0.0,0,0.0,1003.9
2025-07-01 13:02:43,0,0,1855,166.2,0,0.0,0,0.0,1003.9
2025-07-01 13:02:43,0,0,1855,166.2,0,0.0,0,0.0,1003.9
2025-07-01 13:02:44,0,0,1855,166.2,0,0.0,0,0.0,1003.9
2025-07-01 13:02:44,0,0,1855,166.2,0,0.0,0,0.0,1003.9
2025-07-01 13:02:44,0,0,1855,166.2,0,0.0,0,0.0,1003.9
2025-07-01 13:02:44,0,0,1855,166.2,0,0.0,0,0.0,1003.9
2025-07-01 13:02:44,0,0,1855,166.2,0,0.0,0,0.0,1003.9
2025-07-01 13:02:44,0,0,1876,166.2,0,0.0,0,0.0,1000.2
2025-07-01 13:02:44,0,0,1876,166.2,0,0.0,0,0.0,1000.2
2025-07-01 13:02:44,0,0,1876,166.2,0,0.0,0,0.0,1000.2
2025-07-01 13:02:45,0,0,1876,166.2,0,0.0,0,0.0,1000.2
2025-07-01 13:02:45,0,0,1876,166.2,0,0.0,0,0.0,1000.2
2025-07-01 13:02:45,0,0,1876,166.2,0,0.0,0,0.0,1000.2
2025-07-01 13:02:45,0,0,1876,166.2,0,0.0,0,0.0,1000.2
2025-07-01 13:02:45,0,0,1876,166.2,0,0.0,0,0.0,1000.2
2025-07-01 13:02:45,0,0,1876,166.2,0,0.0,0,0.0,1000.2
2025-07-01 13:02:45,0,1,1784,166.2,0,0.0,0,0.0,999.4
2025-07-01 13:02:45,0,1,1784,166.2,0,0.0,0,0.0,999.4
2025-07-01 13:02:46,0,1,1784,166.2,0,0.0,0,0.0,999.4
2025-07-01 13:02:46,0,1,1784,166.2,0,0.0,0,0.0,999.4
2025-07-01 13:02:46,0,1,1784,166.2,0,0.0,0,0.0,999.4
2025-07-01 13:02:46,0,1,1784,166.2,0,0.0,0,0.0,999.4
2025-07-01 13:02:46,0,1,1784,166.2,0,0.0,0,0.0,999.4
2025-07-01 13:02:46,0,1,1784,166.2,0,0.0,0,0.0,999.4
2025-07-01 13:02:46,0,1,1784,166.2,0,0.0,0,0.0,999.4
2025-07-01 13:02:46,0,0,1847,166.2,0,0.0,0,0.0,995.7
2025-07-01 13:02:46,0,0,1847,166.2,0,0.0,0,0.0,995.7
2025-07-01 13:02:47,0,0,1847,166.2,0,0.0,0,0.0,995.7
2025-07-01 13:02:47,0,0,1847,166.2,0,0.0,0,0.0,995.7
2025-07-01 13:02:47,0,0,1847,166.2,0,0.0,0,0.0,995.7
2025-07-01 13:02:47,0,0,1847,166.2,0,0.0,0,0.0,995.7
2025-07-01 13:02:47,0,0,1847,166.2,0,0.0,0,0.0,995.7
2025-07-01 13:02:47,0,0,1847,166.2,0,0.0,0,0.0,995.7
2025-07-01 13:02:47,0,0,1847,166.2,0,0.0,0,0.0,995.7
2025-07-01 13:02:47,0,1,1785,166.2,0,0.0,0,0.0,1000.6
2025-07-01 13:02:48,0,1,1785,166.2,0,0.0,0,0.0,1000.6
2025-07-01 13:02:48,0,1,1785,166.2,0,0.0,0,0.0,1000.6
2025-07-01 13:02:48,0,1,1785,166.2,0,0.0,0,0.0,1000.6
2025-07-01 13:02:48,0,1,1785,166.2,0,0.0,0,0.0,1000.6
2025-07-01 13:02:48,0,1,1785,166.2,0,0.0,0,0.0,1000.6
2025-07-01 13:02:48,0,1,1785,166.2,0,0.0,0,0.0,1000.6
2025-07-01 13:02:48,0,1,1785,166.2,0,0.0,0,0.0,1000.6
2025-07-01 13:02:48,0,1,1785,166.2,0,0.0,0,0.0,1000.6
2025-07-01 13:02:49,0,0,1699,137.6,0,0.0,0,0.0,1003.3
2025-07-01 13:02:49,0,0,1699,137.6,0,0.0,0,0.0,1003.3
2025-07-01 13:02:49,0,0,1699,137.6,0,0.0,0,0.0,1003.3
2025-07-01 13:02:49,0,0,1699,137.6,0,0.0,0,0.0,1003.3
2025-07-01 13:02:49,0,0,1699,137.6,0,0.0,0,0.0,1003.3
2025-07-01 13:02:49,0,0,1699,137.6,0,0.0,0,0.0,1003.3
2025-07-01 13:02:49,0,0,1699,137.6,0,0.0,0,0.0,1003.3
2025-07-01 13:02:49,0,0,1699,137.6,0,0.0,0,0.0,1003.3
2025-07-01 13:02:49,0,0,1699,137.6,0,0.0,0,0.0,1003.3
2025-07-01 13:02:50,0,0,1964,137.6,0,0.0,0,0.0,1002.8
2025-07-01 13:02:50,0,0,1964,137.6,0,0.0,0,0.0,1002.8
2025-07-01 13:02:50,0,0,1964,137.6,0,0.0,0,0.0,1002.8
2025-07-01 13:02:50,0,0,1964,137.6,0,0.0,0,0.0,1002.8
2025-07-01 13:02:50,0,0,1964,137.6,0,0.0,0,0.0,1002.8
2025-07-01 13:02:50,0,0,1964,137.6,0,0.0,0,0.0,1002.8
2025-07-01 13:02:50,0,0,1964,137.6,0,0.0,0,0.0,1002.8
2025-07-01 13:02:50,0,0,1964,137.6,0,0.0,0,0.0,1002.8
2025-07-01 13:02:51,0,1,1783,124.7,0,0.0,0,0.0,1005.8
2025-07-01 13:02:51,0,1,1783,124.7,0,0.0,0,0.0,1005.8
2025-07-01 13:02:51,0,1,1783,124.7,0,0.0,0,0.0,1005.8
2025-07-01 13:02:51,0,1,1783,124.7,0,0.0,0,0.0,1005.8
2025-07-01 13:02:51,0,1,1783,124.7,0,0.0,0,0.0,1005.8
2025-07-01 13:02:51,0,1,1783,124.7,0,0.0,0,0.0,1005.8
2025-07-01 13:02:51,0,1,1783,124.7,0,0.0,0,0.0,1005.8
2025-07-01 13:02:52,0,0,1926,124.7,0,0.0,0,0.0,1003.0
2025-07-01 13:02:52,0,0,1926,124.7,0,0.0,0,0.0,1003.0
2025-07-01 13:02:52,0,0,1926,124.7,0,0.0,0,0.0,1003.0
2025-07-01 13:02:52,0,0,1926,124.7,0,0.0,0,0.0,1003.0
2025-07-01 13:02:52,0,0,1926,124.7,0,0.0,0,0.0,1003.0
2025-07-01 13:02:52,0,0,1926,124.7,0,0.0,0,0.0,1003.0
2025-07-01 13:02:52,0,0,1926,124.7,0,0.0,0,0.0,1003.0
2025-07-01 13:02:52,0,0,1926,124.7,0,0.0,0,0.0,1003.0
2025-07-01 13:02:53,0,0,1926,124.7,0,0.0,0,0.0,1003.0
2025-07-01 13:02:53,0,1,1786,124.7,0,0.0,0,0.0,998.8
2025-07-01 13:02:53,0,1,1786,124.7,0,0.0,0,0.0,998.8
2025-07-01 13:02:53,0,1,1786,124.7,0,0.0,0,0.0,998.8
2025-07-01 13:02:53,0,1,1786,124.7,0,0.0,0,0.0,998.8
2025-07-01 13:02:53,0,1,1786,124.7,0,0.0,0,0.0,998.8
2025-07-01 13:02:53,0,1,1786,124.7,0,0.0,0,0.0,998.8
2025-07-01 13:02:53,0,1,1786,124.7,0,0.0,0,0.0,998.8
2025-07-01 13:02:54,0,1,1786,124.7,0,0.0,0,0.0,998.8
2025-07-01 13:02:54,0,0,1697,124.7,0,0.0,0,0.0,1003.6
2025-07-01 13:02:54,0,0,1697,124.7,0,0.0,0,0.0,1003.6
2025-07-01 13:02:54,0,0,1697,124.7,0,0.0,0,0.0,1003.6
2025-07-01 13:02:54,0,0,1697,124.7,0,0.0,0,0.0,1003.6
2025-07-01 13:02:54,0,0,1697,124.7,0,0.0,0,0.0,1003.6
2025-07-01 13:02:54,0,0,1697,124.7,0,0.0,0,0.0,1003.6
2025-07-01 13:02:54,0,0,1697,124.7,0,0.0,0,0.0,1003.6
2025-07-01 13:02:55,0,0,1697,124.7,0,0.0,0,0.0,1003.6
2025-07-01 13:02:55,0,0,1697,124.7,0,0.0,0,0.0,1003.6
2025-07-01 13:02:55,0,0,1657,124.7,0,0.0,0,0.0,1002.2
2025-07-01 13:02:55,0,0,1657,124.7,0,0.0,0,0.0,1002.2
2025-07-01 13:02:55,0,0,1657,124.7,0,0.0,0,0.0,1002.2
2025-07-01 13:02:55,0,0,1657,124.7,0,0.0,0,0.0,1002.2
2025-07-01 13:02:55,0,0,1657,124.7,0,0.0,0,0.0,1002.2
2025-07-01 13:02:55,0,0,1657,124.7,0,0.0,0,0.0,1002.2
2025-07-01 13:02:56,0,0,1657,124.7,0,0.0,0,0.0,1002.2
2025-07-01 13:02:56,0,0,1657,124.7,0,0.0,0,0.0,1002.2
2025-07-01 13:02:56,0,1,1787,124.7,0,0.0,0,0.0,1001.5
2025-07-01 13:02:56,0,1,1787,124.7,0,0.0,0,0.0,1001.5
2025-07-01 13:02:56,0,1,1787,124.7,0,0.0,0,0.0,1001.5
2025-07-01 13:02:56,0,1,1787,124.7,0,0.0,0,0.0,1001.5
2025-07-01 13:02:56,0,1,1787,124.7,0,0.0,0,0.0,1001.5
2025-07-01 13:02:57,0,1,1787,124.7,0,0.0,0,0.0,1001.5
2025-07-01 13:02:57,0,1,1787,124.7,0,0.0,0,0.0,1001.5
2025-07-01 13:02:57,0,1,1787,124.7,0,0.0,0,0.0,1001.5
2025-07-01 13:02:57,0,1,1779,124.7,0,0.0,0,0.0,1004.5
2025-07-01 13:02:57,0,1,1779,124.7,0,0.0,0,0.0,1004.5
2025-07-01 13:02:57,0,1,1779,124.7,0,0.0,0,0.0,1004.5
2025-07-01 13:02:57,0,1,1779,124.7,0,0.0,0,0.0,1004.5
2025-07-01 13:02:57,0,1,1779,124.7,0,0.0,0,0.0,1004.5
2025-07-01 13:02:57,0,1,1779,124.7,0,0.0,0,0.0,1004.5
2025-07-01 13:02:58,0,1,1779,124.7,0,0.0,0,0.0,1004.5
2025-07-01 13:02:58,0,1,1779,124.7,0,0.0,0,0.0,1004.5
2025-07-01 13:02:58,0,1,1779,124.7,0,0.0,0,0.0,1004.5
2025-07-01 13:02:58,0,0,1617,187.5,0,0.0,0,0.0,1004.3
2025-07-01 13:02:58,0,0,1617,187.5,0,0.0,0,0.0,1004.3
2025-07-01 13:02:58,0,0,1617,187.5,0,0.0,0,0.0,1004.3
2025-07-01 13:02:58,0,0,1617,187.5,0,0.0,0,0.0,1004.3
2025-07-01 13:02:58,0,0,1617,187.5,0,0.0,0,0.0,1004.3
2025-07-01 13:02:59,0,0,1617,187.5,0,0.0,0,0.0,1004.3
2025-07-01 13:02:59,0,0,1617,187.5,0,0.0,0,0.0,1004.3
2025-07-01 13:02:59,0,0,1617,187.5,0,0.0,0,0.0,1004.3
2025-07-01 13:02:59,0,0,1617,187.5,0,0.0,0,0.0,1004.3
2025-07-01 13:02:59,0,0,1713,187.5,0,0.0,0,0.0,1003.1
2025-07-01 13:02:59,0,0,1713,187.5,0,0.0,0,0.0,1003.1
2025-07-01 13:02:59,0,0,1713,187.5,0,0.0,0,0.0,1003.1
2025-07-01 13:02:59,0,0,1713,187.5,0,0.0,0,0.0,1003.1
2025-07-01 13:03:00,0,0,1713,187.5,0,0.0,0,0.0,1003.1
2025-07-01 13:03:00,0,0,1713,187.5,0,0.0,0,0.0,1003.1
2025-07-01 13:03:00,0,0,1713,187.5,0,0.0,0,0.0,1003.1
2025-07-01 13:03:00,0,0,1713,187.5,0,0.0,0,0.0,1003.1
2025-07-01 13:03:00,0,0,1713,187.5,0,0.0,0,0.0,1003.1
2025-07-01 13:03:00,0,0,1782,187.5,0,0.0,0,0.0,1008.8
2025-07-01 13:03:00,0,0,1782,187.5,0,0.0,0,0.0,1008.8
2025-07-01 13:03:00,0,0,1782,187.5,0,0.0,0,0.0,1008.8
2025-07-01 13:03:01,0,0,1782,187.5,0,0.0,0,0.0,1008.8
2025-07-01 13:03:01,0,0,1782,187.5,0,0.0,0,0.0,1008.8
2025-07-01 13:03:01,0,0,1782,187.5,0,0.0,0,0.0,1008.8
2025-07-01 13:03:01,0,0,1782,187.5,0,0.0,0,0.0,1008.8
2025-07-01 13:03:01,0,1,1792,187.5,0,0.0,0,0.0,1008.7
2025-07-01 13:03:01,0,1,1792,187.5,0,0.0,0,0.0,1008.7
2025-07-01 13:03:01,0,1,1792,187.5,0,0.0,0,0.0,1008.7
2025-07-01 13:03:01,0,1,1792,187.5,0,0.0,0,0.0,1008.7
2025-07-01 13:03:02,0,1,1792,187.5,0,0.0,0,0.0,1008.7
2025-07-01 13:03:02,0,1,1792,187.5,0,0.0,0,0.0,1008.7
2025-07-01 13:03:02,0,1,1792,187.5,0,0.0,0,0.0,1008.7
2025-07-01 13:03:02,0,1,1792,187.5,0,0.0,0,0.0,1008.7
2025-07-01 13:03:02,0,1,1792,187.5,0,0.0,0,0.0,1008.7
2025-07-01 13:03:02,0,0,1641,159.2,0,0.0,0,0.0,1004.1
2025-07-01 13:03:02,0,0,1641,159.2,0,0.0,0,0.0,1004.1
2025-07-01 13:03:03,0,0,1641,159.2,0,0.0,0,0.0,1004.1
2025-07-01 13:03:03,0,0,1641,159.2,0,0.0,0,0.0,1004.1
2025-07-01 13:03:03,0,0,1641,159.2,0,0.0,0,0.0,1004.1
2025-07-01 13:03:03,0,0,1641,159.2,0,0.0,0,0.0,1004.1
2025-07-01 13:03:03,0,0,1641,159.2,0,0.0,0,0.0,1004.1
2025-07-01 13:03:03,0,0,1641,159.2,0,0.0,0,0.0,1004.1
2025-07-01 13:03:03,0,0,1641,159.2,0,0.0,0,0.0,1004.1
2025-07-01 13:03:03,0,0,1814,159.2,0,0.0,0,0.0,1006.2
2025-07-01 13:03:04,0,0,1814,159.2,0,0.0,0,0.0,1006.2
2025-07-01 13:03:04,0,0,1814,159.2,0,0.0,0,0.0,1006.2
2025-07-01 13:03:04,0,0,1814,159.2,0,0.0,0,0.0,1006.2
2025-07-01 13:03:04,0,0,1814,159.2,0,0.0,0,0.0,1006.2
2025-07-01 13:03:04,0,0,1814,159.2,0,0.0,0,0.0,1006.2
2025-07-01 13:03:04,0,0,1814,159.2,0,0.0,0,0.0,1006.2
2025-07-01 13:03:04,0,0,1814,159.2,0,0.0,0,0.0,1006.2
2025-07-01 13:03:04,0,0,1702,159.2,0,0.0,0,0.0,1000.7
2025-07-01 13:03:05,0,0,1702,159.2,0,0.0,0,0.0,1000.7
2025-07-01 13:03:05,0,0,1702,159.2,0,0.0,0,0.0,1000.7
2025-07-01 13:03:05,0,0,1702,159.2,0,0.0,0,0.0,1000.7
2025-07-01 13:03:05,0,0,1702,159.2,0,0.0,0,0.0,1000.7
2025-07-01 13:03:05,0,0,1702,159.2,0,0.0,0,0.0,1000.7
2025-07-01 13:03:05,0,0,1702,159.2,0,0.0,0,0.0,1000.7
2025-07-01 13:03:05,0,0,1702,159.2,0,0.0,0,0.0,1000.7
2025-07-01 13:03:05,0,1,1790,100.0,0,0.0,0,0.0,997.5
2025-07-01 13:03:06,0,1,1790,100.0,0,0.0,0,0.0,997.5
2025-07-01 13:03:06,0,1,1790,100.0,0,0.0,0,0.0,997.5
2025-07-01 13:03:06,0,1,1790,100.0,0,0.0,0,0.0,997.5
2025-07-01 13:03:06,0,1,1790,100.0,0,0.0,0,0.0,997.5
2025-07-01 13:03:06,0,1,1790,100.0,0,0.0,0,0.0,997.5
2025-07-01 13:03:06,0,1,1790,100.0,0,0.0,0,0.0,997.5
2025-07-01 13:03:06,0,1,1790,100.0,0,0.0,0,0.0,997.5
2025-07-01 13:03:06,0,1,1790,100.0,0,0.0,0,0.0,997.5
2025-07-01 13:03:07,0,0,1763,100.0,0,0.0,0,0.0,1001.7
2025-07-01 13:03:07,0,0,1763,100.0,0,0.0,0,0.0,1001.7
2025-07-01 13:03:07,0,0,1763,100.0,0,0.0,0,0.0,1001.7
2025-07-01 13:03:07,0,0,1763,100.0,0,0.0,0,0.0,1001.7
2025-07-01 13:03:07,0,0,1763,100.0,0,0.0,0,0.0,1001.7
2025-07-01 13:03:07,0,0,1763,100.0,0,0.0,0,0.0,1001.7
2025-07-01 13:03:07,0,0,1763,100.0,0,0.0,0,0.0,1001.7
2025-07-01 13:03:08,0,0,1923,100.0,0,0.0,0,0.0,1006.4
2025-07-01 13:03:08,0,0,1923,100.0,0,0.0,0,0.0,1006.4
2025-07-01 13:03:08,0,0,1923,100.0,0,0.0,0,0.0,1006.4
2025-07-01 13:03:08,0,0,1923,100.0,0,0.0,0,0.0,1006.4
2025-07-01 13:03:08,0,0,1923,100.0,0,0.0,0,0.0,1006.4
2025-07-01 13:03:08,0,0,1923,100.0,0,0.0,0,0.0,1006.4
2025-07-01 13:03:08,0,0,1923,100.0,0,0.0,0,0.0,1006.4
2025-07-01 13:03:08,0,0,1923,100.0,0,0.0,0,0.0,1006.4
2025-07-01 13:03:09,0,0,1923,100.0,0,0.0,0,0.0,1006.4
2025-07-01 13:03:09,0,0,1843,100.0,0,0.0,0,0.0,1003.5
2025-07-01 13:03:09,0,0,1843,100.0,0,0.0,0,0.0,1003.5
2025-07-01 13:03:09,0,0,1843,100.0,0,0.0,0,0.0,1003.5
2025-07-01 13:03:09,0,0,1843,100.0,0,0.0,0,0.0,1003.5
2025-07-01 13:03:09,0,0,1843,100.0,0,0.0,0,0.0,1003.5
2025-07-01 13:03:09,0,0,1843,100.0,0,0.0,0,0.0,1003.5
2025-07-01 13:03:09,0,0,1843,100.0,0,0.0,0,0.0,1003.5
2025-07-01 13:03:09,0,0,1843,100.0,0,0.0,0,0.0,1003.5
2025-07-01 13:03:10,0,0,1843,100.0,0,0.0,0,0.0,1003.5
2025-07-01 13:03:10,0,0,1843,100.0,0,0.0,0,0.0,1003.5
2025-07-01 13:03:10,0,0,1843,100.0,0,0.0,0,0.0,1003.5
2025-07-01 13:03:10,0,0,1843,100.0,0,0.0,0,0.0,1003.5
2025-07-01 13:03:10,0,0,1843,100.0,0,0.0,0,0.0,1003.5
2025-07-01 13:03:10,0,0,1843,100.0,0,0.0,0,0.0,1003.5
2025-07-01 13:03:10,0,0,1843,100.0,0,0.0,0,0.0,1003.5
2025-07-01 13:03:10,0,0,1843,100.0,0,0.0,0,0.0,1003.5
2025-07-01 13:03:11,0,0,1843,100.0,0,0.0,0,0.0,1003.5
2025-07-01 13:03:11,0,0,1843,100.0,0,0.0,0,0.0,1003.5
2025-07-01 13:03:11,0,0,1843,100.0,0,0.0,0,0.0,1003.5
2025-07-01 13:03:11,0,0,1843,100.0,0,0.0,0,0.0,1003.5
2025-07-01 13:03:11,0,0,1843,100.0,0,0.0,0,0.0,1003.5
2025-07-01 13:03:11,0,0,1843,100.0,0,0.0,0,0.0,1003.5
2025-07-01 13:03:11,0,0,1843,100.0,0,0.0,0,0.0,1003.5
2025-07-01 13:03:11,0,0,1843,100.0,0,0.0,0,0.0,1003.5
2025-07-01 13:03:12,0,0,1843,100.0,0,0.0,0,0.0,1003.5
2025-07-01 13:03:12,0,0,1952,131.0,0,0.0,0,0.0,1000.4
2025-07-01 13:03:12,0,0,1952,131.0,0,0.0,0,0.0,1000.4
2025-07-01 13:03:12,0,0,1952,131.0,0,0.0,0,0.0,1000.4
2025-07-01 13:03:12,0,0,1952,131.0,0,0.0,0,0.0,1000.4
2025-07-01 13:03:12,0,0,1952,131.0,0,0.0,0,0.0,1000.4
2025-07-01 13:03:12,0,0,1952,131.0,0,0.0,0,0.0,1000.4
2025-07-01 13:03:12,0,0,1952,131.0,0,0.0,0,0.0,1000.4
2025-07-01 13:03:13,0,0,1952,131.0,0,0.0,0,0.0,1000.4
2025-07-01 13:03:13,0,0,1952,131.0,0,0.0,0,0.0,1000.4
2025-07-01 13:03:13,0,1,1795,177.5,0,0.0,0,0.0,1006.4
2025-07-01 13:03:13,0,1,1795,177.5,0,0.0,0,0.0,1006.4
2025-07-01 13:03:13,0,1,1795,177.5,0,0.0,0,0.0,1006.4
2025-07-01 13:03:13,0,1,1795,177.5,0,0.0,0,0.0,1006.4
2025-07-01 13:03:13,0,1,1795,177.5,0,0.0,0,0.0,1006.4
2025-07-01 13:03:13,0,1,1795,177.5,0,0.0,0,0.0,1006.4
2025-07-01 13:03:14,0,1,1795,177.5,0,0.0,0,0.0,1006.4
2025-07-01 13:03:14,0,1,1795,177.5,0,0.0,0,0.0,1006.4
2025-07-01 13:03:14,0,1,1795,177.5,0,0.0,0,0.0,1006.4
2025-07-01 13:03:14,0,0,1625,177.5,0,0.0,0,0.0,1001.2
2025-07-01 13:03:14,0,0,1625,177.5,0,0.0,0,0.0,1001.2
2025-07-01 13:03:14,0,0,1625,177.5,0,0.0,0,0.0,1001.2
2025-07-01 13:03:14,0,0,1625,177.5,0,0.0,0,0.0,1001.2
2025-07-01 13:03:14,0,0,1625,177.5,0,0.0,0,0.0,1001.2
2025-07-01 13:03:14,0,0,1625,177.5,0,0.0,0,0.0,1001.2
2025-07-01 13:03:15,0,0,1625,177.5,0,0.0,0,0.0,1001.2
2025-07-01 13:03:15,0,0,1625,177.5,0,0.0,0,0.0,1001.2
2025-07-01 13:03:15,0,0,1625,177.5,0,0.0,0,0.0,1001.2
2025-07-01 13:03:15,0,0,1926,177.5,0,0.0,0,0.0,1003.1
2025-07-01 13:03:15,0,0,1926,177.5,0,0.0,0,0.0,1003.1
2025-07-01 13:03:15,0,0,1926,177.5,0,0.0,0,0.0,1003.1
2025-07-01 13:03:16,0,0,1926,177.5,0,0.0,0,0.0,1003.1
2025-07-01 13:03:16,0,0,1926,177.5,0,0.0,0,0.0,1003.1
2025-07-01 13:03:16,0,0,1926,177.5,0,0.0,0,0.0,1003.1
2025-07-01 13:03:16,0,1,1806,177.5,0,0.0,0,0.0,1002.1
2025-07-01 13:03:16,0,1,1806,177.5,0,0.0,0,0.0,1002.1
2025-07-01 13:03:16,0,1,1806,177.5,0,0.0,0,0.0,1002.1
2025-07-01 13:03:16,0,1,1806,177.5,0,0.0,0,0.0,1002.1
2025-07-01 13:03:17,0,1,1806,177.5,0,0.0,0,0.0,1002.1
2025-07-01 13:03:17,0,1,1806,177.5,0,0.0,0,0.0,1002.1
2025-07-01 13:03:17,0,1,1806,177.5,0,0.0,0,0.0,1002.1
2025-07-01 13:03:17,0,1,1806,177.5,0,0.0,0,0.0,1002.1
2025-07-01 13:03:17,0,1,1806,177.5,0,0.0,0,0.0,1002.1
2025-07-01 13:03:17,0,1,1797,177.5,0,0.0,0,0.0,1003.0
2025-07-01 13:03:17,0,1,1797,177.5,0,0.0,0,0.0,1003.0
2025-07-01 13:03:17,0,1,1797,177.5,0,0.0,0,0.0,1003.0
2025-07-01 13:03:17,0,1,1797,177.5,0,0.0,0,0.0,1003.0
2025-07-01 13:03:18,0,1,1797,177.5,0,0.0,0,0.0,1003.0
2025-07-01 13:03:18,0,1,1797,177.5,0,0.0,0,0.0,1003.0
2025-07-01 13:03:18,0,1,1797,177.5,0,0.0,0,0.0,1003.0
2025-07-01 13:03:18,0,1,1797,177.5,0,0.0,0,0.0,1003.0
2025-07-01 13:03:18,0,0,1809,177.5,0,0.0,0,0.0,1002.5
2025-07-01 13:03:18,0,0,1809,177.5,0,0.0,0,0.0,1002.5
2025-07-01 13:03:18,0,0,1809,177.5,0,0.0,0,0.0,1002.5
2025-07-01 13:03:18,0,0,1809,177.5,0,0.0,0,0.0,1002.5
2025-07-01 13:03:19,0,0,1809,177.5,0,0.0,0,0.0,1002.5
2025-07-01 13:03:19,0,0,1809,177.5,0,0.0,0,0.0,1002.5
2025-07-01 13:03:19,0,0,1809,177.5,0,0.0,0,0.0,1002.5
2025-07-01 13:03:19,0,1,1790,177.5,0,0.0,0,0.0,1006.4
2025-07-01 13:03:19,0,1,1790,177.5,0,0.0,0,0.0,1006.4
2025-07-01 13:03:19,0,1,1790,177.5,0,0.0,0,0.0,1006.4
2025-07-01 13:03:20,0,1,1790,177.5,0,0.0,0,0.0,1006.4
2025-07-01 13:03:20,0,1,1790,177.5,0,0.0,0,0.0,1006.4
2025-07-01 13:03:20,0,1,1790,177.5,0,0.0,0,0.0,1006.4
2025-07-01 13:03:20,0,1,1790,177.5,0,0.0,0,0.0,1006.4
2025-07-01 13:03:20,0,1,1790,177.5,0,0.0,0,0.0,1006.4
2025-07-01 13:03:20,0,0,1739,176.0,0,0.0,0,0.0,1002.9
2025-07-01 13:03:20,0,0,1739,176.0,0,0.0,0,0.0,1002.9
2025-07-01 13:03:20,0,0,1739,176.0,0,0.0,0,0.0,1002.9
2025-07-01 13:03:21,0,0,1739,176.0,0,0.0,0,0.0,1002.9
2025-07-01 13:03:21,0,0,1739,176.0,0,0.0,0,0.0,1002.9
2025-07-01 13:03:21,0,0,1739,176.0,0,0.0,0,0.0,1002.9
2025-07-01 13:03:21,0,0,1739,176.0,0,0.0,0,0.0,1002.9
2025-07-01 13:03:21,0,0,1739,176.0,0,0.0,0,0.0,1002.9
2025-07-01 13:03:21,0,0,1739,176.0,0,0.0,0,0.0,1002.9
2025-07-01 13:03:21,0,1,1796,176.0,0,0.0,0,0.0,1005.2
2025-07-01 13:03:21,0,1,1796,176.0,0,0.0,0,0.0,1005.2
2025-07-01 13:03:22,0,1,1796,176.0,0,0.0,0,0.0,1005.2
2025-07-01 13:03:22,0,1,1796,176.0,0,0.0,0,0.0,1005.2
2025-07-01 13:03:22,0,1,1796,176.0,0,0.0,0,0.0,1005.2
2025-07-01 13:03:22,0,1,1796,176.0,0,0.0,0,0.0,1005.2
2025-07-01 13:03:22,0,1,1796,176.0,0,0.0,0,0.0,1005.2
2025-07-01 13:03:22,0,1,1796,176.0,0,0.0,0,0.0,1005.2
2025-07-01 13:03:22,0,0,1605,176.0,0,0.0,0,0.0,1003.7
2025-07-01 13:03:22,0,0,1605,176.0,0,0.0,0,0.0,1003.7
2025-07-01 13:03:22,0,0,1605,176.0,0,0.0,0,0.0,1003.7
2025-07-01 13:03:23,0,0,1605,176.0,0,0.0,0,0.0,1003.7
2025-07-01 13:03:23,0,0,1605,176.0,0,0.0,0,0.0,1003.7
2025-07-01 13:03:23,0,0,1605,176.0,0,0.0,0,0.0,1003.7
2025-07-01 13:03:23,0,0,1605,176.0,0,0.0,0,0.0,1003.7
2025-07-01 13:03:23,0,0,1605,176.0,0,0.0,0,0.0,1003.7
2025-07-01 13:03:23,0,0,1605,176.0,0,0.0,0,0.0,1003.7
2025-07-01 13:03:23,0,0,1833,176.0,0,0.0,0,0.0,1003.2
2025-07-01 13:03:23,0,0,1833,176.0,0,0.0,0,0.0,1003.2
2025-07-01 13:03:24,0,0,1833,176.0,0,0.0,0,0.0,1003.2
2025-07-01 13:03:24,0,0,1833,176.0,0,0.0,0,0.0,1003.2
2025-07-01 13:03:24,0,0,1833,176.0,0,0.0,0,0.0,1003.2
2025-07-01 13:03:24,0,0,1833,176.0,0,0.0,0,0.0,1003.2
2025-07-01 13:03:24,0,0,1833,176.0,0,0.0,0,0.0,1003.2
2025-07-01 13:03:24,0,0,1833,176.0,0,0.0,0,0.0,1003.2
2025-07-01 13:03:24,0,0,1833,176.0,0,0.0,0,0.0,1003.2
2025-07-01 13:03:24,0,0,1584,188.1,0,0.0,0,0.0,1000.6
2025-07-01 13:03:25,0,0,1584,188.1,0,0.0,0,0.0,1000.6
2025-07-01 13:03:25,0,0,1584,188.1,0,0.0,0,0.0,1000.6
2025-07-01 13:03:25,0,0,1584,188.1,0,0.0,0,0.0,1000.6
2025-07-01 13:03:25,0,0,1584,188.1,0,0.0,0,0.0,1000.6
2025-07-01 13:03:25,0,0,1584,188.1,0,0.0,0,0.0,1000.6
2025-07-01 13:03:25,0,0,1584,188.1,0,0.0,0,0.0,1000.6
2025-07-01 13:03:25,0,0,1584,188.1,0,0.0,0,0.0,1000.6
2025-07-01 13:03:25,0,0,1535,188.1,0,0.0,0,0.0,1003.9
2025-07-01 13:03:26,0,0,1535,188.1,0,0.0,0,0.0,1003.9
2025-07-01 13:03:26,0,0,1535,188.1,0,0.0,0,0.0,1003.9
2025-07-01 13:03:26,0,0,1535,188.1,0,0.0,0,0.0,1003.9
2025-07-01 13:03:26,0,0,1535,188.1,0,0.0,0,0.0,1003.9
2025-07-01 13:03:26,0,0,1535,188.1,0,0.0,0,0.0,1003.9
2025-07-01 13:03:26,0,0,1535,188.1,0,0.0,0,0.0,1003.9
2025-07-01 13:03:26,0,0,1535,188.1,0,0.0,0,0.0,1003.9
2025-07-01 13:03:26,0,1,1775,188.1,0,0.0,0,0.0,998.3
2025-07-01 13:03:27,0,1,1775,188.1,0,0.0,0,0.0,998.3
2025-07-01 13:03:27,0,1,1775,188.1,0,0.0,0,0.0,998.3
2025-07-01 13:03:27,0,1,1775,188.1,0,0.0,0,0.0,998.3
2025-07-01 13:03:27,0,1,1775,188.1,0,0.0,0,0.0,998.3
2025-07-01 13:03:27,0,1,1775,188.1,0,0.0,0,0.0,998.3
2025-07-01 13:03:27,0,1,1775,188.1,0,0.0,0,0.0,998.3
2025-07-01 13:03:27,0,1,1775,188.1,0,0.0,0,0.0,998.3
2025-07-01 13:03:27,0,1,1777,188.1,0,0.0,0,0.0,1003.6
2025-07-01 13:03:28,0,1,1777,188.1,0,0.0,0,0.0,1003.6
2025-07-01 13:03:28,0,1,1777,188.1,0,0.0,0,0.0,1003.6
2025-07-01 13:03:28,0,1,1777,188.1,0,0.0,0,0.0,1003.6
2025-07-01 13:03:28,0,1,1777,188.1,0,0.0,0,0.0,1003.6
2025-07-01 13:03:28,0,1,1777,188.1,0,0.0,0,0.0,1003.6
2025-07-01 13:03:28,0,1,1777,188.1,0,0.0,0,0.0,1003.6
2025-07-01 13:03:28,0,1,1777,188.1,0,0.0,0,0.0,1003.6
2025-07-01 13:03:28,0,1,1777,188.1,0,0.0,0,0.0,1003.6
2025-07-01 13:03:29,0,1,1798,158.3,0,0.0,0,0.0,1003.3
2025-07-01 13:03:29,0,1,1798,158.3,0,0.0,0,0.0,1003.3
2025-07-01 13:03:29,0,1,1798,158.3,0,0.0,0,0.0,1003.3
2025-07-01 13:03:29,0,1,1798,158.3,0,0.0,0,0.0,1003.3
2025-07-01 13:03:29,0,1,1798,158.3,0,0.0,0,0.0,1003.3
2025-07-01 13:03:30,0,1,1798,158.3,0,0.0,0,0.0,1003.3
2025-07-01 13:03:30,0,0,1964,189.3,0,0.0,0,0.0,1006.2
2025-07-01 13:03:30,0,0,1964,189.3,0,0.0,0,0.0,1006.2
2025-07-01 13:03:30,0,0,1964,189.3,0,0.0,0,0.0,1006.2
2025-07-01 13:03:30,0,0,1964,189.3,0,0.0,0,0.0,1006.2
2025-07-01 13:03:30,0,0,1964,189.3,0,0.0,0,0.0,1006.2
2025-07-01 13:03:30,0,0,1964,189.3,0,0.0,0,0.0,1006.2
2025-07-01 13:03:30,0,0,1964,189.3,0,0.0,0,0.0,1006.2
2025-07-01 13:03:31,0,0,1964,189.3,0,0.0,0,0.0,1006.2
2025-07-01 13:03:31,0,0,1625,111.5,0,0.0,0,0.0,1003.7
2025-07-01 13:03:31,0,0,1625,111.5,0,0.0,0,0.0,1003.7
2025-07-01 13:03:31,0,0,1625,111.5,0,0.0,0,0.0,1003.7
2025-07-01 13:03:31,0,0,1625,111.5,0,0.0,0,0.0,1003.7
2025-07-01 13:03:31,0,0,1625,111.5,0,0.0,0,0.0,1003.7
2025-07-01 13:03:31,0,0,1625,111.5,0,0.0,0,0.0,1003.7
2025-07-01 13:03:31,0,0,1625,111.5,0,0.0,0,0.0,1003.7
2025-07-01 13:03:32,0,0,1625,111.5,0,0.0,0,0.0,1003.7
2025-07-01 13:03:32,0,0,1936,111.5,0,0.0,0,0.0,1003.5
2025-07-01 13:03:32,0,0,1936,111.5,0,0.0,0,0.0,1003.5
2025-07-01 13:03:32,0,0,1936,111.5,0,0.0,0,0.0,1003.5
2025-07-01 13:03:32,0,0,1936,111.5,0,0.0,0,0.0,1003.5
2025-07-01 13:03:32,0,0,1936,111.5,0,0.0,0,0.0,1003.5
2025-07-01 13:03:32,0,0,1936,111.5,0,0.0,0,0.0,1003.5
2025-07-01 13:03:32,0,0,1936,111.5,0,0.0,0,0.0,1003.5
2025-07-01 13:03:33,0,0,1936,111.5,0,0.0,0,0.0,1003.5
2025-07-01 13:03:33,0,0,1936,111.5,0,0.0,0,0.0,1003.5
2025-07-01 13:03:33,0,1,1798,187.5,0,0.0,0,0.0,1000.6
2025-07-01 13:03:33,0,1,1798,187.5,0,0.0,0,0.0,1000.6
2025-07-01 13:03:33,0,1,1798,187.5,0,0.0,0,0.0,1000.6
2025-07-01 13:03:33,0,1,1798,187.5,0,0.0,0,0.0,1000.6
2025-07-01 13:03:33,0,1,1798,187.5,0,0.0,0,0.0,1000.6
2025-07-01 13:03:33,0,1,1798,187.5,0,0.0,0,0.0,1000.6
2025-07-01 13:03:34,0,1,1798,187.5,0,0.0,0,0.0,1000.6
2025-07-01 13:03:34,0,1,1798,187.5,0,0.0,0,0.0,1000.6
2025-07-01 13:03:34,0,1,1798,187.5,0,0.0,0,0.0,1000.6
2025-07-01 13:03:34,0,0,1651,188.1,0,0.0,0,0.0,1003.9
2025-07-01 13:03:34,0,0,1651,188.1,0,0.0,0,0.0,1003.9
2025-07-01 13:03:34,0,0,1651,188.1,0,0.0,0,0.0,1003.9
2025-07-01 13:03:34,0,0,1651,188.1,0,0.0,0,0.0,1003.9
2025-07-01 13:03:34,0,0,1651,188.1,0,0.0,0,0.0,1003.9
2025-07-01 13:03:35,0,0,1651,188.1,0,0.0,0,0.0,1003.9
2025-07-01 13:03:35,0,0,1651,188.1,0,0.0,0,0.0,1003.9
2025-07-01 13:03:35,0,0,1651,188.1,0,0.0,0,0.0,1003.9
2025-07-01 13:03:35,0,0,1942,189.3,0,0.0,0,0.0,1004.4
2025-07-01 13:03:35,0,0,1942,189.3,0,0.0,0,0.0,1004.4
2025-07-01 13:03:35,0,0,1942,189.3,0,0.0,0,0.0,1004.4
2025-07-01 13:03:35,0,0,1942,189.3,0,0.0,0,0.0,1004.4
2025-07-01 13:03:35,0,0,1942,189.3,0,0.0,0,0.0,1004.4
2025-07-01 13:03:36,0,0,1942,189.3,0,0.0,0,0.0,1004.4
2025-07-01 13:03:36,0,0,1942,189.3,0,0.0,0,0.0,1004.4
2025-07-01 13:03:36,0,0,1942,189.3,0,0.0,0,0.0,1004.4
2025-07-01 13:03:36,0,1,1786,189.3,0,0.0,0,0.0,1002.5
2025-07-01 13:03:36,0,1,1786,189.3,0,0.0,0,0.0,1002.5
2025-07-01 13:03:36,0,1,1786,189.3,0,0.0,0,0.0,1002.5
2025-07-01 13:03:36,0,1,1786,189.3,0,0.0,0,0.0,1002.5
2025-07-01 13:03:36,0,1,1786,189.3,0,0.0,0,0.0,1002.5
2025-07-01 13:03:37,0,1,1786,189.3,0,0.0,0,0.0,1002.5
2025-07-01 13:03:37,0,1,1786,189.3,0,0.0,0,0.0,1002.5
2025-07-01 13:03:37,0,1,1786,189.3,0,0.0,0,0.0,1002.5
2025-07-01 13:03:37,0,1,1786,189.3,0,0.0,0,0.0,1002.5
2025-07-01 13:03:37,0,1,1803,189.3,0,0.0,0,0.0,1010.0
2025-07-01 13:03:37,0,1,1803,189.3,0,0.0,0,0.0,1010.0
2025-07-01 13:03:37,0,1,1803,189.3,0,0.0,0,0.0,1010.0
2025-07-01 13:03:37,0,1,1803,189.3,0,0.0,0,0.0,1010.0
2025-07-01 13:03:38,0,1,1803,189.3,0,0.0,0,0.0,1010.0
2025-07-01 13:03:38,0,1,1803,189.3,0,0.0,0,0.0,1010.0
2025-07-01 13:03:38,0,1,1803,189.3,0,0.0,0,0.0,1010.0
2025-07-01 13:03:38,0,1,1803,189.3,0,0.0,0,0.0,1010.0
2025-07-01 13:03:38,0,1,1803,189.3,0,0.0,0,0.0,1010.0
2025-07-01 13:03:38,0,0,1902,189.3,0,0.0,0,0.0,1005.2
2025-07-01 13:03:38,0,0,1902,189.3,0,0.0,0,0.0,1005.2
2025-07-01 13:03:38,0,0,1902,189.3,0,0.0,0,0.0,1005.2
2025-07-01 13:03:39,0,0,1902,189.3,0,0.0,0,0.0,1005.2
2025-07-01 13:03:39,0,0,1902,189.3,0,0.0,0,0.0,1005.2
2025-07-01 13:03:39,0,0,1902,189.3,0,0.0,0,0.0,1005.2
2025-07-01 13:03:39,0,0,1902,189.3,0,0.0,0,0.0,1005.2
2025-07-01 13:03:39,0,0,1902,189.3,0,0.0,0,0.0,1005.2
2025-07-01 13:03:39,0,0,1524,167.1,0,0.0,0,0.0,1002.7
2025-07-01 13:03:39,0,0,1524,167.1,0,0.0,0,0.0,1002.7
2025-07-01 13:03:39,0,0,1524,167.1,0,0.0,0,0.0,1002.7
2025-07-01 13:03:40,0,0,1524,167.1,0,0.0,0,0.0,1002.7
2025-07-01 13:03:40,0,0,1524,167.1,0,0.0,0,0.0,1002.7
2025-07-01 13:03:40,0,0,1524,167.1,0,0.0,0,0.0,1002.7
2025-07-01 13:03:40,0,0,1524,167.1,0,0.0,0,0.0,1002.7
2025-07-01 13:03:40,0,0,1524,167.1,0,0.0,0,0.0,1002.7
2025-07-01 13:03:40,0,0,1524,167.1,0,0.0,0,0.0,1002.7
2025-07-01 13:03:40,0,0,1449,167.1,0,0.0,0,0.0,1003.8
2025-07-01 13:03:40,0,0,1449,167.1,0,0.0,0,0.0,1003.8
2025-07-01 13:03:40,0,0,1449,167.1,0,0.0,0,0.0,1003.8
2025-07-01 13:03:41,0,0,1449,167.1,0,0.0,0,0.0,1003.8
2025-07-01 13:03:41,0,0,1449,167.1,0,0.0,0,0.0,1003.8
2025-07-01 13:03:41,0,0,1449,167.1,0,0.0,0,0.0,1003.8
2025-07-01 13:03:41,0,0,1449,167.1,0,0.0,0,0.0,1003.8
2025-07-01 13:03:41,0,0,1449,167.1,0,0.0,0,0.0,1003.8
2025-07-01 13:03:41,0,0,1421,167.1,0,0.0,0,0.0,1003.4
2025-07-01 13:03:41,0,0,1421,167.1,0,0.0,0,0.0,1003.4
2025-07-01 13:03:41,0,0,1421,167.1,0,0.0,0,0.0,1003.4
2025-07-01 13:03:42,0,0,1421,167.1,0,0.0,0,0.0,1003.4
2025-07-01 13:03:42,0,0,1421,167.1,0,0.0,0,0.0,1003.4
2025-07-01 13:03:42,0,0,1421,167.1,0,0.0,0,0.0,1003.4
2025-07-01 13:03:42,0,0,1421,167.1,0,0.0,0,0.0,1003.4
2025-07-01 13:03:42,0,0,1421,167.1,0,0.0,0,0.0,1003.4
2025-07-01 13:03:42,0,0,1421,167.1,0,0.0,0,0.0,1003.4
2025-07-01 13:03:42,0,0,1952,167.1,0,0.0,0,0.0,996.0
2025-07-01 13:03:42,0,0,1952,167.1,0,0.0,0,0.0,996.0
2025-07-01 13:03:43,0,0,1952,167.1,0,0.0,0,0.0,996.0
2025-07-01 13:03:43,0,0,1952,167.1,0,0.0,0,0.0,996.0
2025-07-01 13:03:43,0,0,1952,167.1,0,0.0,0,0.0,996.0
2025-07-01 13:03:43,0,0,1952,167.1,0,0.0,0,0.0,996.0
2025-07-01 13:03:43,0,0,1952,167.1,0,0.0,0,0.0,996.0
2025-07-01 13:03:43,0,0,1952,167.1,0,0.0,0,0.0,996.0
2025-07-01 13:03:43,0,0,1952,167.1,0,0.0,0,0.0,996.0
2025-07-01 13:03:43,0,0,1938,167.1,0,0.0,0,0.0,1005.8
2025-07-01 13:03:44,0,0,1938,167.1,0,0.0,0,0.0,1005.8
2025-07-01 13:03:44,0,0,1938,167.1,0,0.0,0,0.0,1005.8
2025-07-01 13:03:44,0,0,1938,167.1,0,0.0,0,0.0,1005.8
2025-07-01 13:03:44,0,0,1938,167.1,0,0.0,0,0.0,1005.8
2025-07-01 13:03:44,0,0,1938,167.1,0,0.0,0,0.0,1005.8
2025-07-01 13:03:44,0,0,1938,167.1,0,0.0,0,0.0,1005.8
2025-07-01 13:03:44,0,0,1938,167.1,0,0.0,0,0.0,1005.8
2025-07-01 13:03:44,0,0,1938,167.1,0,0.0,0,0.0,1005.8
2025-07-01 13:03:44,0,0,1867,157.9,0,0.0,0,0.0,999.9
2025-07-01 13:03:45,0,0,1867,157.9,0,0.0,0,0.0,999.9
2025-07-01 13:03:45,0,0,1867,157.9,0,0.0,0,0.0,999.9
2025-07-01 13:03:45,0,0,1867,157.9,0,0.0,0,0.0,999.9
2025-07-01 13:03:45,0,0,1867,157.9,0,0.0,0,0.0,999.9
2025-07-01 13:03:45,0,0,1867,157.9,0,0.0,0,0.0,999.9
2025-07-01 13:03:45,0,0,1867,157.9,0,0.0,0,0.0,999.9
2025-07-01 13:03:45,0,0,1867,157.9,0,0.0,0,0.0,999.9
2025-07-01 13:03:45,0,0,1867,157.9,0,0.0,0,0.0,999.9
2025-07-01 13:03:46,0,1,1798,176.5,0,0.0,0,0.0,1001.3
2025-07-01 13:03:46,0,1,1798,176.5,0,0.0,0,0.0,1001.3
2025-07-01 13:03:46,0,1,1798,176.5,0,0.0,0,0.0,1001.3
2025-07-01 13:03:46,0,1,1798,176.5,0,0.0,0,0.0,1001.3
2025-07-01 13:03:46,0,1,1798,176.5,0,0.0,0,0.0,1001.3
2025-07-01 13:03:46,0,1,1798,176.5,0,0.0,0,0.0,1001.3
2025-07-01 13:03:46,0,1,1798,176.5,0,0.0,0,0.0,1001.3
2025-07-01 13:03:46,0,1,1798,176.5,0,0.0,0,0.0,1001.3
2025-07-01 13:03:46,0,1,1798,176.5,0,0.0,0,0.0,1001.3
2025-07-01 13:03:47,0,1,1793,176.5,0,0.0,0,0.0,1004.6
2025-07-01 13:03:47,0,1,1793,176.5,0,0.0,0,0.0,1004.6
2025-07-01 13:03:47,0,1,1793,176.5,0,0.0,0,0.0,1004.6
2025-07-01 13:03:47,0,1,1793,176.5,0,0.0,0,0.0,1004.6
2025-07-01 13:03:47,0,1,1793,176.5,0,0.0,0,0.0,1004.6
2025-07-01 13:03:47,0,1,1793,176.5,0,0.0,0,0.0,1004.6
2025-07-01 13:03:47,0,1,1793,176.5,0,0.0,0,0.0,1004.6
2025-07-01 13:03:47,0,1,1793,176.5,0,0.0,0,0.0,1004.6
2025-07-01 13:03:48,0,1,1801,188.7,0,0.0,0,0.0,1004.0
2025-07-01 13:03:48,0,1,1801,188.7,0,0.0,0,0.0,1004.0
2025-07-01 13:03:48,0,1,1801,188.7,0,0.0,0,0.0,1004.0
2025-07-01 13:03:48,0,1,1801,188.7,0,0.0,0,0.0,1004.0
2025-07-01 13:03:48,0,1,1801,188.7,0,0.0,0,0.0,1004.0
2025-07-01 13:03:48,0,1,1801,188.7,0,0.0,0,0.0,1004.0
2025-07-01 13:03:48,0,1,1801,188.7,0,0.0,0,0.0,1004.0
2025-07-01 13:03:49,0,1,1801,188.7,0,0.0,0,0.0,1004.0
2025-07-01 13:03:49,0,0,1404,188.7,0,0.0,0,0.0,1003.2
2025-07-01 13:03:49,0,0,1404,188.7,0,0.0,0,0.0,1003.2
2025-07-01 13:03:49,0,0,1404,188.7,0,0.0,0,0.0,1003.2
2025-07-01 13:03:49,0,0,1404,188.7,0,0.0,0,0.0,1003.2
2025-07-01 13:03:49,0,0,1404,188.7,0,0.0,0,0.0,1003.2
2025-07-01 13:03:49,0,0,1404,188.7,0,0.0,0,0.0,1003.2
2025-07-01 13:03:49,0,0,1404,188.7,0,0.0,0,0.0,1003.2
2025-07-01 13:03:50,0,0,1404,188.7,0,0.0,0,0.0,1003.2
2025-07-01 13:03:50,0,0,1960,188.7,0,0.0,0,0.0,1008.1
2025-07-01 13:03:50,0,0,1960,188.7,0,0.0,0,0.0,1008.1
2025-07-01 13:03:50,0,0,1960,188.7,0,0.0,0,0.0,1008.1
2025-07-01 13:03:50,0,0,1960,188.7,0,0.0,0,0.0,1008.1
2025-07-01 13:03:50,0,0,1960,188.7,0,0.0,0,0.0,1008.1
2025-07-01 13:03:50,0,0,1960,188.7,0,0.0,0,0.0,1008.1
2025-07-01 13:03:51,0,0,1960,188.7,0,0.0,0,0.0,1008.1
2025-07-01 13:03:51,0,0,1960,188.7,0,0.0,0,0.0,1008.1
2025-07-01 13:03:51,0,0,1891,188.7,0,0.0,0,0.0,1002.8
2025-07-01 13:03:51,0,0,1891,188.7,0,0.0,0,0.0,1002.8
2025-07-01 13:03:51,0,0,1891,188.7,0,0.0,0,0.0,1002.8
2025-07-01 13:03:51,0,0,1891,188.7,0,0.0,0,0.0,1002.8
2025-07-01 13:03:51,0,0,1891,188.7,0,0.0,0,0.0,1002.8
2025-07-01 13:03:51,0,0,1891,188.7,0,0.0,0,0.0,1002.8
2025-07-01 13:03:52,0,0,1891,188.7,0,0.0,0,0.0,1002.8
2025-07-01 13:03:52,0,0,1666,177.5,0,0.0,0,0.0,1004.1
2025-07-01 13:03:52,0,0,1666,177.5,0,0.0,0,0.0,1004.1
2025-07-01 13:03:52,0,0,1666,177.5,0,0.0,0,0.0,1004.1
2025-07-01 13:03:52,0,0,1666,177.5,0,0.0,0,0.0,1004.1
2025-07-01 13:03:52,0,0,1666,177.5,0,0.0,0,0.0,1004.1
2025-07-01 13:03:52,0,0,1666,177.5,0,0.0,0,0.0,1004.1
2025-07-01 13:03:53,0,0,1666,177.5,0,0.0,0,0.0,1004.1
2025-07-01 13:03:53,0,0,1666,177.5,0,0.0,0,0.0,1004.1
2025-07-01 13:03:53,0,1,1784,120.5,0,0.0,0,0.0,1003.7
2025-07-01 13:03:53,0,1,1784,120.5,0,0.0,0,0.0,1003.7
2025-07-01 13:03:53,0,1,1784,120.5,0,0.0,0,0.0,1003.7
2025-07-01 13:03:53,0,1,1784,120.5,0,0.0,0,0.0,1003.7
2025-07-01 13:03:53,0,1,1784,120.5,0,0.0,0,0.0,1003.7
2025-07-01 13:03:53,0,1,1784,120.5,0,0.0,0,0.0,1003.7
2025-07-01 13:03:54,0,1,1784,120.5,0,0.0,0,0.0,1003.7
2025-07-01 13:03:54,0,1,1784,120.5,0,0.0,0,0.0,1003.7
2025-07-01 13:03:54,0,0,1932,120.5,0,0.0,0,0.0,1004.2
2025-07-01 13:03:54,0,0,1932,120.5,0,0.0,0,0.0,1004.2
2025-07-01 13:03:54,0,0,1932,120.5,0,0.0,0,0.0,1004.2
2025-07-01 13:03:54,0,0,1932,120.5,0,0.0,0,0.0,1004.2
2025-07-01 13:03:54,0,0,1932,120.5,0,0.0,0,0.0,1004.2
2025-07-01 13:03:55,0,0,1932,120.5,0,0.0,0,0.0,1004.2
2025-07-01 13:03:55,0,0,1932,120.5,0,0.0,0,0.0,1004.2
2025-07-01 13:03:55,0,0,1932,120.5,0,0.0,0,0.0,1004.2
2025-07-01 13:03:55,0,1,1798,120.5,0,0.0,0,0.0,1008.9
2025-07-01 13:03:55,0,1,1798,120.5,0,0.0,0,0.0,1008.9
2025-07-01 13:03:55,0,1,1798,120.5,0,0.0,0,0.0,1008.9
2025-07-01 13:03:55,0,1,1798,120.5,0,0.0,0,0.0,1008.9
2025-07-01 13:03:55,0,1,1798,120.5,0,0.0,0,0.0,1008.9
2025-07-01 13:03:55,0,1,1798,120.5,0,0.0,0,0.0,1008.9
2025-07-01 13:03:56,0,1,1798,120.5,0,0.0,0,0.0,1008.9
2025-07-01 13:03:56,0,1,1798,120.5,0,0.0,0,0.0,1008.9
2025-07-01 13:03:56,0,1,1798,120.5,0,0.0,0,0.0,1008.9
2025-07-01 13:03:56,0,0,1925,120.5,0,0.0,0,0.0,1004.6
2025-07-01 13:03:56,0,0,1925,120.5,0,0.0,0,0.0,1004.6
2025-07-01 13:03:56,0,0,1925,120.5,0,0.0,0,0.0,1004.6
2025-07-01 13:03:56,0,0,1925,120.5,0,0.0,0,0.0,1004.6
2025-07-01 13:03:56,0,0,1925,120.5,0,0.0,0,0.0,1004.6
2025-07-01 13:03:57,0,0,1925,120.5,0,0.0,0,0.0,1004.6
2025-07-01 13:03:57,0,0,1925,120.5,0,0.0,0,0.0,1004.6
2025-07-01 13:03:57,0,0,1925,120.5,0,0.0,0,0.0,1004.6
2025-07-01 13:03:57,0,0,1925,120.5,0,0.0,0,0.0,1004.6
2025-07-01 13:03:57,0,1,1789,120.5,0,0.0,0,0.0,1000.1
2025-07-01 13:03:57,0,1,1789,120.5,0,0.0,0,0.0,1000.1
2025-07-01 13:03:57,0,1,1789,120.5,0,0.0,0,0.0,1000.1
2025-07-01 13:03:57,0,1,1789,120.5,0,0.0,0,0.0,1000.1
2025-07-01 13:03:57,0,1,1789,120.5,0,0.0,0,0.0,1000.1
2025-07-01 13:03:58,0,1,1789,120.5,0,0.0,0,0.0,1000.1
2025-07-01 13:03:58,0,1,1789,120.5,0,0.0,0,0.0,1000.1
2025-07-01 13:03:58,0,1,1789,120.5,0,0.0,0,0.0,1000.1
2025-07-01 13:03:58,0,1,1789,120.5,0,0.0,0,0.0,1000.1
2025-07-01 13:03:58,0,0,1657,120.5,0,0.0,0,0.0,1003.4
2025-07-01 13:03:58,0,0,1657,120.5,0,0.0,0,0.0,1003.4
2025-07-01 13:03:58,0,0,1657,120.5,0,0.0,0,0.0,1003.4
2025-07-01 13:03:58,0,0,1657,120.5,0,0.0,0,0.0,1003.4
2025-07-01 13:03:59,0,0,1657,120.5,0,0.0,0,0.0,1003.4
2025-07-01 13:03:59,0,0,1657,120.5,0,0.0,0,0.0,1003.4
2025-07-01 13:03:59,0,0,1657,120.5,0,0.0,0,0.0,1003.4
2025-07-01 13:03:59,0,0,1657,120.5,0,0.0,0,0.0,1003.4
2025-07-01 13:03:59,0,0,1657,120.5,0,0.0,0,0.0,1003.4
2025-07-01 13:03:59,0,1,1787,188.1,0,0.0,0,0.0,1009.0
2025-07-01 13:03:59,0,1,1787,188.1,0,0.0,0,0.0,1009.0
2025-07-01 13:03:59,0,1,1787,188.1,0,0.0,0,0.0,1009.0
2025-07-01 13:04:00,0,1,1787,188.1,0,0.0,0,0.0,1009.0
2025-07-01 13:04:00,0,1,1787,188.1,0,0.0,0,0.0,1009.0
2025-07-01 13:04:00,0,1,1787,188.1,0,0.0,0,0.0,1009.0
2025-07-01 13:04:00,0,1,1787,188.1,0,0.0,0,0.0,1009.0
2025-07-01 13:04:00,0,1,1787,188.1,0,0.0,0,0.0,1009.0
2025-07-01 13:04:00,0,1,1808,188.1,0,0.0,0,0.0,1004.0
2025-07-01 13:04:00,0,1,1808,188.1,0,0.0,0,0.0,1004.0
2025-07-01 13:04:00,0,1,1808,188.1,0,0.0,0,0.0,1004.0
2025-07-01 13:04:01,0,1,1808,188.1,0,0.0,0,0.0,1004.0
2025-07-01 13:04:01,0,1,1808,188.1,0,0.0,0,0.0,1004.0
2025-07-01 13:04:01,0,1,1808,188.1,0,0.0,0,0.0,1004.0
2025-07-01 13:04:01,0,1,1808,188.1,0,0.0,0,0.0,1004.0
2025-07-01 13:04:01,0,1,1808,188.1,0,0.0,0,0.0,1004.0
2025-07-01 13:04:01,0,1,1808,188.1,0,0.0,0,0.0,1004.0
2025-07-01 13:04:01,0,1,1802,188.1,0,0.0,0,0.0,1008.8
2025-07-01 13:04:01,0,1,1802,188.1,0,0.0,0,0.0,1008.8
2025-07-01 13:04:02,0,1,1802,188.1,0,0.0,0,0.0,1008.8
2025-07-01 13:04:02,0,1,1802,188.1,0,0.0,0,0.0,1008.8
2025-07-01 13:04:02,0,1,1802,188.1,0,0.0,0,0.0,1008.8
2025-07-01 13:04:02,0,1,1802,188.1,0,0.0,0,0.0,1008.8
2025-07-01 13:04:02,0,1,1802,188.1,0,0.0,0,0.0,1008.8
2025-07-01 13:04:02,0,1,1802,188.1,0,0.0,0,0.0,1008.8
2025-07-01 13:04:02,0,1,1802,188.1,0,0.0,0,0.0,1008.8
2025-07-01 13:04:02,0,0,1552,188.1,0,0.0,0,0.0,1000.1
2025-07-01 13:04:03,0,0,1552,188.1,0,0.0,0,0.0,1000.1
2025-07-01 13:04:03,0,0,1552,188.1,0,0.0,0,0.0,1000.1
2025-07-01 13:04:03,0,0,1552,188.1,0,0.0,0,0.0,1000.1
2025-07-01 13:04:03,0,0,1552,188.1,0,0.0,0,0.0,1000.1
2025-07-01 13:04:03,0,0,1552,188.1,0,0.0,0,0.0,1000.1
2025-07-01 13:04:03,0,0,1552,188.1,0,0.0,0,0.0,1000.1
2025-07-01 13:04:03,0,0,1552,188.1,0,0.0,0,0.0,1000.1
2025-07-01 13:04:03,0,0,1906,188.1,0,0.0,0,0.0,1001.7
2025-07-01 13:04:04,0,0,1906,188.1,0,0.0,0,0.0,1001.7
2025-07-01 13:04:04,0,0,1906,188.1,0,0.0,0,0.0,1001.7
2025-07-01 13:04:04,0,0,1906,188.1,0,0.0,0,0.0,1001.7
2025-07-01 13:04:04,0,0,1906,188.1,0,0.0,0,0.0,1001.7
2025-07-01 13:04:04,0,0,1906,188.1,0,0.0,0,0.0,1001.7
2025-07-01 13:04:04,0,0,1906,188.1,0,0.0,0,0.0,1001.7
2025-07-01 13:04:04,0,0,1906,188.1,0,0.0,0,0.0,1001.7
2025-07-01 13:04:04,0,0,1984,130.4,0,0.0,0,0.0,1006.4
2025-07-01 13:04:05,0,0,1984,130.4,0,0.0,0,0.0,1006.4
2025-07-01 13:04:05,0,0,1984,130.4,0,0.0,0,0.0,1006.4
2025-07-01 13:04:05,0,0,1984,130.4,0,0.0,0,0.0,1006.4
2025-07-01 13:04:05,0,0,1984,130.4,0,0.0,0,0.0,1006.4
2025-07-01 13:04:05,0,0,1984,130.4,0,0.0,0,0.0,1006.4
2025-07-01 13:04:05,0,0,1984,130.4,0,0.0,0,0.0,1006.4
2025-07-01 13:04:05,0,0,1984,130.4,0,0.0,0,0.0,1006.4
2025-07-01 13:04:05,0,0,1984,130.4,0,0.0,0,0.0,1006.4
2025-07-01 13:04:06,0,0,1862,130.4,0,0.0,0,0.0,999.9
2025-07-01 13:04:06,0,0,1862,130.4,0,0.0,0,0.0,999.9
2025-07-01 13:04:06,0,0,1862,130.4,0,0.0,0,0.0,999.9
2025-07-01 13:04:06,0,0,1862,130.4,0,0.0,0,0.0,999.9
2025-07-01 13:04:06,0,0,1862,130.4,0,0.0,0,0.0,999.9
2025-07-01 13:04:06,0,0,1862,130.4,0,0.0,0,0.0,999.9
2025-07-01 13:04:06,0,0,1862,130.4,0,0.0,0,0.0,999.9
2025-07-01 13:04:06,0,0,1862,130.4,0,0.0,0,0.0,999.9
2025-07-01 13:04:06,0,0,1862,130.4,0,0.0,0,0.0,999.9
2025-07-01 13:04:07,0,1,1791,178.0,0,0.0,0,0.0,1000.9
2025-07-01 13:04:07,0,1,1791,178.0,0,0.0,0,0.0,1000.9
2025-07-01 13:04:07,0,1,1791,178.0,0,0.0,0,0.0,1000.9
2025-07-01 13:04:07,0,1,1791,178.0,0,0.0,0,0.0,1000.9
2025-07-01 13:04:07,0,1,1791,178.0,0,0.0,0,0.0,1000.9
2025-07-01 13:04:07,0,1,1791,178.0,0,0.0,0,0.0,1000.9
2025-07-01 13:04:07,0,1,1791,178.0,0,0.0,0,0.0,1000.9
2025-07-01 13:04:08,0,1,1791,178.0,0,0.0,0,0.0,1000.9
2025-07-01 13:04:08,0,1,1787,178.0,0,0.0,0,0.0,1003.4
2025-07-01 13:04:08,0,1,1787,178.0,0,0.0,0,0.0,1003.4
2025-07-01 13:04:08,0,1,1787,178.0,0,0.0,0,0.0,1003.4
2025-07-01 13:04:08,0,1,1787,178.0,0,0.0,0,0.0,1003.4
2025-07-01 13:04:08,0,1,1787,178.0,0,0.0,0,0.0,1003.4
2025-07-01 13:04:08,0,1,1787,178.0,0,0.0,0,0.0,1003.4
2025-07-01 13:04:08,0,1,1787,178.0,0,0.0,0,0.0,1003.4
2025-07-01 13:04:09,0,1,1787,178.0,0,0.0,0,0.0,1003.4
2025-07-01 13:04:09,0,1,1787,178.0,0,0.0,0,0.0,1003.4
2025-07-01 13:04:09,0,1,1810,125.3,0,0.0,0,0.0,1005.6
2025-07-01 13:04:09,0,1,1810,125.3,0,0.0,0,0.0,1005.6
2025-07-01 13:04:09,0,1,1810,125.3,0,0.0,0,0.0,1005.6
2025-07-01 13:04:09,0,1,1810,125.3,0,0.0,0,0.0,1005.6
2025-07-01 13:04:09,0,1,1810,125.3,0,0.0,0,0.0,1005.6
2025-07-01 13:04:09,0,1,1810,125.3,0,0.0,0,0.0,1005.6
2025-07-01 13:04:09,0,1,1810,125.3,0,0.0,0,0.0,1005.6
2025-07-01 13:04:10,0,1,1810,125.3,0,0.0,0,0.0,1005.6
2025-07-01 13:04:10,0,1,1810,125.3,0,0.0,0,0.0,1005.6
2025-07-01 13:04:10,0,1,1793,125.3,0,0.0,0,0.0,1003.3
2025-07-01 13:04:10,0,1,1793,125.3,0,0.0,0,0.0,1003.3
2025-07-01 13:04:10,0,1,1793,125.3,0,0.0,0,0.0,1003.3
2025-07-01 13:04:10,0,1,1793,125.3,0,0.0,0,0.0,1003.3
2025-07-01 13:04:10,0,1,1793,125.3,0,0.0,0,0.0,1003.3
2025-07-01 13:04:10,0,1,1793,125.3,0,0.0,0,0.0,1003.3
2025-07-01 13:04:11,0,1,1793,125.3,0,0.0,0,0.0,1003.3
2025-07-01 13:04:11,0,1,1793,125.3,0,0.0,0,0.0,1003.3
2025-07-01 13:04:11,0,1,1793,125.3,0,0.0,0,0.0,1003.3
2025-07-01 13:04:11,0,0,1625,125.3,0,0.0,0,0.0,1002.8
2025-07-01 13:04:11,0,0,1625,125.3,0,0.0,0,0.0,1002.8
2025-07-01 13:04:11,0,0,1625,125.3,0,0.0,0,0.0,1002.8
2025-07-01 13:04:11,0,0,1625,125.3,0,0.0,0,0.0,1002.8
2025-07-01 13:04:11,0,0,1625,125.3,0,0.0,0,0.0,1002.8
2025-07-01 13:04:11,0,0,1625,125.3,0,0.0,0,0.0,1002.8
2025-07-01 13:04:12,0,0,1625,125.3,0,0.0,0,0.0,1002.8
2025-07-01 13:04:12,0,0,1625,125.3,0,0.0,0,0.0,1002.8
2025-07-01 13:04:12,0,0,1625,125.3,0,0.0,0,0.0,1002.8
2025-07-01 13:04:12,0,0,1593,125.3,0,0.0,0,0.0,1003.1
2025-07-01 13:04:12,0,0,1593,125.3,0,0.0,0,0.0,1003.1
2025-07-01 13:04:12,0,0,1593,125.3,0,0.0,0,0.0,1003.1
2025-07-01 13:04:12,0,0,1593,125.3,0,0.0,0,0.0,1003.1
2025-07-01 13:04:12,0,0,1593,125.3,0,0.0,0,0.0,1003.1
2025-07-01 13:04:13,0,0,1593,125.3,0,0.0,0,0.0,1003.1
2025-07-01 13:04:13,0,0,1593,125.3,0,0.0,0,0.0,1003.1
2025-07-01 13:04:13,0,0,1593,125.3,0,0.0,0,0.0,1003.1
2025-07-01 13:04:13,0,0,1593,125.3,0,0.0,0,0.0,1003.1
2025-07-01 13:04:13,0,0,1808,125.3,0,0.0,0,0.0,1006.8
2025-07-01 13:04:13,0,0,1808,125.3,0,0.0,0,0.0,1006.8
2025-07-01 13:04:13,0,0,1808,125.3,0,0.0,0,0.0,1006.8
2025-07-01 13:04:13,0,0,1808,125.3,0,0.0,0,0.0,1006.8
2025-07-01 13:04:14,0,0,1808,125.3,0,0.0,0,0.0,1006.8
2025-07-01 13:04:14,0,0,1808,125.3,0,0.0,0,0.0,1006.8
2025-07-01 13:04:14,0,0,1808,125.3,0,0.0,0,0.0,1006.8
2025-07-01 13:04:14,0,0,1808,125.3,0,0.0,0,0.0,1006.8
2025-07-01 13:04:14,0,0,1955,125.3,0,0.0,0,0.0,1004.2
2025-07-01 13:04:14,0,0,1955,125.3,0,0.0,0,0.0,1004.2
2025-07-01 13:04:14,0,0,1955,125.3,0,0.0,0,0.0,1004.2
2025-07-01 13:04:14,0,0,1955,125.3,0,0.0,0,0.0,1004.2
2025-07-01 13:04:15,0,0,1955,125.3,0,0.0,0,0.0,1004.2
2025-07-01 13:04:15,0,0,1955,125.3,0,0.0,0,0.0,1004.2
2025-07-01 13:04:15,0,0,1955,125.3,0,0.0,0,0.0,1004.2
2025-07-01 13:04:15,0,0,1955,125.3,0,0.0,0,0.0,1004.2
2025-07-01 13:04:15,0,1,1776,150.8,0,0.0,0,0.0,1007.7
2025-07-01 13:04:15,0,1,1776,150.8,0,0.0,0,0.0,1007.7
2025-07-01 13:04:15,0,1,1776,150.8,0,0.0,0,0.0,1007.7
2025-07-01 13:04:16,0,1,1776,150.8,0,0.0,0,0.0,1007.7
2025-07-01 13:04:16,0,1,1776,150.8,0,0.0,0,0.0,1007.7
2025-07-01 13:04:16,0,1,1776,150.8,0,0.0,0,0.0,1007.7
2025-07-01 13:04:16,0,1,1776,150.8,0,0.0,0,0.0,1007.7
2025-07-01 13:04:16,0,1,1776,150.8,0,0.0,0,0.0,1007.7
2025-07-01 13:04:16,0,0,1904,150.8,0,0.0,0,0.0,1003.4
2025-07-01 13:04:16,0,0,1904,150.8,0,0.0,0,0.0,1003.4
2025-07-01 13:04:16,0,0,1904,150.8,0,0.0,0,0.0,1003.4
2025-07-01 13:04:17,0,0,1904,150.8,0,0.0,0,0.0,1003.4
2025-07-01 13:04:17,0,0,1904,150.8,0,0.0,0,0.0,1003.4
2025-07-01 13:04:17,0,0,1904,150.8,0,0.0,0,0.0,1003.4
2025-07-01 13:04:17,0,0,1904,150.8,0,0.0,0,0.0,1003.4
2025-07-01 13:04:17,0,0,1904,150.8,0,0.0,0,0.0,1003.4
2025-07-01 13:04:17,0,1,1792,150.8,0,0.0,0,0.0,1001.1
2025-07-01 13:04:17,0,1,1792,150.8,0,0.0,0,0.0,1001.1
2025-07-01 13:04:17,0,1,1792,150.8,0,0.0,0,0.0,1001.1
2025-07-01 13:04:18,0,1,1792,150.8,0,0.0,0,0.0,1001.1
2025-07-01 13:04:18,0,1,1792,150.8,0,0.0,0,0.0,1001.1
2025-07-01 13:04:18,0,1,1792,150.8,0,0.0,0,0.0,1001.1
2025-07-01 13:04:18,0,1,1792,150.8,0,0.0,0,0.0,1001.1
2025-07-01 13:04:18,0,1,1792,150.8,0,0.0,0,0.0,1001.1
2025-07-01 13:04:18,0,1,1792,150.8,0,0.0,0,0.0,1001.1
2025-07-01 13:04:18,0,0,1680,150.8,0,0.0,0,0.0,1001.9
2025-07-01 13:04:18,0,0,1680,150.8,0,0.0,0,0.0,1001.9
2025-07-01 13:04:18,0,0,1680,150.8,0,0.0,0,0.0,1001.9
2025-07-01 13:04:19,0,0,1680,150.8,0,0.0,0,0.0,1001.9
2025-07-01 13:04:19,0,0,1680,150.8,0,0.0,0,0.0,1001.9
2025-07-01 13:04:19,0,0,1680,150.8,0,0.0,0,0.0,1001.9
2025-07-01 13:04:19,0,0,1680,150.8,0,0.0,0,0.0,1001.9
2025-07-01 13:04:19,0,0,1680,150.8,0,0.0,0,0.0,1001.9
2025-07-01 13:04:19,0,0,1680,150.8,0,0.0,0,0.0,1001.9
2025-07-01 13:04:19,0,0,1906,150.8,0,0.0,0,0.0,1004.5
2025-07-01 13:04:19,0,0,1906,150.8,0,0.0,0,0.0,1004.5
2025-07-01 13:04:20,0,0,1906,150.8,0,0.0,0,0.0,1004.5
2025-07-01 13:04:20,0,0,1906,150.8,0,0.0,0,0.0,1004.5
2025-07-01 13:04:20,0,0,1906,150.8,0,0.0,0,0.0,1004.5
2025-07-01 13:04:20,0,0,1906,150.8,0,0.0,0,0.0,1004.5
2025-07-01 13:04:20,0,0,1906,150.8,0,0.0,0,0.0,1004.5
2025-07-01 13:04:20,0,0,1906,150.8,0,0.0,0,0.0,1004.5
2025-07-01 13:04:20,0,1,1790,137.0,2,0.0,0,0.0,1000.9
2025-07-01 13:04:20,0,1,1790,137.0,2,0.0,0,0.0,1000.9
2025-07-01 13:04:21,0,1,1790,137.0,2,0.0,0,0.0,1000.9
2025-07-01 13:04:21,0,1,1790,137.0,2,0.0,0,0.0,1000.9
2025-07-01 13:04:21,0,1,1790,137.0,2,0.0,0,0.0,1000.9
2025-07-01 13:04:21,0,1,1790,137.0,2,0.0,0,0.0,1000.9
2025-07-01 13:04:21,0,1,1790,137.0,2,0.0,0,0.0,1000.9
2025-07-01 13:04:21,0,1,1790,137.0,2,0.0,0,0.0,1000.9
2025-07-01 13:04:21,0,1,1790,137.0,2,0.0,0,0.0,1000.9
2025-07-01 13:04:21,0,0,1948,137.0,2,0.0,0,0.0,1000.1
2025-07-01 13:04:22,0,0,1948,137.0,2,0.0,0,0.0,1000.1
2025-07-01 13:04:22,0,0,1948,137.0,2,0.0,0,0.0,1000.1
2025-07-01 13:04:22,0,0,1948,137.0,2,0.0,0,0.0,1000.1
2025-07-01 13:04:22,0,0,1948,137.0,2,0.0,0,0.0,1000.1
2025-07-01 13:04:22,0,0,1948,137.0,2,0.0,0,0.0,1000.1
2025-07-01 13:04:22,0,0,1948,137.0,2,0.0,0,0.0,1000.1
2025-07-01 13:04:22,0,0,1948,137.0,2,0.0,0,0.0,1000.1
2025-07-01 13:04:22,0,1,1791,177.5,2,0.0,0,0.0,1005.4
2025-07-01 13:04:23,0,1,1791,177.5,2,0.0,0,0.0,1005.4
2025-07-01 13:04:23,0,1,1791,177.5,2,0.0,0,0.0,1005.4
2025-07-01 13:04:23,0,1,1791,177.5,2,0.0,0,0.0,1005.4
2025-07-01 13:04:23,0,1,1791,177.5,2,0.0,0,0.0,1005.4
2025-07-01 13:04:23,0,1,1791,177.5,2,0.0,0,0.0,1005.4
2025-07-01 13:04:23,0,1,1791,177.5,2,0.0,0,0.0,1005.4
2025-07-01 13:04:23,0,1,1791,177.5,2,0.0,0,0.0,1005.4
2025-07-01 13:04:23,0,1,1791,177.5,2,0.0,0,0.0,1005.4
2025-07-01 13:04:24,0,1,1765,130.7,2,0.0,0,0.0,1004.2
2025-07-01 13:04:24,0,1,1765,130.7,2,0.0,0,0.0,1004.2
2025-07-01 13:04:24,0,1,1765,130.7,2,0.0,0,0.0,1004.2
2025-07-01 13:04:24,0,1,1765,130.7,2,0.0,0,0.0,1004.2
2025-07-01 13:04:24,0,1,1765,130.7,2,0.0,0,0.0,1004.2
2025-07-01 13:04:24,0,1,1765,130.7,2,0.0,0,0.0,1004.2
2025-07-01 13:04:24,0,1,1765,130.7,2,0.0,0,0.0,1004.2
2025-07-01 13:04:24,0,1,1765,130.7,2,0.0,0,0.0,1004.2
2025-07-01 13:04:25,0,0,1878,177.0,2,0.0,0,0.0,1003.4
2025-07-01 13:04:25,0,0,1878,177.0,2,0.0,0,0.0,1003.4
2025-07-01 13:04:25,0,0,1878,177.0,2,0.0,0,0.0,1003.4
2025-07-01 13:04:25,0,0,1878,177.0,2,0.0,0,0.0,1003.4
2025-07-01 13:04:25,0,0,1878,177.0,2,0.0,0,0.0,1003.4
2025-07-01 13:04:25,0,0,1878,177.0,2,0.0,0,0.0,1003.4
2025-07-01 13:04:25,0,0,1878,177.0,2,0.0,0,0.0,1003.4
2025-07-01 13:04:25,0,0,1878,177.0,2,0.0,0,0.0,1003.4
2025-07-01 13:04:25,0,0,1878,177.0,2,0.0,0,0.0,1003.4
2025-07-01 13:04:26,0,0,1980,177.0,2,0.0,0,0.0,1001.5
2025-07-01 13:04:26,0,0,1980,177.0,2,0.0,0,0.0,1001.5
2025-07-01 13:04:26,0,0,1980,177.0,2,0.0,0,0.0,1001.5
2025-07-01 13:04:26,0,0,1980,177.0,2,0.0,0,0.0,1001.5
2025-07-01 13:04:26,0,0,1980,177.0,2,0.0,0,0.0,1001.5
2025-07-01 13:04:26,0,0,1980,177.0,2,0.0,0,0.0,1001.5
2025-07-01 13:04:26,0,0,1980,177.0,2,0.0,0,0.0,1001.5
2025-07-01 13:04:26,0,0,1980,177.0,2,0.0,0,0.0,1001.5
2025-07-01 13:04:27,0,0,1980,177.0,2,0.0,0,0.0,1001.5
2025-07-01 13:04:27,0,1,1783,177.0,2,0.0,0,0.0,1002.4
2025-07-01 13:04:27,0,1,1783,177.0,2,0.0,0,0.0,1002.4
2025-07-01 13:04:27,0,1,1783,177.0,2,0.0,0,0.0,1002.4
2025-07-01 13:04:27,0,1,1783,177.0,2,0.0,0,0.0,1002.4
2025-07-01 13:04:27,0,1,1783,177.0,2,0.0,0,0.0,1002.4
2025-07-01 13:04:27,0,1,1783,177.0,2,0.0,0,0.0,1002.4
2025-07-01 13:04:27,0,1,1783,177.0,2,0.0,0,0.0,1002.4
2025-07-01 13:04:27,0,1,1783,177.0,2,0.0,0,0.0,1002.4
2025-07-01 13:04:28,0,1,1783,177.0,2,0.0,0,0.0,1002.4
2025-07-01 13:04:28,0,0,1799,177.0,2,0.0,0,0.0,1001.9
2025-07-01 13:04:28,0,0,1799,177.0,2,0.0,0,0.0,1001.9
2025-07-01 13:04:28,0,0,1799,177.0,2,0.0,0,0.0,1001.9
2025-07-01 13:04:28,0,0,1799,177.0,2,0.0,0,0.0,1001.9
2025-07-01 13:04:28,0,0,1799,177.0,2,0.0,0,0.0,1001.9
2025-07-01 13:04:28,0,0,1799,177.0,2,0.0,0,0.0,1001.9
2025-07-01 13:04:28,0,0,1799,177.0,2,0.0,0,0.0,1001.9
2025-07-01 13:04:29,0,0,1799,177.0,2,0.0,0,0.0,1001.9
2025-07-01 13:04:29,0,1,1788,177.0,2,0.0,0,0.0,1009.1
2025-07-01 13:04:29,0,1,1788,177.0,2,0.0,0,0.0,1009.1
2025-07-01 13:04:29,0,1,1788,177.0,2,0.0,0,0.0,1009.1
2025-07-01 13:04:29,0,1,1788,177.0,2,0.0,0,0.0,1009.1
2025-07-01 13:04:29,0,1,1788,177.0,2,0.0,0,0.0,1009.1
2025-07-01 13:04:29,0,1,1788,177.0,2,0.0,0,0.0,1009.1
2025-07-01 13:04:29,0,1,1788,177.0,2,0.0,0,0.0,1009.1
2025-07-01 13:04:30,0,1,1788,177.0,2,0.0,0,0.0,1009.1
2025-07-01 13:04:30,0,1,1788,177.0,2,0.0,0,0.0,1009.1
2025-07-01 13:04:30,0,0,1829,177.0,2,0.0,0,0.0,1000.9
2025-07-01 13:04:30,0,0,1829,177.0,2,0.0,0,0.0,1000.9
2025-07-01 13:04:30,0,0,1829,177.0,2,0.0,0,0.0,1000.9
2025-07-01 13:04:30,0,0,1829,177.0,2,0.0,0,0.0,1000.9
2025-07-01 13:04:30,0,0,1829,177.0,2,0.0,0,0.0,1000.9
2025-07-01 13:04:30,0,0,1829,177.0,2,0.0,0,0.0,1000.9
2025-07-01 13:04:31,0,0,1829,177.0,2,0.0,0,0.0,1000.9
2025-07-01 13:04:31,0,0,1829,177.0,2,0.0,0,0.0,1000.9
2025-07-01 13:04:31,0,0,1561,137.0,2,0.0,0,0.0,1003.8
2025-07-01 13:04:31,0,0,1561,137.0,2,0.0,0,0.0,1003.8
2025-07-01 13:04:31,0,0,1561,137.0,2,0.0,0,0.0,1003.8
2025-07-01 13:04:31,0,0,1561,137.0,2,0.0,0,0.0,1003.8
2025-07-01 13:04:31,0,0,1561,137.0,2,0.0,0,0.0,1003.8
2025-07-01 13:04:31,0,0,1561,137.0,2,0.0,0,0.0,1003.8
2025-07-01 13:04:32,0,0,1561,137.0,2,0.0,0,0.0,1003.8
2025-07-01 13:04:32,0,0,1561,137.0,2,0.0,0,0.0,1003.8
2025-07-01 13:04:32,0,0,1981,137.0,2,0.0,0,0.0,1004.2
2025-07-01 13:04:32,0,0,1981,137.0,2,0.0,0,0.0,1004.2
2025-07-01 13:04:32,0,0,1981,137.0,2,0.0,0,0.0,1004.2
2025-07-01 13:04:32,0,0,1981,137.0,2,0.0,0,0.0,1004.2
2025-07-01 13:04:32,0,0,1981,137.0,2,0.0,0,0.0,1004.2
2025-07-01 13:04:32,0,0,1981,137.0,2,0.0,0,0.0,1004.2
2025-07-01 13:04:33,0,0,1981,137.0,2,0.0,0,0.0,1004.2
2025-07-01 13:04:33,0,0,1981,137.0,2,0.0,0,0.0,1004.2
2025-07-01 13:04:33,0,0,1981,137.0,2,0.0,0,0.0,1004.2
2025-07-01 13:04:33,0,1,1795,137.0,2,0.0,0,0.0,1004.9
2025-07-01 13:04:33,0,1,1795,137.0,2,0.0,0,0.0,1004.9
2025-07-01 13:04:33,0,1,1795,137.0,2,0.0,0,0.0,1004.9
2025-07-01 13:04:33,0,1,1795,137.0,2,0.0,0,0.0,1004.9
2025-07-01 13:04:33,0,1,1795,137.0,2,0.0,0,0.0,1004.9
2025-07-01 13:04:34,0,1,1795,137.0,2,0.0,0,0.0,1004.9
2025-07-01 13:04:34,0,1,1795,137.0,2,0.0,0,0.0,1004.9
2025-07-01 13:04:34,0,1,1795,137.0,2,0.0,0,0.0,1004.9
2025-07-01 13:04:34,0,1,1795,137.0,2,0.0,0,0.0,1004.9
2025-07-01 13:04:34,0,0,1942,137.0,2,0.0,0,0.0,1005.9
2025-07-01 13:04:34,0,0,1942,137.0,2,0.0,0,0.0,1005.9
2025-07-01 13:04:34,0,0,1942,137.0,2,0.0,0,0.0,1005.9
2025-07-01 13:04:34,0,0,1942,137.0,2,0.0,0,0.0,1005.9
2025-07-01 13:04:34,0,0,1942,137.0,2,0.0,0,0.0,1005.9
2025-07-01 13:04:35,0,0,1942,137.0,2,0.0,0,0.0,1005.9
2025-07-01 13:04:35,0,0,1942,137.0,2,0.0,0,0.0,1005.9
2025-07-01 13:04:35,0,0,1942,137.0,2,0.0,0,0.0,1005.9
2025-07-01 13:04:35,0,1,1790,137.0,2,0.0,0,0.0,1004.6
2025-07-01 13:04:35,0,1,1790,137.0,2,0.0,0,0.0,1004.6
2025-07-01 13:04:35,0,1,1790,137.0,2,0.0,0,0.0,1004.6
2025-07-01 13:04:35,0,1,1790,137.0,2,0.0,0,0.0,1004.6
2025-07-01 13:04:36,0,1,1790,137.0,2,0.0,0,0.0,1004.6
2025-07-01 13:04:36,0,1,1790,137.0,2,0.0,0,0.0,1004.6
2025-07-01 13:04:36,0,1,1790,137.0,2,0.0,0,0.0,1004.6
2025-07-01 13:04:36,0,1,1790,137.0,2,0.0,0,0.0,1004.6
2025-07-01 13:04:36,0,1,1790,137.0,2,0.0,0,0.0,1004.6
2025-07-01 13:04:36,0,0,1935,137.0,3,0.0,0,0.0,1006.4
2025-07-01 13:04:36,0,0,1935,137.0,3,0.0,0,0.0,1006.4
2025-07-01 13:04:36,0,0,1935,137.0,3,0.0,0,0.0,1006.4
2025-07-01 13:04:37,0,0,1935,137.0,3,0.0,0,0.0,1006.4
2025-07-01 13:04:37,0,0,1935,137.0,3,0.0,0,0.0,1006.4
2025-07-01 13:04:37,0,0,1935,137.0,3,0.0,0,0.0,1006.4
2025-07-01 13:04:37,0,0,1935,137.0,3,0.0,0,0.0,1006.4
2025-07-01 13:04:37,0,0,1935,137.0,3,0.0,0,0.0,1006.4
2025-07-01 13:04:37,0,0,1935,137.0,3,0.0,0,0.0,1006.4
2025-07-01 13:04:37,0,0,1475,137.0,3,0.0,0,0.0,1006.2
2025-07-01 13:04:37,0,0,1475,137.0,3,0.0,0,0.0,1006.2
2025-07-01 13:04:38,0,0,1475,137.0,3,0.0,0,0.0,1006.2
2025-07-01 13:04:38,0,0,1475,137.0,3,0.0,0,0.0,1006.2
2025-07-01 13:04:38,0,0,1475,137.0,3,0.0,0,0.0,1006.2
2025-07-01 13:04:38,0,0,1475,137.0,3,0.0,0,0.0,1006.2
2025-07-01 13:04:38,0,0,1475,137.0,3,0.0,0,0.0,1006.2
2025-07-01 13:04:38,0,0,1475,137.0,3,0.0,0,0.0,1006.2
2025-07-01 13:04:38,0,0,1475,137.0,3,0.0,0,0.0,1006.2
2025-07-01 13:04:38,0,1,1793,137.0,3,0.0,0,0.0,1005.6
2025-07-01 13:04:38,0,1,1793,137.0,3,0.0,0,0.0,1005.6
2025-07-01 13:04:39,0,1,1793,137.0,3,0.0,0,0.0,1005.6
2025-07-01 13:04:39,0,1,1793,137.0,3,0.0,0,0.0,1005.6
2025-07-01 13:04:39,0,1,1793,137.0,3,0.0,0,0.0,1005.6
2025-07-01 13:04:39,0,1,1793,137.0,3,0.0,0,0.0,1005.6
2025-07-01 13:04:39,0,1,1793,137.0,3,0.0,0,0.0,1005.6
2025-07-01 13:04:39,0,1,1793,137.0,3,0.0,0,0.0,1005.6
2025-07-01 13:04:39,0,1,1793,137.0,3,0.0,0,0.0,1005.6
2025-07-01 13:04:39,0,0,1935,137.0,3,0.0,0,0.0,1007.4
2025-07-01 13:04:39,0,0,1935,137.0,3,0.0,0,0.0,1007.4
2025-07-01 13:04:40,0,0,1935,137.0,3,0.0,0,0.0,1007.4
2025-07-01 13:04:40,0,0,1935,137.0,3,0.0,0,0.0,1007.4
2025-07-01 13:04:40,0,0,1935,137.0,3,0.0,0,0.0,1007.4
2025-07-01 13:04:40,0,0,1935,137.0,3,0.0,0,0.0,1007.4
2025-07-01 13:04:40,0,0,1935,137.0,3,0.0,0,0.0,1007.4
2025-07-01 13:04:40,0,0,1935,137.0,3,0.0,0,0.0,1007.4
2025-07-01 13:04:40,0,0,1935,137.0,3,0.0,0,0.0,1007.4
2025-07-01 13:04:40,0,1,1783,137.0,3,0.0,0,0.0,1006.4
2025-07-01 13:04:41,0,1,1783,137.0,3,0.0,0,0.0,1006.4
2025-07-01 13:04:41,0,1,1783,137.0,3,0.0,0,0.0,1006.4
2025-07-01 13:04:41,0,1,1783,137.0,3,0.0,0,0.0,1006.4
2025-07-01 13:04:41,0,1,1783,137.0,3,0.0,0,0.0,1006.4
2025-07-01 13:04:41,0,1,1783,137.0,3,0.0,0,0.0,1006.4
2025-07-01 13:04:41,0,1,1783,137.0,3,0.0,0,0.0,1006.4
2025-07-01 13:04:41,0,1,1783,137.0,3,0.0,0,0.0,1006.4
2025-07-01 13:04:41,0,1,1783,137.0,3,0.0,0,0.0,1006.4
2025-07-01 13:04:41,0,0,1417,186.3,3,0.0,0,0.0,1001.2
2025-07-01 13:04:42,0,0,1417,186.3,3,0.0,0,0.0,1001.2
2025-07-01 13:04:42,0,0,1417,186.3,3,0.0,0,0.0,1001.2
2025-07-01 13:04:42,0,0,1417,186.3,3,0.0,0,0.0,1001.2
2025-07-01 13:04:42,0,0,1417,186.3,3,0.0,0,0.0,1001.2
2025-07-01 13:04:42,0,0,1417,186.3,3,0.0,0,0.0,1001.2
2025-07-01 13:04:42,0,0,1417,186.3,3,0.0,0,0.0,1001.2
2025-07-01 13:04:42,0,0,1417,186.3,3,0.0,0,0.0,1001.2
2025-07-01 13:04:42,0,0,1417,186.3,3,0.0,0,0.0,1001.2
2025-07-01 13:04:42,0,0,1904,166.7,3,0.0,0,0.0,1004.3
2025-07-01 13:04:43,0,0,1904,166.7,3,0.0,0,0.0,1004.3
2025-07-01 13:04:43,0,0,1904,166.7,3,0.0,0,0.0,1004.3
2025-07-01 13:04:43,0,0,1904,166.7,3,0.0,0,0.0,1004.3
2025-07-01 13:04:43,0,0,1904,166.7,3,0.0,0,0.0,1004.3
2025-07-01 13:04:43,0,0,1904,166.7,3,0.0,0,0.0,1004.3
2025-07-01 13:04:43,0,0,1904,166.7,3,0.0,0,0.0,1004.3
2025-07-01 13:04:43,0,0,1904,166.7,3,0.0,0,0.0,1004.3
2025-07-01 13:04:43,0,0,1904,166.7,3,0.0,0,0.0,1004.3
2025-07-01 13:04:43,0,0,1904,166.7,3,0.0,0,0.0,1004.3
2025-07-01 13:04:44,0,1,1790,166.7,3,0.0,0,0.0,1003.4
2025-07-01 13:04:44,0,1,1790,166.7,3,0.0,0,0.0,1003.4
2025-07-01 13:04:44,0,1,1790,166.7,3,0.0,0,0.0,1003.4
2025-07-01 13:04:44,0,1,1790,166.7,3,0.0,0,0.0,1003.4
2025-07-01 13:04:44,0,1,1790,166.7,3,0.0,0,0.0,1003.4
2025-07-01 13:04:44,0,1,1790,166.7,3,0.0,0,0.0,1003.4
2025-07-01 13:04:44,0,1,1790,166.7,3,0.0,0,0.0,1003.4
2025-07-01 13:04:44,0,1,1790,166.7,3,0.0,0,0.0,1003.4
2025-07-01 13:04:45,0,0,1958,166.7,3,0.0,0,0.0,1002.5
2025-07-01 13:04:45,0,0,1958,166.7,3,0.0,0,0.0,1002.5
2025-07-01 13:04:45,0,0,1958,166.7,3,0.0,0,0.0,1002.5
2025-07-01 13:04:45,0,0,1958,166.7,3,0.0,0,0.0,1002.5
2025-07-01 13:04:45,0,0,1958,166.7,3,0.0,0,0.0,1002.5
2025-07-01 13:04:45,0,0,1958,166.7,3,0.0,0,0.0,1002.5
2025-07-01 13:04:45,0,0,1958,166.7,3,0.0,0,0.0,1002.5
2025-07-01 13:04:45,0,0,1958,166.7,3,0.0,0,0.0,1002.5
2025-07-01 13:04:46,0,1,1787,166.7,3,0.0,0,0.0,1006.2
2025-07-01 13:04:46,0,1,1787,166.7,3,0.0,0,0.0,1006.2
2025-07-01 13:04:46,0,1,1787,166.7,3,0.0,0,0.0,1006.2
2025-07-01 13:04:46,0,1,1787,166.7,3,0.0,0,0.0,1006.2
2025-07-01 13:04:46,0,1,1787,166.7,3,0.0,0,0.0,1006.2
2025-07-01 13:04:46,0,1,1787,166.7,3,0.0,0,0.0,1006.2
2025-07-01 13:04:46,0,1,1787,166.7,3,0.0,0,0.0,1006.2
2025-07-01 13:04:46,0,1,1787,166.7,3,0.0,0,0.0,1006.2
2025-07-01 13:04:47,0,1,1787,166.7,3,0.0,0,0.0,1006.2
2025-07-01 13:04:47,0,0,1806,166.7,3,0.0,0,0.0,1005.2
2025-07-01 13:04:47,0,0,1806,166.7,3,0.0,0,0.0,1005.2
2025-07-01 13:04:47,0,0,1806,166.7,3,0.0,0,0.0,1005.2
2025-07-01 13:04:47,0,0,1806,166.7,3,0.0,0,0.0,1005.2
2025-07-01 13:04:47,0,0,1806,166.7,3,0.0,0,0.0,1005.2
2025-07-01 13:04:47,0,0,1806,166.7,3,0.0,0,0.0,1005.2
2025-07-01 13:04:48,0,0,1806,166.7,3,0.0,0,0.0,1005.2
2025-07-01 13:04:48,0,0,1664,166.7,3,0.0,0,0.0,1001.4
2025-07-01 13:04:48,0,0,1664,166.7,3,0.0,0,0.0,1001.4
2025-07-01 13:04:48,0,0,1664,166.7,3,0.0,0,0.0,1001.4
2025-07-01 13:04:48,0,0,1664,166.7,3,0.0,0,0.0,1001.4
2025-07-01 13:04:48,0,0,1664,166.7,3,0.0,0,0.0,1001.4
2025-07-01 13:04:48,0,0,1664,166.7,3,0.0,0,0.0,1001.4
2025-07-01 13:04:48,0,0,1664,166.7,3,0.0,0,0.0,1001.4
2025-07-01 13:04:48,0,0,1664,166.7,3,0.0,0,0.0,1001.4
2025-07-01 13:04:49,0,0,1664,166.7,3,0.0,0,0.0,1001.4
2025-07-01 13:04:49,0,0,1879,198.7,3,0.0,0,0.0,1002.7
2025-07-01 13:04:49,0,0,1879,198.7,3,0.0,0,0.0,1002.7
2025-07-01 13:04:49,0,0,1879,198.7,3,0.0,0,0.0,1002.7
2025-07-01 13:04:49,0,0,1879,198.7,3,0.0,0,0.0,1002.7
2025-07-01 13:04:49,0,0,1879,198.7,3,0.0,0,0.0,1002.7
2025-07-01 13:04:49,0,0,1879,198.7,3,0.0,0,0.0,1002.7
2025-07-01 13:04:49,0,0,1879,198.7,3,0.0,0,0.0,1002.7
2025-07-01 13:04:50,0,0,1879,198.7,3,0.0,0,0.0,1002.7
2025-07-01 13:04:50,0,0,1941,158.7,3,0.0,0,0.0,1000.6
2025-07-01 13:04:50,0,0,1941,158.7,3,0.0,0,0.0,1000.6
2025-07-01 13:04:50,0,0,1941,158.7,3,0.0,0,0.0,1000.6
2025-07-01 13:04:50,0,0,1941,158.7,3,0.0,0,0.0,1000.6
2025-07-01 13:04:50,0,0,1941,158.7,3,0.0,0,0.0,1000.6
2025-07-01 13:04:50,0,0,1941,158.7,3,0.0,0,0.0,1000.6
2025-07-01 13:04:50,0,0,1941,158.7,3,0.0,0,0.0,1000.6
2025-07-01 13:04:51,0,0,1941,158.7,3,0.0,0,0.0,1000.6
2025-07-01 13:04:51,0,1,1779,158.7,3,0.0,0,0.0,999.3
2025-07-01 13:04:51,0,1,1779,158.7,3,0.0,0,0.0,999.3
2025-07-01 13:04:51,0,1,1779,158.7,3,0.0,0,0.0,999.3
2025-07-01 13:04:51,0,1,1779,158.7,3,0.0,0,0.0,999.3
2025-07-01 13:04:51,0,1,1779,158.7,3,0.0,0,0.0,999.3
2025-07-01 13:04:51,0,1,1779,158.7,3,0.0,0,0.0,999.3
2025-07-01 13:04:51,0,1,1779,158.7,3,0.0,0,0.0,999.3
2025-07-01 13:04:52,0,1,1779,158.7,3,0.0,0,0.0,999.3
2025-07-01 13:04:52,0,1,1779,158.7,3,0.0,0,0.0,999.3
2025-07-01 13:04:52,0,0,1910,158.7,3,0.0,0,0.0,1000.4
2025-07-01 13:04:52,0,0,1910,158.7,3,0.0,0,0.0,1000.4
2025-07-01 13:04:52,0,0,1910,158.7,3,0.0,0,0.0,1000.4
2025-07-01 13:04:52,0,0,1910,158.7,3,0.0,0,0.0,1000.4
2025-07-01 13:04:52,0,0,1910,158.7,3,0.0,0,0.0,1000.4
2025-07-01 13:04:52,0,0,1910,158.7,3,0.0,0,0.0,1000.4
2025-07-01 13:04:53,0,0,1910,158.7,3,0.0,0,0.0,1000.4
2025-07-01 13:04:53,0,0,1910,158.7,3,0.0,0,0.0,1000.4
2025-07-01 13:04:53,0,0,1910,158.7,3,0.0,0,0.0,1000.4
2025-07-01 13:04:53,0,0,1731,158.7,3,0.0,0,0.0,1009.3
2025-07-01 13:04:53,0,0,1731,158.7,3,0.0,0,0.0,1009.3
2025-07-01 13:04:53,0,0,1731,158.7,3,0.0,0,0.0,1009.3
2025-07-01 13:04:53,0,0,1731,158.7,3,0.0,0,0.0,1009.3
2025-07-01 13:04:53,0,0,1731,158.7,3,0.0,0,0.0,1009.3
2025-07-01 13:04:54,0,0,1731,158.7,3,0.0,0,0.0,1009.3
2025-07-01 13:04:54,0,0,1731,158.7,3,0.0,0,0.0,1009.3
2025-07-01 13:04:54,0,0,1731,158.7,3,0.0,0,0.0,1009.3
2025-07-01 13:04:54,0,1,1787,158.7,3,0.0,0,0.0,1003.6
2025-07-01 13:04:54,0,1,1787,158.7,3,0.0,0,0.0,1003.6
2025-07-01 13:04:54,0,1,1787,158.7,3,0.0,0,0.0,1003.6
2025-07-01 13:04:54,0,1,1787,158.7,3,0.0,0,0.0,1003.6
2025-07-01 13:04:54,0,1,1787,158.7,3,0.0,0,0.0,1003.6
2025-07-01 13:04:54,0,1,1787,158.7,3,0.0,0,0.0,1003.6
2025-07-01 13:04:55,0,1,1787,158.7,3,0.0,0,0.0,1003.6
2025-07-01 13:04:55,0,1,1787,158.7,3,0.0,0,0.0,1003.6
2025-07-01 13:04:55,0,1,1787,158.7,3,0.0,0,0.0,1003.6
2025-07-01 13:04:55,0,0,1934,158.7,3,0.0,0,0.0,1004.6
2025-07-01 13:04:55,0,0,1934,158.7,3,0.0,0,0.0,1004.6
2025-07-01 13:04:55,0,0,1934,158.7,3,0.0,0,0.0,1004.6
2025-07-01 13:04:55,0,0,1934,158.7,3,0.0,0,0.0,1004.6
2025-07-01 13:04:55,0,0,1934,158.7,3,0.0,0,0.0,1004.6
2025-07-01 13:04:56,0,0,1934,158.7,3,0.0,0,0.0,1004.6
2025-07-01 13:04:56,0,0,1934,158.7,3,0.0,0,0.0,1004.6
2025-07-01 13:04:56,0,0,1934,158.7,3,0.0,0,0.0,1004.6
2025-07-01 13:04:56,0,1,1797,158.7,3,0.0,0,0.0,1001.3
2025-07-01 13:04:56,0,1,1797,158.7,3,0.0,0,0.0,1001.3
2025-07-01 13:04:56,0,1,1797,158.7,3,0.0,0,0.0,1001.3
2025-07-01 13:04:56,0,1,1797,158.7,3,0.0,0,0.0,1001.3
2025-07-01 13:04:56,0,1,1797,158.7,3,0.0,0,0.0,1001.3
2025-07-01 13:04:57,0,1,1797,158.7,3,0.0,0,0.0,1001.3
2025-07-01 13:04:57,0,1,1797,158.7,3,0.0,0,0.0,1001.3
2025-07-01 13:04:57,0,1,1797,158.7,3,0.0,0,0.0,1001.3
2025-07-01 13:04:57,0,1,1797,158.7,3,0.0,0,0.0,1001.3
2025-07-01 13:04:57,0,0,1981,158.7,3,0.0,0,0.0,1002.2
2025-07-01 13:04:57,0,0,1981,158.7,3,0.0,0,0.0,1002.2
2025-07-01 13:04:57,0,0,1981,158.7,3,0.0,0,0.0,1002.2
2025-07-01 13:04:57,0,0,1981,158.7,3,0.0,0,0.0,1002.2
2025-07-01 13:04:57,0,0,1981,158.7,3,0.0,0,0.0,1002.2
2025-07-01 13:04:58,0,0,1981,158.7,3,0.0,0,0.0,1002.2
2025-07-01 13:04:58,0,0,1981,158.7,3,0.0,0,0.0,1002.2
2025-07-01 13:04:58,0,0,1981,158.7,3,0.0,0,0.0,1002.2
2025-07-01 13:04:58,0,0,1890,143.2,3,0.0,0,0.0,1002.8
2025-07-01 13:04:58,0,0,1890,143.2,3,0.0,0,0.0,1002.8
2025-07-01 13:04:58,0,0,1890,143.2,3,0.0,0,0.0,1002.8
2025-07-01 13:04:58,0,0,1890,143.2,3,0.0,0,0.0,1002.8
2025-07-01 13:04:58,0,0,1890,143.2,3,0.0,0,0.0,1002.8
2025-07-01 13:04:59,0,0,1890,143.2,3,0.0,0,0.0,1002.8
2025-07-01 13:04:59,0,0,1890,143.2,3,0.0,0,0.0,1002.8
2025-07-01 13:04:59,0,0,1890,143.2,3,0.0,0,0.0,1002.8
2025-07-01 13:04:59,0,0,1890,143.2,3,0.0,0,0.0,1002.8
2025-07-01 13:04:59,0,1,1787,137.0,3,0.0,0,0.0,1006.4
2025-07-01 13:04:59,0,1,1787,137.0,3,0.0,0,0.0,1006.4
2025-07-01 13:04:59,0,1,1787,137.0,3,0.0,0,0.0,1006.4
2025-07-01 13:04:59,0,1,1787,137.0,3,0.0,0,0.0,1006.4
2025-07-01 13:05:00,0,1,1787,137.0,3,0.0,0,0.0,1006.4
2025-07-01 13:05:00,0,1,1787,137.0,3,0.0,0,0.0,1006.4
2025-07-01 13:05:00,0,1,1787,137.0,3,0.0,0,0.0,1006.4
2025-07-01 13:05:00,0,1,1787,137.0,3,0.0,0,0.0,1006.4
2025-07-01 13:05:00,0,0,1794,188.7,3,0.0,0,0.0,1002.8
2025-07-01 13:05:00,0,0,1794,188.7,3,0.0,0,0.0,1002.8
2025-07-01 13:05:00,0,0,1794,188.7,3,0.0,0,0.0,1002.8
2025-07-01 13:05:00,0,0,1794,188.7,3,0.0,0,0.0,1002.8
2025-07-01 13:05:01,0,0,1794,188.7,3,0.0,0,0.0,1002.8
2025-07-01 13:05:01,0,0,1794,188.7,3,0.0,0,0.0,1002.8
2025-07-01 13:05:01,0,0,1794,188.7,3,0.0,0,0.0,1002.8
2025-07-01 13:05:01,0,0,1794,188.7,3,0.0,0,0.0,1002.8
2025-07-01 13:05:01,0,0,1794,188.7,3,0.0,0,0.0,1002.8
2025-07-01 13:05:01,0,1,1780,188.7,3,0.0,0,0.0,1005.4
2025-07-01 13:05:01,0,1,1780,188.7,3,0.0,0,0.0,1005.4
2025-07-01 13:05:01,0,1,1780,188.7,3,0.0,0,0.0,1005.4
2025-07-01 13:05:02,0,1,1780,188.7,3,0.0,0,0.0,1005.4
2025-07-01 13:05:02,0,1,1780,188.7,3,0.0,0,0.0,1005.4
2025-07-01 13:05:02,0,1,1780,188.7,3,0.0,0,0.0,1005.4
2025-07-01 13:05:02,0,1,1780,188.7,3,0.0,0,0.0,1005.4
2025-07-01 13:05:02,0,1,1780,188.7,3,0.0,0,0.0,1005.4
2025-07-01 13:05:02,0,1,1780,188.7,3,0.0,0,0.0,1005.4
2025-07-01 13:05:02,0,0,1531,188.7,3,0.0,0,0.0,1003.4
2025-07-01 13:05:02,0,0,1531,188.7,3,0.0,0,0.0,1003.4
2025-07-01 13:05:03,0,0,1531,188.7,3,0.0,0,0.0,1003.4
2025-07-01 13:05:03,0,0,1531,188.7,3,0.0,0,0.0,1003.4
2025-07-01 13:05:03,0,0,1531,188.7,3,0.0,0,0.0,1003.4
2025-07-01 13:05:03,0,0,1531,188.7,3,0.0,0,0.0,1003.4
2025-07-01 13:05:03,0,0,1531,188.7,3,0.0,0,0.0,1003.4
2025-07-01 13:05:03,0,0,1531,188.7,3,0.0,0,0.0,1003.4
2025-07-01 13:05:03,0,0,1984,188.7,3,0.0,0,0.0,1002.7
2025-07-01 13:05:03,0,0,1984,188.7,3,0.0,0,0.0,1002.7
2025-07-01 13:05:04,0,0,1984,188.7,3,0.0,0,0.0,1002.7
2025-07-01 13:05:04,0,0,1984,188.7,3,0.0,0,0.0,1002.7
2025-07-01 13:05:04,0,0,1984,188.7,3,0.0,0,0.0,1002.7
2025-07-01 13:05:04,0,0,1984,188.7,3,0.0,0,0.0,1002.7
2025-07-01 13:05:04,0,0,1984,188.7,3,0.0,0,0.0,1002.7
2025-07-01 13:05:04,0,0,1984,188.7,3,0.0,0,0.0,1002.7
2025-07-01 13:05:04,0,0,1984,188.7,3,0.0,0,0.0,1002.7
2025-07-01 13:05:04,0,0,1882,169.0,3,0.0,0,0.0,1004.1
2025-07-01 13:05:05,0,0,1882,169.0,3,0.0,0,0.0,1004.1
2025-07-01 13:05:05,0,0,1882,169.0,3,0.0,0,0.0,1004.1
2025-07-01 13:05:05,0,0,1882,169.0,3,0.0,0,0.0,1004.1
2025-07-01 13:05:05,0,0,1882,169.0,3,0.0,0,0.0,1004.1
2025-07-01 13:05:05,0,0,1882,169.0,3,0.0,0,0.0,1004.1
2025-07-01 13:05:05,0,0,1882,169.0,3,0.0,0,0.0,1004.1
2025-07-01 13:05:05,0,0,1882,169.0,3,0.0,0,0.0,1004.1
2025-07-01 13:05:05,0,0,1882,169.0,3,0.0,0,0.0,1004.1
2025-07-01 13:05:06,0,1,1792,169.0,3,0.0,0,0.0,1007.9
2025-07-01 13:05:06,0,1,1792,169.0,3,0.0,0,0.0,1007.9
2025-07-01 13:05:06,0,1,1792,169.0,3,0.0,0,0.0,1007.9
2025-07-01 13:05:06,0,1,1792,169.0,3,0.0,0,0.0,1007.9
2025-07-01 13:05:06,0,1,1792,169.0,3,0.0,0,0.0,1007.9
2025-07-01 13:05:06,0,1,1792,169.0,3,0.0,0,0.0,1007.9
2025-07-01 13:05:06,0,1,1792,169.0,3,0.0,0,0.0,1007.9
2025-07-01 13:05:06,0,1,1792,169.0,3,0.0,0,0.0,1007.9
2025-07-01 13:05:06,0,1,1792,169.0,3,0.0,0,0.0,1007.9
2025-07-01 13:05:07,0,0,1433,120.5,3,0.0,0,0.0,1002.1
2025-07-01 13:05:07,0,0,1433,120.5,3,0.0,0,0.0,1002.1
2025-07-01 13:05:07,0,0,1433,120.5,3,0.0,0,0.0,1002.1
2025-07-01 13:05:07,0,0,1433,120.5,3,0.0,0,0.0,1002.1
2025-07-01 13:05:07,0,0,1433,120.5,3,0.0,0,0.0,1002.1
2025-07-01 13:05:07,0,0,1433,120.5,3,0.0,0,0.0,1002.1
2025-07-01 13:05:07,0,0,1433,120.5,3,0.0,0,0.0,1002.1
2025-07-01 13:05:08,0,0,1433,120.5,3,0.0,0,0.0,1002.1
2025-07-01 13:05:08,0,1,1790,120.5,3,0.0,0,0.0,1001.5
2025-07-01 13:05:08,0,1,1790,120.5,3,0.0,0,0.0,1001.5
2025-07-01 13:05:08,0,1,1790,120.5,3,0.0,0,0.0,1001.5
2025-07-01 13:05:08,0,1,1790,120.5,3,0.0,0,0.0,1001.5
2025-07-01 13:05:08,0,1,1790,120.5,3,0.0,0,0.0,1001.5
2025-07-01 13:05:08,0,1,1790,120.5,3,0.0,0,0.0,1001.5
2025-07-01 13:05:08,0,1,1790,120.5,3,0.0,0,0.0,1001.5
2025-07-01 13:05:09,0,1,1790,120.5,3,0.0,0,0.0,1001.5
2025-07-01 13:05:09,0,1,1790,120.5,3,0.0,0,0.0,1001.5
2025-07-01 13:05:09,0,1,1792,120.5,3,0.0,0,0.0,1008.4
2025-07-01 13:05:09,0,1,1792,120.5,3,0.0,0,0.0,1008.4
2025-07-01 13:05:09,0,1,1792,120.5,3,0.0,0,0.0,1008.4
2025-07-01 13:05:09,0,1,1792,120.5,3,0.0,0,0.0,1008.4
2025-07-01 13:05:09,0,1,1792,120.5,3,0.0,0,0.0,1008.4
2025-07-01 13:05:09,0,1,1792,120.5,3,0.0,0,0.0,1008.4
2025-07-01 13:05:10,0,1,1792,120.5,3,0.0,0,0.0,1008.4
2025-07-01 13:05:10,0,1,1792,120.5,3,0.0,0,0.0,1008.4
2025-07-01 13:05:10,0,0,1977,120.5,3,0.0,0,0.0,1006.2
2025-07-01 13:05:10,0,0,1977,120.5,3,0.0,0,0.0,1006.2
2025-07-01 13:05:10,0,0,1977,120.5,3,0.0,0,0.0,1006.2
2025-07-01 13:05:10,0,0,1977,120.5,3,0.0,0,0.0,1006.2
2025-07-01 13:05:10,0,0,1977,120.5,3,0.0,0,0.0,1006.2
2025-07-01 13:05:10,0,0,1977,120.5,3,0.0,0,0.0,1006.2
2025-07-01 13:05:11,0,1,1783,143.5,3,0.0,0,0.0,1003.1
2025-07-01 13:05:11,0,1,1783,143.5,3,0.0,0,0.0,1003.1
2025-07-01 13:05:11,0,1,1783,143.5,3,0.0,0,0.0,1003.1
2025-07-01 13:05:11,0,1,1783,143.5,3,0.0,0,0.0,1003.1
2025-07-01 13:05:11,0,1,1783,143.5,3,0.0,0,0.0,1003.1
2025-07-01 13:05:11,0,1,1783,143.5,3,0.0,0,0.0,1003.1
2025-07-01 13:05:12,0,1,1783,143.5,3,0.0,0,0.0,1003.1
2025-07-01 13:05:12,0,1,1783,143.5,3,0.0,0,0.0,1003.1
2025-07-01 13:05:12,0,1,1808,143.5,3,0.0,0,0.0,1010.7
2025-07-01 13:05:12,0,1,1808,143.5,3,0.0,0,0.0,1010.7
2025-07-01 13:05:12,0,1,1808,143.5,3,0.0,0,0.0,1010.7
2025-07-01 13:05:12,0,1,1808,143.5,3,0.0,0,0.0,1010.7
2025-07-01 13:05:12,0,1,1808,143.5,3,0.0,0,0.0,1010.7
2025-07-01 13:05:12,0,1,1808,143.5,3,0.0,0,0.0,1010.7
2025-07-01 13:05:13,0,1,1808,143.5,3,0.0,0,0.0,1010.7
2025-07-01 13:05:13,0,1,1808,143.5,3,0.0,0,0.0,1010.7
2025-07-01 13:05:13,0,1,1808,143.5,3,0.0,0,0.0,1010.7
2025-07-01 13:05:13,0,1,1778,143.5,3,0.0,0,0.0,1003.7
2025-07-01 13:05:13,0,1,1778,143.5,3,0.0,0,0.0,1003.7
2025-07-01 13:05:13,0,1,1778,143.5,3,0.0,0,0.0,1003.7
2025-07-01 13:05:13,0,1,1778,143.5,3,0.0,0,0.0,1003.7
2025-07-01 13:05:13,0,1,1778,143.5,3,0.0,0,0.0,1003.7
2025-07-01 13:05:14,0,1,1778,143.5,3,0.0,0,0.0,1003.7
2025-07-01 13:05:14,0,1,1778,143.5,3,0.0,0,0.0,1003.7
2025-07-01 13:05:14,0,1,1778,143.5,3,0.0,0,0.0,1003.7
2025-07-01 13:05:14,0,0,1535,115.4,3,0.0,0,0.0,1005.4
2025-07-01 13:05:14,0,0,1535,115.4,3,0.0,0,0.0,1005.4
2025-07-01 13:05:14,0,0,1535,115.4,3,0.0,0,0.0,1005.4
2025-07-01 13:05:14,0,0,1535,115.4,3,0.0,0,0.0,1005.4
2025-07-01 13:05:14,0,0,1535,115.4,3,0.0,0,0.0,1005.4
2025-07-01 13:05:14,0,0,1535,115.4,3,0.0,0,0.0,1005.4
2025-07-01 13:05:15,0,0,1535,115.4,3,0.0,0,0.0,1005.4
2025-07-01 13:05:15,0,0,1535,115.4,3,0.0,0,0.0,1005.4
2025-07-01 13:05:15,0,0,1535,115.4,3,0.0,0,0.0,1005.4
2025-07-01 13:05:15,0,1,1784,115.4,3,0.0,0,0.0,1004.0
2025-07-01 13:05:15,0,1,1784,115.4,3,0.0,0,0.0,1004.0
2025-07-01 13:05:15,0,1,1784,115.4,3,0.0,0,0.0,1004.0
2025-07-01 13:05:15,0,1,1784,115.4,3,0.0,0,0.0,1004.0
2025-07-01 13:05:15,0,1,1784,115.4,3,0.0,0,0.0,1004.0
2025-07-01 13:05:16,0,1,1784,115.4,3,0.0,0,0.0,1004.0
2025-07-01 13:05:16,0,1,1784,115.4,3,0.0,0,0.0,1004.0
2025-07-01 13:05:16,0,1,1784,115.4,3,0.0,0,0.0,1004.0
2025-07-01 13:05:16,0,1,1784,115.4,3,0.0,0,0.0,1004.0
2025-07-01 13:05:16,0,0,1827,115.4,3,0.0,0,0.0,1003.0
2025-07-01 13:05:16,0,0,1827,115.4,3,0.0,0,0.0,1003.0
2025-07-01 13:05:16,0,0,1827,115.4,3,0.0,0,0.0,1003.0
2025-07-01 13:05:16,0,0,1827,115.4,3,0.0,0,0.0,1003.0
2025-07-01 13:05:16,0,0,1827,115.4,3,0.0,0,0.0,1003.0
2025-07-01 13:05:17,0,0,1827,115.4,3,0.0,0,0.0,1003.0
2025-07-01 13:05:17,0,0,1827,115.4,3,0.0,0,0.0,1003.0
2025-07-01 13:05:17,0,0,1827,115.4,3,0.0,0,0.0,1003.0
2025-07-01 13:05:17,0,1,1777,115.4,3,0.0,0,0.0,1005.5
2025-07-01 13:05:17,0,1,1777,115.4,3,0.0,0,0.0,1005.5
2025-07-01 13:05:17,0,1,1777,115.4,3,0.0,0,0.0,1005.5
2025-07-01 13:05:17,0,1,1777,115.4,3,0.0,0,0.0,1005.5
2025-07-01 13:05:18,0,1,1777,115.4,3,0.0,0,0.0,1005.5
2025-07-01 13:05:18,0,1,1777,115.4,3,0.0,0,0.0,1005.5
2025-07-01 13:05:18,0,1,1777,115.4,3,0.0,0,0.0,1005.5
2025-07-01 13:05:18,0,1,1777,115.4,3,0.0,0,0.0,1005.5
2025-07-01 13:05:18,0,0,1627,115.4,3,0.0,0,0.0,1004.3
2025-07-01 13:05:18,0,0,1627,115.4,3,0.0,0,0.0,1004.3
2025-07-01 13:05:18,0,0,1627,115.4,3,0.0,0,0.0,1004.3
2025-07-01 13:05:18,0,0,1627,115.4,3,0.0,0,0.0,1004.3
2025-07-01 13:05:19,0,0,1627,115.4,3,0.0,0,0.0,1004.3
2025-07-01 13:05:19,0,0,1627,115.4,3,0.0,0,0.0,1004.3
2025-07-01 13:05:19,0,0,1627,115.4,3,0.0,0,0.0,1004.3
2025-07-01 13:05:19,0,0,1627,115.4,3,0.0,0,0.0,1004.3
2025-07-01 13:05:19,0,0,1627,115.4,3,0.0,0,0.0,1004.3
2025-07-01 13:05:19,0,1,1783,115.4,3,0.0,0,0.0,1000.0
2025-07-01 13:05:19,0,1,1783,115.4,3,0.0,0,0.0,1000.0
2025-07-01 13:05:19,0,1,1783,115.4,3,0.0,0,0.0,1000.0
2025-07-01 13:05:19,0,1,1783,115.4,3,0.0,0,0.0,1000.0
2025-07-01 13:05:20,0,1,1783,115.4,3,0.0,0,0.0,1000.0
2025-07-01 13:05:20,0,1,1783,115.4,3,0.0,0,0.0,1000.0
2025-07-01 13:05:20,0,1,1783,115.4,3,0.0,0,0.0,1000.0
2025-07-01 13:05:20,0,1,1783,115.4,3,0.0,0,0.0,1000.0
2025-07-01 13:05:20,0,1,1783,115.4,3,0.0,0,0.0,1000.0
2025-07-01 13:05:20,0,0,1899,115.4,3,0.0,0,0.0,1007.7
2025-07-01 13:05:20,0,0,1899,115.4,3,0.0,0,0.0,1007.7
2025-07-01 13:05:20,0,0,1899,115.4,3,0.0,0,0.0,1007.7
2025-07-01 13:05:21,0,0,1899,115.4,3,0.0,0,0.0,1007.7
2025-07-01 13:05:21,0,0,1899,115.4,3,0.0,0,0.0,1007.7
2025-07-01 13:05:21,0,0,1899,115.4,3,0.0,0,0.0,1007.7
2025-07-01 13:05:21,0,0,1899,115.4,3,0.0,0,0.0,1007.7
2025-07-01 13:05:21,0,0,1899,115.4,3,0.0,0,0.0,1007.7
2025-07-01 13:05:21,0,0,1899,115.4,3,0.0,0,0.0,1007.7
2025-07-01 13:05:21,0,1,1778,131.0,3,0.0,0,0.0,1005.4
2025-07-01 13:05:21,0,1,1778,131.0,3,0.0,0,0.0,1005.4
2025-07-01 13:05:22,0,1,1778,131.0,3,0.0,0,0.0,1005.4
2025-07-01 13:05:22,0,1,1778,131.0,3,0.0,0,0.0,1005.4
2025-07-01 13:05:22,0,1,1778,131.0,3,0.0,0,0.0,1005.4
2025-07-01 13:05:22,0,1,1778,131.0,3,0.0,0,0.0,1005.4
2025-07-01 13:05:22,0,1,1778,131.0,3,0.0,0,0.0,1005.4
2025-07-01 13:05:22,0,1,1778,131.0,3,0.0,0,0.0,1005.4
2025-07-01 13:05:22,0,1,1778,131.0,3,0.0,0,0.0,1005.4
2025-07-01 13:05:22,0,0,1483,131.0,3,0.0,0,0.0,1001.4
2025-07-01 13:05:22,0,0,1483,131.0,3,0.0,0,0.0,1001.4
2025-07-01 13:05:23,0,0,1483,131.0,3,0.0,0,0.0,1001.4
2025-07-01 13:05:23,0,0,1483,131.0,3,0.0,0,0.0,1001.4
2025-07-01 13:05:23,0,0,1483,131.0,3,0.0,0,0.0,1001.4
2025-07-01 13:05:23,0,0,1483,131.0,3,0.0,0,0.0,1001.4
2025-07-01 13:05:23,0,0,1483,131.0,3,0.0,0,0.0,1001.4
2025-07-01 13:05:23,0,0,1483,131.0,3,0.0,0,0.0,1001.4
2025-07-01 13:05:23,0,0,1483,131.0,3,0.0,0,0.0,1001.4
2025-07-01 13:05:23,0,1,1783,131.0,3,0.0,0,0.0,1002.9
2025-07-01 13:05:23,0,1,1783,131.0,3,0.0,0,0.0,1002.9
2025-07-01 13:05:24,0,1,1783,131.0,3,0.0,0,0.0,1002.9
2025-07-01 13:05:24,0,1,1783,131.0,3,0.0,0,0.0,1002.9
2025-07-01 13:05:24,0,1,1783,131.0,3,0.0,0,0.0,1002.9
2025-07-01 13:05:24,0,1,1783,131.0,3,0.0,0,0.0,1002.9
2025-07-01 13:05:24,0,1,1783,131.0,3,0.0,0,0.0,1002.9
2025-07-01 13:05:24,0,1,1783,131.0,3,0.0,0,0.0,1002.9
2025-07-01 13:05:24,0,0,1862,167.1,3,0.0,0,0.0,1001.6
2025-07-01 13:05:24,0,0,1862,167.1,3,0.0,0,0.0,1001.6
2025-07-01 13:05:25,0,0,1862,167.1,3,0.0,0,0.0,1001.6
2025-07-01 13:05:25,0,0,1862,167.1,3,0.0,0,0.0,1001.6
2025-07-01 13:05:25,0,0,1862,167.1,3,0.0,0,0.0,1001.6
2025-07-01 13:05:25,0,0,1862,167.1,3,0.0,0,0.0,1001.6
2025-07-01 13:05:25,0,0,1862,167.1,3,0.0,0,0.0,1001.6
2025-07-01 13:05:25,0,0,1862,167.1,3,0.0,0,0.0,1001.6
2025-07-01 13:05:25,0,0,1862,167.1,3,0.0,0,0.0,1001.6
2025-07-01 13:05:25,0,1,1792,167.1,3,0.0,0,0.0,1001.4
2025-07-01 13:05:26,0,1,1792,167.1,3,0.0,0,0.0,1001.4
2025-07-01 13:05:26,0,1,1792,167.1,3,0.0,0,0.0,1001.4
2025-07-01 13:05:26,0,1,1792,167.1,3,0.0,0,0.0,1001.4
2025-07-01 13:05:26,0,1,1792,167.1,3,0.0,0,0.0,1001.4
2025-07-01 13:05:26,0,1,1792,167.1,3,0.0,0,0.0,1001.4
2025-07-01 13:05:26,0,1,1792,167.1,3,0.0,0,0.0,1001.4
2025-07-01 13:05:26,0,1,1792,167.1,3,0.0,0,0.0,1001.4
2025-07-01 13:05:26,0,0,1552,167.1,3,0.0,0,0.0,1002.6
2025-07-01 13:05:27,0,0,1552,167.1,3,0.0,0,0.0,1002.6
2025-07-01 13:05:27,0,0,1552,167.1,3,0.0,0,0.0,1002.6
2025-07-01 13:05:27,0,0,1552,167.1,3,0.0,0,0.0,1002.6
2025-07-01 13:05:27,0,0,1552,167.1,3,0.0,0,0.0,1002.6
2025-07-01 13:05:27,0,0,1552,167.1,3,0.0,0,0.0,1002.6
2025-07-01 13:05:28,0,1,1791,167.1,3,0.0,0,0.0,1005.3
2025-07-01 13:05:28,0,1,1791,167.1,3,0.0,0,0.0,1005.3
2025-07-01 13:05:28,0,1,1791,167.1,3,0.0,0,0.0,1005.3
2025-07-01 13:05:28,0,1,1791,167.1,3,0.0,0,0.0,1005.3
2025-07-01 13:05:28,0,1,1791,167.1,3,0.0,0,0.0,1005.3
2025-07-01 13:05:28,0,1,1791,167.1,3,0.0,0,0.0,1005.3
2025-07-01 13:05:28,0,1,1791,167.1,3,0.0,0,0.0,1005.3
2025-07-01 13:05:28,0,1,1791,167.1,3,0.0,0,0.0,1005.3
2025-07-01 13:05:29,0,0,1664,167.1,3,0.0,0,0.0,1000.2
2025-07-01 13:05:29,0,0,1664,167.1,3,0.0,0,0.0,1000.2
2025-07-01 13:05:29,0,0,1664,167.1,3,0.0,0,0.0,1000.2
2025-07-01 13:05:29,0,0,1664,167.1,3,0.0,0,0.0,1000.2
2025-07-01 13:05:29,0,0,1664,167.1,3,0.0,0,0.0,1000.2
2025-07-01 13:05:29,0,0,1664,167.1,3,0.0,0,0.0,1000.2
2025-07-01 13:05:29,0,0,1664,167.1,3,0.0,0,0.0,1000.2
2025-07-01 13:05:29,0,0,1664,167.1,3,0.0,0,0.0,1000.2
2025-07-01 13:05:30,0,0,1664,167.1,3,0.0,0,0.0,1000.2
2025-07-01 13:05:30,0,1,1791,167.1,3,0.0,0,0.0,1003.0
2025-07-01 13:05:30,0,1,1791,167.1,3,0.0,0,0.0,1003.0
2025-07-01 13:05:30,0,1,1791,167.1,3,0.0,0,0.0,1003.0
2025-07-01 13:05:30,0,1,1791,167.1,3,0.0,0,0.0,1003.0
2025-07-01 13:05:30,0,1,1791,167.1,3,0.0,0,0.0,1003.0
2025-07-01 13:05:30,0,1,1791,167.1,3,0.0,0,0.0,1003.0
2025-07-01 13:05:30,0,1,1791,167.1,3,0.0,0,0.0,1003.0
2025-07-01 13:05:30,0,1,1791,167.1,3,0.0,0,0.0,1003.0
2025-07-01 13:05:31,0,1,1803,167.1,3,0.0,0,0.0,1000.4
2025-07-01 13:05:31,0,1,1803,167.1,3,0.0,0,0.0,1000.4
2025-07-01 13:05:31,0,1,1803,167.1,3,0.0,0,0.0,1000.4
2025-07-01 13:05:31,0,1,1803,167.1,3,0.0,0,0.0,1000.4
2025-07-01 13:05:31,0,1,1803,167.1,3,0.0,0,0.0,1000.4
2025-07-01 13:05:31,0,1,1803,167.1,3,0.0,0,0.0,1000.4
2025-07-01 13:05:32,0,1,1803,167.1,3,0.0,0,0.0,1000.4
2025-07-01 13:05:32,0,0,1902,167.1,3,0.0,0,0.0,1004.9
2025-07-01 13:05:32,0,0,1902,167.1,3,0.0,0,0.0,1004.9
2025-07-01 13:05:32,0,0,1902,167.1,3,0.0,0,0.0,1004.9
2025-07-01 13:05:32,0,0,1902,167.1,3,0.0,0,0.0,1004.9
2025-07-01 13:05:32,0,0,1902,167.1,3,0.0,0,0.0,1004.9
2025-07-01 13:05:32,0,0,1902,167.1,3,0.0,0,0.0,1004.9
2025-07-01 13:05:32,0,0,1902,167.1,3,0.0,0,0.0,1004.9
2025-07-01 13:05:33,0,0,1902,167.1,3,0.0,0,0.0,1004.9
2025-07-01 13:05:33,0,1,1847,177.5,3,0.0,0,0.0,1001.4
2025-07-01 13:05:33,0,1,1847,177.5,3,0.0,0,0.0,1001.4
2025-07-01 13:05:33,0,1,1847,177.5,3,0.0,0,0.0,1001.4
2025-07-01 13:05:33,0,1,1847,177.5,3,0.0,0,0.0,1001.4
2025-07-01 13:05:33,0,1,1847,177.5,3,0.0,0,0.0,1001.4
2025-07-01 13:05:33,0,1,1847,177.5,3,0.0,0,0.0,1001.4
2025-07-01 13:05:33,0,1,1847,177.5,3,0.0,0,0.0,1001.4
2025-07-01 13:05:33,0,1,1847,177.5,3,0.0,0,0.0,1001.4
2025-07-01 13:05:34,0,1,1847,177.5,3,0.0,0,0.0,1001.4
2025-07-01 13:05:34,0,1,1803,177.5,3,0.0,0,0.0,1003.4
2025-07-01 13:05:34,0,1,1803,177.5,3,0.0,0,0.0,1003.4
2025-07-01 13:05:34,0,1,1803,177.5,3,0.0,0,0.0,1003.4
2025-07-01 13:05:34,0,1,1803,177.5,3,0.0,0,0.0,1003.4
2025-07-01 13:05:34,0,1,1803,177.5,3,0.0,0,0.0,1003.4
2025-07-01 13:05:34,0,1,1803,177.5,3,0.0,0,0.0,1003.4
2025-07-01 13:05:34,0,1,1803,177.5,3,0.0,0,0.0,1003.4
2025-07-01 13:05:35,0,1,1803,177.5,3,0.0,0,0.0,1003.4
2025-07-01 13:05:35,0,1,1803,177.5,3,0.0,0,0.0,1003.4
2025-07-01 13:05:35,0,1,1793,177.5,1,0.0,0,0.0,1001.5
2025-07-01 13:05:35,0,1,1793,177.5,1,0.0,0,0.0,1001.5
2025-07-01 13:05:35,0,1,1793,177.5,1,0.0,0,0.0,1001.5
2025-07-01 13:05:35,0,1,1793,177.5,1,0.0,0,0.0,1001.5
2025-07-01 13:05:35,0,1,1793,177.5,1,0.0,0,0.0,1001.5
2025-07-01 13:05:35,0,1,1793,177.5,1,0.0,0,0.0,1001.5
2025-07-01 13:05:36,0,1,1793,177.5,1,0.0,0,0.0,1001.5
2025-07-01 13:05:36,0,1,1793,177.5,1,0.0,0,0.0,1001.5
2025-07-01 13:05:36,0,0,1981,177.5,1,0.0,0,0.0,1005.9
2025-07-01 13:05:36,0,0,1981,177.5,1,0.0,0,0.0,1005.9
2025-07-01 13:05:36,0,0,1981,177.5,1,0.0,0,0.0,1005.9
2025-07-01 13:05:36,0,0,1981,177.5,1,0.0,0,0.0,1005.9
2025-07-01 13:05:36,0,0,1981,177.5,1,0.0,0,0.0,1005.9
2025-07-01 13:05:36,0,0,1981,177.5,1,0.0,0,0.0,1005.9
2025-07-01 13:05:36,0,0,1981,177.5,1,0.0,0,0.0,1005.9
2025-07-01 13:05:37,0,0,1981,177.5,1,0.0,0,0.0,1005.9
2025-07-01 13:05:37,0,0,1981,177.5,1,0.0,0,0.0,1005.9
2025-07-01 13:05:37,0,1,1782,177.5,1,0.0,0,0.0,1006.2
2025-07-01 13:05:37,0,1,1782,177.5,1,0.0,0,0.0,1006.2
2025-07-01 13:05:37,0,1,1782,177.5,1,0.0,0,0.0,1006.2
2025-07-01 13:05:37,0,1,1782,177.5,1,0.0,0,0.0,1006.2
2025-07-01 13:05:37,0,1,1782,177.5,1,0.0,0,0.0,1006.2
2025-07-01 13:05:37,0,1,1782,177.5,1,0.0,0,0.0,1006.2
2025-07-01 13:05:38,0,1,1782,177.5,1,0.0,0,0.0,1006.2
2025-07-01 13:05:38,0,1,1782,177.5,1,0.0,0,0.0,1006.2
2025-07-01 13:05:38,0,1,1782,177.5,1,0.0,0,0.0,1006.2
2025-07-01 13:05:38,0,0,1952,177.5,1,0.0,0,0.0,1004.9
2025-07-01 13:05:38,0,0,1952,177.5,1,0.0,0,0.0,1004.9
2025-07-01 13:05:38,0,0,1952,177.5,1,0.0,0,0.0,1004.9
2025-07-01 13:05:38,0,0,1952,177.5,1,0.0,0,0.0,1004.9
2025-07-01 13:05:38,0,0,1952,177.5,1,0.0,0,0.0,1004.9
2025-07-01 13:05:39,0,0,1952,177.5,1,0.0,0,0.0,1004.9
2025-07-01 13:05:39,0,0,1952,177.5,1,0.0,0,0.0,1004.9
2025-07-01 13:05:39,0,0,1952,177.5,1,0.0,0,0.0,1004.9
2025-07-01 13:05:39,0,1,1786,177.5,1,0.0,0,0.0,1005.4
2025-07-01 13:05:39,0,1,1786,177.5,1,0.0,0,0.0,1005.4
2025-07-01 13:05:39,0,1,1786,177.5,1,0.0,0,0.0,1005.4
2025-07-01 13:05:39,0,1,1786,177.5,1,0.0,0,0.0,1005.4
2025-07-01 13:05:39,0,1,1786,177.5,1,0.0,0,0.0,1005.4
2025-07-01 13:05:40,0,1,1786,177.5,1,0.0,0,0.0,1005.4
2025-07-01 13:05:40,0,1,1786,177.5,1,0.0,0,0.0,1005.4
2025-07-01 13:05:40,0,1,1786,177.5,1,0.0,0,0.0,1005.4
2025-07-01 13:05:40,0,0,1713,177.5,1,0.0,0,0.0,1001.0
2025-07-01 13:05:40,0,0,1713,177.5,1,0.0,0,0.0,1001.0
2025-07-01 13:05:40,0,0,1713,177.5,1,0.0,0,0.0,1001.0
2025-07-01 13:05:42,0,0,1941,177.5,1,0.0,0,0.0,1001.6
2025-07-01 13:05:42,0,0,1941,177.5,1,0.0,0,0.0,1001.6
2025-07-01 13:05:42,0,0,1941,177.5,1,0.0,0,0.0,1001.6
2025-07-01 13:05:42,0,0,1941,177.5,1,0.0,0,0.0,1001.6
2025-07-01 13:05:42,0,0,1941,177.5,1,0.0,0,0.0,1001.6
2025-07-01 13:05:42,0,0,1941,177.5,1,0.0,0,0.0,1001.6
2025-07-01 13:05:43,0,0,1941,177.5,1,0.0,0,0.0,1001.6
2025-07-01 13:05:43,0,0,1941,177.5,1,0.0,0,0.0,1001.6
2025-07-01 13:05:43,0,1,1799,177.5,1,0.0,0,0.0,1002.1
2025-07-01 13:05:43,0,1,1799,177.5,1,0.0,0,0.0,1002.1
2025-07-01 13:05:43,0,1,1799,177.5,1,0.0,0,0.0,1002.1
2025-07-01 13:05:43,0,1,1799,177.5,1,0.0,0,0.0,1002.1
2025-07-01 13:05:43,0,1,1799,177.5,1,0.0,0,0.0,1002.1
2025-07-01 13:05:43,0,1,1799,177.5,1,0.0,0,0.0,1002.1
2025-07-01 13:05:43,0,1,1799,177.5,1,0.0,0,0.0,1002.1
2025-07-01 13:05:44,0,1,1799,177.5,1,0.0,0,0.0,1002.1
2025-07-01 13:05:44,0,1,1799,177.5,1,0.0,0,0.0,1002.1
2025-07-01 13:05:44,0,0,1424,177.5,1,0.0,0,0.0,994.9
2025-07-01 13:05:44,0,0,1424,177.5,1,0.0,0,0.0,994.9
2025-07-01 13:05:44,0,0,1424,177.5,1,0.0,0,0.0,994.9
2025-07-01 13:05:44,0,0,1424,177.5,1,0.0,0,0.0,994.9
2025-07-01 13:05:44,0,0,1424,177.5,1,0.0,0,0.0,994.9
2025-07-01 13:05:44,0,0,1424,177.5,1,0.0,0,0.0,994.9
2025-07-01 13:05:45,0,0,1424,177.5,1,0.0,0,0.0,994.9
2025-07-01 13:05:45,0,0,1424,177.5,1,0.0,0,0.0,994.9
2025-07-01 13:05:45,0,0,1424,177.5,1,0.0,0,0.0,994.9
2025-07-01 13:05:45,0,1,1774,177.5,1,0.0,0,0.0,1000.9
2025-07-01 13:05:45,0,1,1774,177.5,1,0.0,0,0.0,1000.9
2025-07-01 13:05:45,0,1,1774,177.5,1,0.0,0,0.0,1000.9
2025-07-01 13:05:45,0,1,1774,177.5,1,0.0,0,0.0,1000.9
2025-07-01 13:05:46,0,1,1774,177.5,1,0.0,0,0.0,1000.9
2025-07-01 13:05:46,0,1,1774,177.5,1,0.0,0,0.0,1000.9
2025-07-01 13:05:46,0,1,1774,177.5,1,0.0,0,0.0,1000.9
2025-07-01 13:05:46,0,1,1774,177.5,1,0.0,0,0.0,1000.9
2025-07-01 13:05:46,0,1,1774,177.5,1,0.0,0,0.0,1000.9
2025-07-01 13:05:46,0,0,1672,177.5,1,0.0,0,0.0,998.4
2025-07-01 13:05:46,0,0,1672,177.5,1,0.0,0,0.0,998.4
2025-07-01 13:05:46,0,0,1672,177.5,1,0.0,0,0.0,998.4
2025-07-01 13:05:46,0,0,1672,177.5,1,0.0,0,0.0,998.4
2025-07-01 13:05:47,0,0,1672,177.5,1,0.0,0,0.0,998.4
2025-07-01 13:05:47,0,0,1672,177.5,1,0.0,0,0.0,998.4
2025-07-01 13:05:47,0,0,1672,177.5,1,0.0,0,0.0,998.4
2025-07-01 13:05:47,0,0,1672,177.5,1,0.0,0,0.0,998.4
2025-07-01 13:05:47,0,0,1672,177.5,1,0.0,0,0.0,998.4
2025-07-01 13:05:47,0,1,1787,177.5,1,0.0,0,0.0,1001.5
2025-07-01 13:05:47,0,1,1787,177.5,1,0.0,0,0.0,1001.5
2025-07-01 13:05:47,0,1,1787,177.5,1,0.0,0,0.0,1001.5
2025-07-01 13:05:48,0,1,1787,177.5,1,0.0,0,0.0,1001.5
2025-07-01 13:05:48,0,1,1787,177.5,1,0.0,0,0.0,1001.5
2025-07-01 13:05:48,0,1,1787,177.5,1,0.0,0,0.0,1001.5
2025-07-01 13:05:48,0,1,1787,177.5,1,0.0,0,0.0,1001.5
2025-07-01 13:05:48,0,1,1787,177.5,1,0.0,0,0.0,1001.5
2025-07-01 13:05:48,0,1,1787,177.5,1,0.0,0,0.0,1001.5
2025-07-01 13:05:48,0,0,1702,177.5,1,0.0,0,0.0,1002.3
2025-07-01 13:05:48,0,0,1702,177.5,1,0.0,0,0.0,1002.3
2025-07-01 13:05:48,0,0,1702,177.5,1,0.0,0,0.0,1002.3
2025-07-01 13:05:49,0,0,1702,177.5,1,0.0,0,0.0,1002.3
2025-07-01 13:05:49,0,0,1702,177.5,1,0.0,0,0.0,1002.3
2025-07-01 13:05:50,0,0,1702,177.5,1,0.0,0,0.0,1002.3
2025-07-01 13:05:50,0,1,1790,177.5,1,0.0,0,0.0,1006.7
2025-07-01 13:05:50,0,1,1790,177.5,1,0.0,0,0.0,1006.7
2025-07-01 13:05:50,0,1,1790,177.5,1,0.0,0,0.0,1006.7
2025-07-01 13:05:50,0,1,1790,177.5,1,0.0,0,0.0,1006.7
2025-07-01 13:05:51,0,1,1790,177.5,1,0.0,0,0.0,1006.7
2025-07-01 13:05:51,0,1,1790,177.5,1,0.0,0,0.0,1006.7
2025-07-01 13:05:51,0,1,1790,177.5,1,0.0,0,0.0,1006.7
2025-07-01 13:05:51,0,1,1790,177.5,1,0.0,0,0.0,1006.7
2025-07-01 13:05:51,0,1,1790,177.5,1,0.0,0,0.0,1006.7
2025-07-01 13:05:51,0,0,1970,167.1,1,0.0,0,0.0,1004.1
2025-07-01 13:05:51,0,0,1970,167.1,1,0.0,0,0.0,1004.1
2025-07-01 13:05:51,0,0,1970,167.1,1,0.0,0,0.0,1004.1
2025-07-01 13:05:52,0,0,1970,167.1,1,0.0,0,0.0,1004.1
2025-07-01 13:05:52,0,0,1970,167.1,1,0.0,0,0.0,1004.1
2025-07-01 13:05:52,0,0,1970,167.1,1,0.0,0,0.0,1004.1
2025-07-01 13:05:52,0,0,1970,167.1,1,0.0,0,0.0,1004.1
2025-07-01 13:05:52,0,0,1970,167.1,1,0.0,0,0.0,1004.1
2025-07-01 13:05:52,0,0,1970,167.1,1,0.0,0,0.0,1004.1
2025-07-01 13:05:52,0,0,1933,167.1,1,0.0,0,0.0,1002.2
2025-07-01 13:05:52,0,0,1933,167.1,1,0.0,0,0.0,1002.2
2025-07-01 13:05:53,0,0,1933,167.1,1,0.0,0,0.0,1002.2
2025-07-01 13:05:53,0,0,1933,167.1,1,0.0,0,0.0,1002.2
2025-07-01 13:05:53,0,0,1933,167.1,1,0.0,0,0.0,1002.2
2025-07-01 13:05:53,0,0,1933,167.1,1,0.0,0,0.0,1002.2
2025-07-01 13:05:53,0,0,1933,167.1,1,0.0,0,0.0,1002.2
2025-07-01 13:05:53,0,0,1933,167.1,1,0.0,0,0.0,1002.2
2025-07-01 13:05:53,0,0,1933,167.1,1,0.0,0,0.0,1002.2
2025-07-01 13:05:53,0,0,1808,167.1,1,0.0,0,0.0,1005.9
2025-07-01 13:05:53,0,0,1808,167.1,1,0.0,0,0.0,1005.9
2025-07-01 13:05:54,0,0,1808,167.1,1,0.0,0,0.0,1005.9
2025-07-01 13:05:54,0,0,1808,167.1,1,0.0,0,0.0,1005.9
2025-07-01 13:05:54,0,0,1808,167.1,1,0.0,0,0.0,1005.9
2025-07-01 13:05:54,0,0,1808,167.1,1,0.0,0,0.0,1005.9
2025-07-01 13:05:54,0,0,1808,167.1,1,0.0,0,0.0,1005.9
2025-07-01 13:05:54,0,0,1808,167.1,1,0.0,0,0.0,1005.9
2025-07-01 13:05:54,0,0,1942,167.1,1,0.0,0,0.0,1006.5
2025-07-01 13:05:55,0,0,1942,167.1,1,0.0,0,0.0,1006.5
2025-07-01 13:05:55,0,0,1942,167.1,1,0.0,0,0.0,1006.5
2025-07-01 13:05:55,0,0,1942,167.1,1,0.0,0,0.0,1006.5
2025-07-01 13:05:55,0,0,1942,167.1,1,0.0,0,0.0,1006.5
2025-07-01 13:05:55,0,0,1942,167.1,1,0.0,0,0.0,1006.5
2025-07-01 13:05:55,0,0,1942,167.1,1,0.0,0,0.0,1006.5
2025-07-01 13:05:55,0,0,1942,167.1,1,0.0,0,0.0,1006.5
2025-07-01 13:05:55,0,0,1942,167.1,1,0.0,0,0.0,1006.5
2025-07-01 13:05:55,0,0,1785,167.1,1,0.0,0,0.0,1004.3
2025-07-01 13:05:56,0,0,1785,167.1,1,0.0,0,0.0,1004.3
2025-07-01 13:05:56,0,0,1785,167.1,1,0.0,0,0.0,1004.3
2025-07-01 13:05:56,0,0,1785,167.1,1,0.0,0,0.0,1004.3
2025-07-01 13:05:56,0,0,1785,167.1,1,0.0,0,0.0,1004.3
2025-07-01 13:05:56,0,0,1785,167.1,1,0.0,0,0.0,1004.3
2025-07-01 13:05:56,0,0,1785,167.1,1,0.0,0,0.0,1004.3
2025-07-01 13:05:56,0,0,1785,167.1,1,0.0,0,0.0,1004.3
2025-07-01 13:05:57,0,1,1788,125.5,1,0.0,0,0.0,1003.5
2025-07-01 13:05:57,0,1,1788,125.5,1,0.0,0,0.0,1003.5
2025-07-01 13:05:57,0,1,1788,125.5,1,0.0,0,0.0,1003.5
2025-07-01 13:05:57,0,1,1788,125.5,1,0.0,0,0.0,1003.5
2025-07-01 13:05:57,0,1,1788,125.5,1,0.0,0,0.0,1003.5
2025-07-01 13:05:57,0,1,1788,125.5,1,0.0,0,0.0,1003.5
2025-07-01 13:05:57,0,1,1788,125.5,1,0.0,0,0.0,1003.5
2025-07-01 13:05:57,0,1,1788,125.5,1,0.0,0,0.0,1003.5
2025-07-01 13:05:57,0,1,1788,125.5,1,0.0,0,0.0,1003.5
2025-07-01 13:05:58,0,0,1799,125.5,1,0.0,0,0.0,1001.8
2025-07-01 13:05:58,0,0,1799,125.5,1,0.0,0,0.0,1001.8
2025-07-01 13:05:58,0,0,1799,125.5,1,0.0,0,0.0,1001.8
2025-07-01 13:05:58,0,0,1799,125.5,1,0.0,0,0.0,1001.8
2025-07-01 13:05:58,0,0,1799,125.5,1,0.0,0,0.0,1001.8
2025-07-01 13:05:58,0,0,1799,125.5,1,0.0,0,0.0,1001.8
2025-07-01 13:05:58,0,0,1799,125.5,1,0.0,0,0.0,1001.8
2025-07-01 13:05:58,0,0,1799,125.5,1,0.0,0,0.0,1001.8
2025-07-01 13:05:59,0,0,1799,125.5,1,0.0,0,0.0,1001.8
2025-07-01 13:05:59,0,1,1775,187.5,1,0.0,0,0.0,1005.8
2025-07-01 13:05:59,0,1,1775,187.5,1,0.0,0,0.0,1005.8
2025-07-01 13:05:59,0,1,1775,187.5,1,0.0,0,0.0,1005.8
2025-07-01 13:05:59,0,1,1775,187.5,1,0.0,0,0.0,1005.8
2025-07-01 13:05:59,0,1,1775,187.5,1,0.0,0,0.0,1005.8
2025-07-01 13:05:59,0,1,1775,187.5,1,0.0,0,0.0,1005.8
2025-07-01 13:05:59,0,1,1775,187.5,1,0.0,0,0.0,1005.8
2025-07-01 13:06:00,0,1,1775,187.5,1,0.0,0,0.0,1005.8
2025-07-01 13:06:00,0,1,1779,187.5,1,0.0,0,0.0,1006.2
2025-07-01 13:06:00,0,1,1779,187.5,1,0.0,0,0.0,1006.2
2025-07-01 13:06:00,0,1,1779,187.5,1,0.0,0,0.0,1006.2
2025-07-01 13:06:00,0,1,1779,187.5,1,0.0,0,0.0,1006.2
2025-07-01 13:06:00,0,1,1779,187.5,1,0.0,0,0.0,1006.2
2025-07-01 13:06:00,0,1,1779,187.5,1,0.0,0,0.0,1006.2
2025-07-01 13:06:00,0,1,1779,187.5,1,0.0,0,0.0,1006.2
2025-07-01 13:06:01,0,1,1779,187.5,1,0.0,0,0.0,1006.2
2025-07-01 13:06:01,0,0,1840,150.4,1,0.0,0,0.0,1004.3
2025-07-01 13:06:01,0,0,1840,150.4,1,0.0,0,0.0,1004.3
2025-07-01 13:06:01,0,0,1840,150.4,1,0.0,0,0.0,1004.3
2025-07-01 13:06:01,0,0,1840,150.4,1,0.0,0,0.0,1004.3
2025-07-01 13:06:01,0,0,1840,150.4,1,0.0,0,0.0,1004.3
2025-07-01 13:06:01,0,0,1840,150.4,1,0.0,0,0.0,1004.3
2025-07-01 13:06:01,0,0,1840,150.4,1,0.0,0,0.0,1004.3
2025-07-01 13:06:02,0,0,1840,150.4,1,0.0,0,0.0,1004.3
2025-07-01 13:06:02,0,0,1811,150.4,1,0.0,0,0.0,1005.0
2025-07-01 13:06:02,0,0,1811,150.4,1,0.0,0,0.0,1005.0
2025-07-01 13:06:02,0,0,1811,150.4,1,0.0,0,0.0,1005.0
2025-07-01 13:06:02,0,0,1811,150.4,1,0.0,0,0.0,1005.0
2025-07-01 13:06:02,0,0,1811,150.4,1,0.0,0,0.0,1005.0
2025-07-01 13:06:02,0,0,1811,150.4,1,0.0,0,0.0,1005.0
2025-07-01 13:06:02,0,0,1811,150.4,1,0.0,0,0.0,1005.0
2025-07-01 13:06:03,0,0,1811,150.4,1,0.0,0,0.0,1005.0
2025-07-01 13:06:03,0,0,1811,150.4,1,0.0,0,0.0,1005.0
2025-07-01 13:06:03,0,1,1779,177.0,1,0.0,0,0.0,1002.7
2025-07-01 13:06:03,0,1,1779,177.0,1,0.0,0,0.0,1002.7
2025-07-01 13:06:03,0,1,1779,177.0,1,0.0,0,0.0,1002.7
2025-07-01 13:06:03,0,1,1779,177.0,1,0.0,0,0.0,1002.7
2025-07-01 13:06:03,0,1,1779,177.0,1,0.0,0,0.0,1002.7
2025-07-01 13:06:03,0,1,1779,177.0,1,0.0,0,0.0,1002.7
2025-07-01 13:06:04,0,1,1779,177.0,1,0.0,0,0.0,1002.7
2025-07-01 13:06:04,0,1,1779,177.0,1,0.0,0,0.0,1002.7
2025-07-01 13:06:04,0,1,1779,177.0,1,0.0,0,0.0,1002.7
2025-07-01 13:06:04,0,0,1942,177.0,1,0.0,0,0.0,1001.8
2025-07-01 13:06:04,0,0,1942,177.0,1,0.0,0,0.0,1001.8
2025-07-01 13:06:04,0,0,1942,177.0,1,0.0,0,0.0,1001.8
2025-07-01 13:06:04,0,0,1942,177.0,1,0.0,0,0.0,1001.8
2025-07-01 13:06:05,0,0,1942,177.0,1,0.0,0,0.0,1001.8
2025-07-01 13:06:05,0,0,1942,177.0,1,0.0,0,0.0,1001.8
2025-07-01 13:06:05,0,0,1942,177.0,1,0.0,0,0.0,1001.8
2025-07-01 13:06:05,0,1,1779,176.0,1,0.0,0,0.0,1003.1
2025-07-01 13:06:05,0,1,1779,176.0,1,0.0,0,0.0,1003.1
2025-07-01 13:06:05,0,1,1779,176.0,1,0.0,0,0.0,1003.1
2025-07-01 13:06:05,0,1,1779,176.0,1,0.0,0,0.0,1003.1
2025-07-01 13:06:05,0,1,1779,176.0,1,0.0,0,0.0,1003.1
2025-07-01 13:06:05,0,1,1779,176.0,1,0.0,0,0.0,1003.1
2025-07-01 13:06:06,0,1,1779,176.0,1,0.0,0,0.0,1003.1
2025-07-01 13:06:06,0,1,1779,176.0,1,0.0,0,0.0,1003.1
2025-07-01 13:06:06,0,1,1779,176.0,1,0.0,0,0.0,1003.1
2025-07-01 13:06:06,0,1,1789,176.0,1,0.0,0,0.0,1005.1
2025-07-01 13:06:06,0,1,1789,176.0,1,0.0,0,0.0,1005.1
2025-07-01 13:06:06,0,1,1789,176.0,1,0.0,0,0.0,1005.1
2025-07-01 13:06:06,0,1,1789,176.0,1,0.0,0,0.0,1005.1
2025-07-01 13:06:06,0,1,1789,176.0,1,0.0,0,0.0,1005.1
2025-07-01 13:06:07,0,1,1789,176.0,1,0.0,0,0.0,1005.1
2025-07-01 13:06:07,0,1,1789,176.0,1,0.0,0,0.0,1005.1
2025-07-01 13:06:07,0,1,1789,176.0,1,0.0,0,0.0,1005.1
2025-07-01 13:06:07,0,0,1921,176.0,1,0.0,0,0.0,1002.7
2025-07-01 13:06:07,0,0,1921,176.0,1,0.0,0,0.0,1002.7
2025-07-01 13:06:07,0,0,1921,176.0,1,0.0,0,0.0,1002.7
2025-07-01 13:06:07,0,0,1921,176.0,1,0.0,0,0.0,1002.7
2025-07-01 13:06:07,0,0,1921,176.0,1,0.0,0,0.0,1002.7
2025-07-01 13:06:08,0,0,1921,176.0,1,0.0,0,0.0,1002.7
2025-07-01 13:06:08,0,0,1921,176.0,1,0.0,0,0.0,1002.7
2025-07-01 13:06:08,0,0,1921,176.0,1,0.0,0,0.0,1002.7
2025-07-01 13:06:08,0,0,1921,176.0,1,0.0,0,0.0,1002.7
2025-07-01 13:06:08,0,0,1894,176.0,1,0.0,0,0.0,998.1
2025-07-01 13:06:08,0,0,1894,176.0,1,0.0,0,0.0,998.1
2025-07-01 13:06:08,0,0,1894,176.0,1,0.0,0,0.0,998.1
2025-07-01 13:06:08,0,0,1894,176.0,1,0.0,0,0.0,998.1
2025-07-01 13:06:09,0,0,1894,176.0,1,0.0,0,0.0,998.1
2025-07-01 13:06:09,0,0,1894,176.0,1,0.0,0,0.0,998.1
2025-07-01 13:06:09,0,0,1894,176.0,1,0.0,0,0.0,998.1
2025-07-01 13:06:09,0,0,1894,176.0,1,0.0,0,0.0,998.1
2025-07-01 13:06:09,0,0,1894,176.0,1,0.0,0,0.0,998.1
2025-07-01 13:06:09,0,0,1894,142.9,1,0.0,0,0.0,1005.7
2025-07-01 13:06:09,0,0,1894,142.9,1,0.0,0,0.0,1005.7
2025-07-01 13:06:10,0,0,1894,142.9,1,0.0,0,0.0,1005.7
2025-07-01 13:06:10,0,0,1894,142.9,1,0.0,0,0.0,1005.7
2025-07-01 13:06:10,0,0,1894,142.9,1,0.0,0,0.0,1005.7
2025-07-01 13:06:10,0,0,1894,142.9,1,0.0,0,0.0,1005.7
2025-07-01 13:06:10,0,0,1894,142.9,1,0.0,0,0.0,1005.7
2025-07-01 13:06:10,0,0,1894,142.9,1,0.0,0,0.0,1005.7
2025-07-01 13:06:10,0,0,1515,142.9,1,0.0,0,0.0,1000.9
2025-07-01 13:06:10,0,0,1515,142.9,1,0.0,0,0.0,1000.9
2025-07-01 13:06:10,0,0,1515,142.9,1,0.0,0,0.0,1000.9
2025-07-01 13:06:11,0,0,1515,142.9,1,0.0,0,0.0,1000.9
2025-07-01 13:06:11,0,0,1515,142.9,1,0.0,0,0.0,1000.9
2025-07-01 13:06:11,0,0,1515,142.9,1,0.0,0,0.0,1000.9
2025-07-01 13:06:11,0,0,1515,142.9,1,0.0,0,0.0,1000.9
2025-07-01 13:06:11,0,0,1515,142.9,1,0.0,0,0.0,1000.9
2025-07-01 13:06:11,0,0,1515,142.9,1,0.0,0,0.0,1000.9
2025-07-01 13:06:11,0,1,1777,157.9,1,0.0,0,0.0,1003.5
2025-07-01 13:06:11,0,1,1777,157.9,1,0.0,0,0.0,1003.5
2025-07-01 13:06:12,0,1,1777,157.9,1,0.0,0,0.0,1003.5
2025-07-01 13:06:12,0,1,1777,157.9,1,0.0,0,0.0,1003.5
2025-07-01 13:06:12,0,1,1777,157.9,1,0.0,0,0.0,1003.5
2025-07-01 13:06:12,0,1,1777,157.9,1,0.0,0,0.0,1003.5
2025-07-01 13:06:12,0,1,1777,157.9,1,0.0,0,0.0,1003.5
2025-07-01 13:06:12,0,1,1777,157.9,1,0.0,0,0.0,1003.5
2025-07-01 13:06:12,0,0,1815,86.1,1,0.0,0,0.0,1000.5
2025-07-01 13:06:12,0,0,1815,86.1,1,0.0,0,0.0,1000.5
2025-07-01 13:06:13,0,0,1815,86.1,1,0.0,0,0.0,1000.5
2025-07-01 13:06:13,0,0,1815,86.1,1,0.0,0,0.0,1000.5
2025-07-01 13:06:13,0,0,1815,86.1,1,0.0,0,0.0,1000.5
2025-07-01 13:06:13,0,0,1815,86.1,1,0.0,0,0.0,1000.5
2025-07-01 13:06:13,0,0,1815,86.1,1,0.0,0,0.0,1000.5
2025-07-01 13:06:13,0,0,1815,86.1,1,0.0,0,0.0,1000.5
2025-07-01 13:06:13,0,0,1807,86.1,1,0.0,0,0.0,1005.4
2025-07-01 13:06:13,0,0,1807,86.1,1,0.0,0,0.0,1005.4
2025-07-01 13:06:14,0,0,1807,86.1,1,0.0,0,0.0,1005.4
2025-07-01 13:06:14,0,0,1807,86.1,1,0.0,0,0.0,1005.4
2025-07-01 13:06:14,0,0,1807,86.1,1,0.0,0,0.0,1005.4
2025-07-01 13:06:14,0,0,1807,86.1,1,0.0,0,0.0,1005.4
2025-07-01 13:06:14,0,0,1807,86.1,1,0.0,0,0.0,1005.4
2025-07-01 13:06:14,0,0,1807,86.1,1,0.0,0,0.0,1005.4
2025-07-01 13:06:14,0,0,1807,86.1,1,0.0,0,0.0,1005.4
2025-07-01 13:06:14,0,0,1671,188.7,1,0.0,0,0.0,1005.5
2025-07-01 13:06:15,0,0,1671,188.7,1,0.0,0,0.0,1005.5
2025-07-01 13:06:15,0,0,1671,188.7,1,0.0,0,0.0,1005.5
2025-07-01 13:06:15,0,0,1671,188.7,1,0.0,0,0.0,1005.5
2025-07-01 13:06:15,0,0,1671,188.7,1,0.0,0,0.0,1005.5
2025-07-01 13:06:15,0,0,1671,188.7,1,0.0,0,0.0,1005.5
2025-07-01 13:06:15,0,0,1671,188.7,1,0.0,0,0.0,1005.5
2025-07-01 13:06:15,0,0,1671,188.7,1,0.0,0,0.0,1005.5
2025-07-01 13:06:15,0,0,1878,188.7,1,0.0,0,0.0,1002.4
2025-07-01 13:06:16,0,0,1878,188.7,1,0.0,0,0.0,1002.4
2025-07-01 13:06:16,0,0,1878,188.7,1,0.0,0,0.0,1002.4
2025-07-01 13:06:16,0,0,1878,188.7,1,0.0,0,0.0,1002.4
2025-07-01 13:06:16,0,0,1878,188.7,1,0.0,0,0.0,1002.4
2025-07-01 13:06:16,0,0,1878,188.7,1,0.0,0,0.0,1002.4
2025-07-01 13:06:16,0,0,1878,188.7,1,0.0,0,0.0,1002.4
2025-07-01 13:06:16,0,0,1878,188.7,1,0.0,0,0.0,1002.4
2025-07-01 13:06:16,0,0,1854,188.7,1,0.0,0,0.0,1003.0
2025-07-01 13:06:17,0,0,1854,188.7,1,0.0,0,0.0,1003.0
2025-07-01 13:06:17,0,0,1854,188.7,1,0.0,0,0.0,1003.0
2025-07-01 13:06:17,0,0,1854,188.7,1,0.0,0,0.0,1003.0
2025-07-01 13:06:17,0,0,1854,188.7,1,0.0,0,0.0,1003.0
2025-07-01 13:06:17,0,0,1854,188.7,1,0.0,0,0.0,1003.0
2025-07-01 13:06:17,0,0,1854,188.7,1,0.0,0,0.0,1003.0
2025-07-01 13:06:17,0,0,1854,188.7,1,0.0,0,0.0,1003.0
2025-07-01 13:06:17,0,0,1854,188.7,1,0.0,0,0.0,1003.0
2025-07-01 13:06:18,0,1,1790,188.7,1,0.0,0,0.0,1002.5
2025-07-01 13:06:18,0,1,1790,188.7,1,0.0,0,0.0,1002.5
2025-07-01 13:06:18,0,1,1790,188.7,1,0.0,0,0.0,1002.5
2025-07-01 13:06:18,0,1,1790,188.7,1,0.0,0,0.0,1002.5
2025-07-01 13:06:18,0,1,1790,188.7,1,0.0,0,0.0,1002.5
2025-07-01 13:06:18,0,1,1790,188.7,1,0.0,0,0.0,1002.5
2025-07-01 13:06:18,0,1,1790,188.7,1,0.0,0,0.0,1002.5
2025-07-01 13:06:18,0,1,1790,188.7,1,0.0,0,0.0,1002.5
2025-07-01 13:06:19,0,0,1729,188.7,1,0.0,0,0.0,1004.5
2025-07-01 13:06:19,0,0,1729,188.7,1,0.0,0,0.0,1004.5
2025-07-01 13:06:19,0,0,1729,188.7,1,0.0,0,0.0,1004.5
2025-07-01 13:06:19,0,0,1729,188.7,1,0.0,0,0.0,1004.5
2025-07-01 13:06:19,0,0,1729,188.7,1,0.0,0,0.0,1004.5
2025-07-01 13:06:19,0,0,1729,188.7,1,0.0,0,0.0,1004.5
2025-07-01 13:06:19,0,0,1729,188.7,1,0.0,0,0.0,1004.5
2025-07-01 13:06:19,0,0,1729,188.7,1,0.0,0,0.0,1004.5
2025-07-01 13:06:20,0,0,1729,188.7,1,0.0,0,0.0,1004.5
2025-07-01 13:06:20,0,1,1895,188.7,1,0.0,0,0.0,1000.3
2025-07-01 13:06:20,0,1,1895,188.7,1,0.0,0,0.0,1000.3
2025-07-01 13:06:20,0,1,1895,188.7,1,0.0,0,0.0,1000.3
2025-07-01 13:06:20,0,1,1895,188.7,1,0.0,0,0.0,1000.3
2025-07-01 13:06:20,0,1,1895,188.7,1,0.0,0,0.0,1000.3
2025-07-01 13:06:20,0,1,1895,188.7,1,0.0,0,0.0,1000.3
2025-07-01 13:06:20,0,1,1895,188.7,1,0.0,0,0.0,1000.3
2025-07-01 13:06:20,0,1,1895,188.7,1,0.0,0,0.0,1000.3
2025-07-01 13:06:21,0,1,1895,188.7,1,0.0,0,0.0,1000.3
2025-07-01 13:06:21,0,1,1788,111.3,1,0.0,0,0.0,1001.9
2025-07-01 13:06:21,0,1,1788,111.3,1,0.0,0,0.0,1001.9
2025-07-01 13:06:21,0,1,1788,111.3,1,0.0,0,0.0,1001.9
2025-07-01 13:06:21,0,1,1788,111.3,1,0.0,0,0.0,1001.9
2025-07-01 13:06:21,0,1,1788,111.3,1,0.0,0,0.0,1001.9
2025-07-01 13:06:21,0,1,1788,111.3,1,0.0,0,0.0,1001.9
2025-07-01 13:06:21,0,1,1788,111.3,1,0.0,0,0.0,1001.9
2025-07-01 13:06:22,0,1,1788,111.3,1,0.0,0,0.0,1001.9
2025-07-01 13:06:22,0,1,1788,111.3,1,0.0,0,0.0,1001.9
2025-07-01 13:06:22,0,1,1791,111.3,1,0.0,0,0.0,999.8
2025-07-01 13:06:22,0,1,1791,111.3,1,0.0,0,0.0,999.8
2025-07-01 13:06:22,0,1,1791,111.3,1,0.0,0,0.0,999.8
2025-07-01 13:06:22,0,1,1791,111.3,1,0.0,0,0.0,999.8
2025-07-01 13:06:22,0,1,1791,111.3,1,0.0,0,0.0,999.8
2025-07-01 13:06:22,0,1,1791,111.3,1,0.0,0,0.0,999.8
2025-07-01 13:06:23,0,1,1791,111.3,1,0.0,0,0.0,999.8
2025-07-01 13:06:23,0,1,1791,111.3,1,0.0,0,0.0,999.8
2025-07-01 13:06:23,0,1,1788,111.3,1,0.0,0,0.0,1004.6
2025-07-01 13:06:23,0,1,1788,111.3,1,0.0,0,0.0,1004.6
2025-07-01 13:06:23,0,1,1788,111.3,1,0.0,0,0.0,1004.6
2025-07-01 13:06:23,0,1,1788,111.3,1,0.0,0,0.0,1004.6
2025-07-01 13:06:23,0,1,1788,111.3,1,0.0,0,0.0,1004.6
2025-07-01 13:06:23,0,1,1788,111.3,1,0.0,0,0.0,1004.6
2025-07-01 13:06:24,0,1,1788,111.3,1,0.0,0,0.0,1004.6
2025-07-01 13:06:24,0,1,1788,111.3,1,0.0,0,0.0,1004.6
2025-07-01 13:06:24,0,0,1979,111.3,1,0.0,0,0.0,1004.3
2025-07-01 13:06:24,0,0,1979,111.3,1,0.0,0,0.0,1004.3
2025-07-01 13:06:24,0,0,1979,111.3,1,0.0,0,0.0,1004.3
2025-07-01 13:06:24,0,0,1979,111.3,1,0.0,0,0.0,1004.3
2025-07-01 13:06:24,0,0,1979,111.3,1,0.0,0,0.0,1004.3
2025-07-01 13:06:24,0,0,1979,111.3,1,0.0,0,0.0,1004.3
2025-07-01 13:06:25,0,0,1979,111.3,1,0.0,0,0.0,1004.3
2025-07-01 13:06:25,0,0,1979,111.3,1,0.0,0,0.0,1004.3
2025-07-01 13:06:25,0,0,1979,111.3,1,0.0,0,0.0,1004.3
2025-07-01 13:06:25,0,0,1577,111.3,1,0.0,0,0.0,1001.0
2025-07-01 13:06:25,0,0,1577,111.3,1,0.0,0,0.0,1001.0
2025-07-01 13:06:25,0,0,1577,111.3,1,0.0,0,0.0,1001.0
2025-07-01 13:06:25,0,0,1577,111.3,1,0.0,0,0.0,1001.0
2025-07-01 13:06:25,0,0,1577,111.3,1,0.0,0,0.0,1001.0
2025-07-01 13:06:26,0,0,1577,111.3,1,0.0,0,0.0,1001.0
2025-07-01 13:06:26,0,0,1577,111.3,1,0.0,0,0.0,1001.0
2025-07-01 13:06:26,0,0,1577,111.3,1,0.0,0,0.0,1001.0
2025-07-01 13:06:26,0,0,1577,111.3,1,0.0,0,0.0,1001.0
2025-07-01 13:06:26,0,1,1788,111.3,1,0.0,0,0.0,1002.2
2025-07-01 13:06:26,0,1,1788,111.3,1,0.0,0,0.0,1002.2
2025-07-01 13:06:26,0,1,1788,111.3,1,0.0,0,0.0,1002.2
2025-07-01 13:06:26,0,1,1788,111.3,1,0.0,0,0.0,1002.2
2025-07-01 13:06:26,0,1,1788,111.3,1,0.0,0,0.0,1002.2
2025-07-01 13:06:27,0,1,1788,111.3,1,0.0,0,0.0,1002.2
2025-07-01 13:06:27,0,1,1788,111.3,1,0.0,0,0.0,1002.2
2025-07-01 13:06:27,0,1,1788,111.3,1,0.0,0,0.0,1002.2
2025-07-01 13:06:27,0,1,1788,111.3,1,0.0,0,0.0,1002.2
2025-07-01 13:06:27,0,0,1524,131.0,1,0.0,0,0.0,1004.4
2025-07-01 13:06:27,0,0,1524,131.0,1,0.0,0,0.0,1004.4
2025-07-01 13:06:27,0,0,1524,131.0,1,0.0,0,0.0,1004.4
2025-07-01 13:06:27,0,0,1524,131.0,1,0.0,0,0.0,1004.4
2025-07-01 13:06:28,0,0,1524,131.0,1,0.0,0,0.0,1004.4
2025-07-01 13:06:28,0,0,1524,131.0,1,0.0,0,0.0,1004.4
2025-07-01 13:06:28,0,0,1524,131.0,1,0.0,0,0.0,1004.4
2025-07-01 13:06:28,0,0,1375,131.0,1,0.0,0,0.0,1006.6
2025-07-01 13:06:28,0,0,1375,131.0,1,0.0,0,0.0,1006.6
2025-07-01 13:06:28,0,0,1375,131.0,1,0.0,0,0.0,1006.6
2025-07-01 13:06:28,0,0,1375,131.0,1,0.0,0,0.0,1006.6
2025-07-01 13:06:29,0,0,1375,131.0,1,0.0,0,0.0,1006.6
2025-07-01 13:06:29,0,0,1375,131.0,1,0.0,0,0.0,1006.6
2025-07-01 13:06:29,0,0,1375,131.0,1,0.0,0,0.0,1006.6
2025-07-01 13:06:29,0,0,1375,131.0,1,0.0,0,0.0,1006.6
2025-07-01 13:06:29,0,0,1375,131.0,1,0.0,0,0.0,1006.6
2025-07-01 13:06:29,0,0,1324,131.0,1,0.0,0,0.0,1004.4
2025-07-01 13:06:29,0,0,1324,131.0,1,0.0,0,0.0,1004.4
2025-07-01 13:06:29,0,0,1324,131.0,1,0.0,0,0.0,1004.4
2025-07-01 13:06:30,0,0,1324,131.0,1,0.0,0,0.0,1004.4
2025-07-01 13:06:30,0,0,1324,131.0,1,0.0,0,0.0,1004.4
2025-07-01 13:06:30,0,0,1324,131.0,1,0.0,0,0.0,1004.4
2025-07-01 13:06:30,0,0,1324,131.0,1,0.0,0,0.0,1004.4
2025-07-01 13:06:30,0,0,1324,131.0,1,0.0,0,0.0,1004.4
2025-07-01 13:06:30,0,0,1324,131.0,1,0.0,0,0.0,1004.4
2025-07-01 13:06:30,0,0,1942,198.7,1,0.0,0,0.0,1005.0
2025-07-01 13:06:30,0,0,1942,198.7,1,0.0,0,0.0,1005.0
2025-07-01 13:06:30,0,0,1942,198.7,1,0.0,0,0.0,1005.0
2025-07-01 13:06:31,0,0,1942,198.7,1,0.0,0,0.0,1005.0
2025-07-01 13:06:31,0,0,1942,198.7,1,0.0,0,0.0,1005.0
2025-07-01 13:06:31,0,0,1942,198.7,1,0.0,0,0.0,1005.0
2025-07-01 13:06:31,0,0,1942,198.7,1,0.0,0,0.0,1005.0
2025-07-01 13:06:31,0,0,1942,198.7,1,0.0,0,0.0,1005.0
2025-07-01 13:06:31,0,0,1942,198.7,1,0.0,0,0.0,1005.0
2025-07-01 13:06:31,0,1,1783,198.7,1,0.0,0,0.0,1005.2
2025-07-01 13:06:31,0,1,1783,198.7,1,0.0,0,0.0,1005.2
2025-07-01 13:06:32,0,1,1783,198.7,1,0.0,0,0.0,1005.2
2025-07-01 13:06:32,0,1,1783,198.7,1,0.0,0,0.0,1005.2
2025-07-01 13:06:32,0,1,1783,198.7,1,0.0,0,0.0,1005.2
2025-07-01 13:06:32,0,1,1783,198.7,1,0.0,0,0.0,1005.2
2025-07-01 13:06:32,0,1,1783,198.7,1,0.0,0,0.0,1005.2
2025-07-01 13:06:32,0,1,1783,198.7,1,0.0,0,0.0,1005.2
2025-07-01 13:06:32,0,0,1531,198.7,1,0.0,0,0.0,1006.1
2025-07-01 13:06:32,0,0,1531,198.7,1,0.0,0,0.0,1006.1
2025-07-01 13:06:33,0,0,1531,198.7,1,0.0,0,0.0,1006.1
2025-07-01 13:06:33,0,0,1531,198.7,1,0.0,0,0.0,1006.1
2025-07-01 13:06:33,0,0,1531,198.7,1,0.0,0,0.0,1006.1
2025-07-01 13:06:33,0,0,1531,198.7,1,0.0,0,0.0,1006.1
2025-07-01 13:06:33,0,0,1531,198.7,1,0.0,0,0.0,1006.1
2025-07-01 13:06:33,0,0,1952,143.2,1,0.0,0,0.0,1002.9
2025-07-01 13:06:33,0,0,1952,143.2,1,0.0,0,0.0,1002.9
2025-07-01 13:06:34,0,0,1952,143.2,1,0.0,0,0.0,1002.9
2025-07-01 13:06:34,0,0,1952,143.2,1,0.0,0,0.0,1002.9
2025-07-01 13:06:34,0,0,1952,143.2,1,0.0,0,0.0,1002.9
2025-07-01 13:06:34,0,0,1952,143.2,1,0.0,0,0.0,1002.9
2025-07-01 13:06:34,0,0,1952,143.2,1,0.0,0,0.0,1002.9
2025-07-01 13:06:34,0,0,1952,143.2,1,0.0,0,0.0,1002.9
2025-07-01 13:06:34,0,0,1484,143.2,1,0.0,0,0.0,1003.4
2025-07-01 13:06:34,0,0,1484,143.2,1,0.0,0,0.0,1003.4
2025-07-01 13:06:35,0,0,1484,143.2,1,0.0,0,0.0,1003.4
2025-07-01 13:06:35,0,0,1484,143.2,1,0.0,0,0.0,1003.4
2025-07-01 13:06:35,0,0,1484,143.2,1,0.0,0,0.0,1003.4
2025-07-01 13:06:35,0,0,1484,143.2,1,0.0,0,0.0,1003.4
2025-07-01 13:06:35,0,0,1484,143.2,1,0.0,0,0.0,1003.4
2025-07-01 13:06:35,0,0,1484,143.2,1,0.0,0,0.0,1003.4
2025-07-01 13:06:35,0,0,1484,143.2,1,0.0,0,0.0,1003.4
2025-07-01 13:06:35,0,0,1860,143.2,1,0.0,0,0.0,997.0
2025-07-01 13:06:36,0,0,1860,143.2,1,0.0,0,0.0,997.0
2025-07-01 13:06:36,0,0,1860,143.2,1,0.0,0,0.0,997.0
2025-07-01 13:06:36,0,0,1860,143.2,1,0.0,0,0.0,997.0
2025-07-01 13:06:36,0,0,1860,143.2,1,0.0,0,0.0,997.0
2025-07-01 13:06:36,0,0,1860,143.2,1,0.0,0,0.0,997.0
2025-07-01 13:06:36,0,0,1860,143.2,1,0.0,0,0.0,997.0
2025-07-01 13:06:36,0,0,1860,143.2,1,0.0,0,0.0,997.0
2025-07-01 13:06:36,0,0,1860,143.2,1,0.0,0,0.0,997.0
2025-07-01 13:06:37,0,1,1795,143.2,1,0.0,0,0.0,1001.5
2025-07-01 13:06:37,0,1,1795,143.2,1,0.0,0,0.0,1001.5
2025-07-01 13:06:37,0,1,1795,143.2,1,0.0,0,0.0,1001.5
2025-07-01 13:06:37,0,1,1795,143.2,1,0.0,0,0.0,1001.5
2025-07-01 13:06:37,0,1,1795,143.2,1,0.0,0,0.0,1001.5
2025-07-01 13:06:37,0,1,1795,143.2,1,0.0,0,0.0,1001.5
2025-07-01 13:06:37,0,1,1795,143.2,1,0.0,0,0.0,1001.5
2025-07-01 13:06:37,0,1,1795,143.2,1,0.0,0,0.0,1001.5
2025-07-01 13:06:38,0,0,1938,143.2,1,0.0,0,0.0,1007.4
2025-07-01 13:06:38,0,0,1938,143.2,1,0.0,0,0.0,1007.4
2025-07-01 13:06:38,0,0,1938,143.2,1,0.0,0,0.0,1007.4
2025-07-01 13:06:38,0,0,1938,143.2,1,0.0,0,0.0,1007.4
2025-07-01 13:06:38,0,0,1938,143.2,1,0.0,0,0.0,1007.4
2025-07-01 13:06:38,0,0,1938,143.2,1,0.0,0,0.0,1007.4
2025-07-01 13:06:38,0,0,1938,143.2,1,0.0,0,0.0,1007.4
2025-07-01 13:06:38,0,0,1938,143.2,1,0.0,0,0.0,1007.4
2025-07-01 13:06:38,0,0,1938,143.2,1,0.0,0,0.0,1007.4
2025-07-01 13:06:39,0,0,1503,167.1,1,0.0,0,0.0,997.4
2025-07-01 13:06:39,0,0,1503,167.1,1,0.0,0,0.0,997.4
2025-07-01 13:06:39,0,0,1503,167.1,1,0.0,0,0.0,997.4
2025-07-01 13:06:39,0,0,1503,167.1,1,0.0,0,0.0,997.4
2025-07-01 13:06:39,0,0,1503,167.1,1,0.0,0,0.0,997.4
2025-07-01 13:06:39,0,0,1503,167.1,1,0.0,0,0.0,997.4
2025-07-01 13:06:39,0,0,1503,167.1,1,0.0,0,0.0,997.4
2025-07-01 13:06:39,0,0,1503,167.1,1,0.0,0,0.0,997.4
2025-07-01 13:06:39,0,0,1503,167.1,1,0.0,0,0.0,997.4
2025-07-01 13:06:40,0,0,1503,167.1,1,0.0,0,0.0,997.4
2025-07-01 13:06:40,0,0,1980,167.1,1,0.0,0,0.0,1006.3
2025-07-01 13:06:40,0,0,1980,167.1,1,0.0,0,0.0,1006.3
2025-07-01 13:06:40,0,0,1980,167.1,1,0.0,0,0.0,1006.3
2025-07-01 13:06:40,0,0,1980,167.1,1,0.0,0,0.0,1006.3
2025-07-01 13:06:40,0,0,1980,167.1,1,0.0,0,0.0,1006.3
2025-07-01 13:06:40,0,0,1980,167.1,1,0.0,0,0.0,1006.3
2025-07-01 13:06:40,0,0,1980,167.1,1,0.0,0,0.0,1006.3
2025-07-01 13:06:41,0,0,1980,167.1,1,0.0,0,0.0,1006.3
2025-07-01 13:06:41,0,0,1980,167.1,1,0.0,0,0.0,1006.3
2025-07-01 13:06:41,0,1,1792,167.1,1,0.0,0,0.0,1002.5
2025-07-01 13:06:41,0,1,1792,167.1,1,0.0,0,0.0,1002.5
2025-07-01 13:06:41,0,1,1792,167.1,1,0.0,0,0.0,1002.5
2025-07-01 13:06:41,0,1,1792,167.1,1,0.0,0,0.0,1002.5
2025-07-01 13:06:41,0,1,1792,167.1,1,0.0,0,0.0,1002.5
2025-07-01 13:06:41,0,1,1792,167.1,1,0.0,0,0.0,1002.5
2025-07-01 13:06:42,0,1,1792,167.1,1,0.0,0,0.0,1002.5
2025-07-01 13:06:42,0,1,1792,167.1,1,0.0,0,0.0,1002.5
2025-07-01 13:06:42,0,0,1968,167.1,1,0.0,0,0.0,1001.6
2025-07-01 13:06:42,0,0,1968,167.1,1,0.0,0,0.0,1001.6
2025-07-01 13:06:42,0,0,1968,167.1,1,0.0,0,0.0,1001.6
2025-07-01 13:06:42,0,0,1968,167.1,1,0.0,0,0.0,1001.6
2025-07-01 13:06:42,0,0,1968,167.1,1,0.0,0,0.0,1001.6
2025-07-01 13:06:42,0,0,1968,167.1,1,0.0,0,0.0,1001.6
2025-07-01 13:06:43,0,0,1968,167.1,1,0.0,0,0.0,1001.6
2025-07-01 13:06:43,0,0,1968,167.1,1,0.0,0,0.0,1001.6
2025-07-01 13:06:43,0,0,1968,167.1,1,0.0,0,0.0,1001.6
2025-07-01 13:06:43,0,0,1488,167.1,1,0.0,0,0.0,1000.4
2025-07-01 13:06:43,0,0,1488,167.1,1,0.0,0,0.0,1000.4
2025-07-01 13:06:43,0,0,1488,167.1,1,0.0,0,0.0,1000.4
2025-07-01 13:06:43,0,0,1488,167.1,1,0.0,0,0.0,1000.4
2025-07-01 13:06:44,0,0,1488,167.1,1,0.0,0,0.0,1000.4
2025-07-01 13:06:44,0,0,1488,167.1,1,0.0,0,0.0,1000.4
2025-07-01 13:06:44,0,0,1488,167.1,1,0.0,0,0.0,1000.4
2025-07-01 13:06:44,0,0,1488,167.1,1,0.0,0,0.0,1000.4
2025-07-01 13:06:44,0,1,1786,186.9,1,0.0,0,0.0,1001.6
2025-07-01 13:06:44,0,1,1786,186.9,1,0.0,0,0.0,1001.6
2025-07-01 13:06:44,0,1,1786,186.9,1,0.0,0,0.0,1001.6
2025-07-01 13:06:44,0,1,1786,186.9,1,0.0,0,0.0,1001.6
2025-07-01 13:06:44,0,1,1786,186.9,1,0.0,0,0.0,1001.6
2025-07-01 13:06:45,0,1,1786,186.9,1,0.0,0,0.0,1001.6
2025-07-01 13:06:45,0,1,1786,186.9,1,0.0,0,0.0,1001.6
2025-07-01 13:06:45,0,1,1786,186.9,1,0.0,0,0.0,1001.6
2025-07-01 13:06:45,0,1,1786,186.9,1,0.0,0,0.0,1001.6
2025-07-01 13:06:45,0,1,1782,186.9,1,0.0,0,0.0,1006.7
2025-07-01 13:06:45,0,1,1782,186.9,1,0.0,0,0.0,1006.7
2025-07-01 13:06:45,0,1,1782,186.9,1,0.0,0,0.0,1006.7
2025-07-01 13:06:45,0,1,1782,186.9,1,0.0,0,0.0,1006.7
2025-07-01 13:06:45,0,1,1782,186.9,1,0.0,0,0.0,1006.7
2025-07-01 13:06:46,0,1,1782,186.9,1,0.0,0,0.0,1006.7
2025-07-01 13:06:46,0,1,1782,186.9,1,0.0,0,0.0,1006.7
2025-07-01 13:06:46,0,1,1782,186.9,1,0.0,0,0.0,1006.7
2025-07-01 13:06:46,0,1,1782,186.9,1,0.0,0,0.0,1006.7
2025-07-01 13:06:46,0,1,1782,186.9,1,0.0,0,0.0,1006.7
2025-07-01 13:06:46,0,0,1563,186.9,1,0.0,0,0.0,1001.3
2025-07-01 13:06:46,0,0,1563,186.9,1,0.0,0,0.0,1001.3
2025-07-01 13:06:46,0,0,1563,186.9,1,0.0,0,0.0,1001.3
2025-07-01 13:06:47,0,0,1563,186.9,1,0.0,0,0.0,1001.3
2025-07-01 13:06:47,0,0,1563,186.9,1,0.0,0,0.0,1001.3
2025-07-01 13:06:47,0,0,1563,186.9,1,0.0,0,0.0,1001.3
2025-07-01 13:06:47,0,0,1563,186.9,1,0.0,0,0.0,1001.3
2025-07-01 13:06:47,0,0,1563,186.9,1,0.0,0,0.0,1001.3
2025-07-01 13:06:47,0,1,1943,177.5,1,0.0,0,0.0,1005.3
2025-07-01 13:06:47,0,1,1943,177.5,1,0.0,0,0.0,1005.3
2025-07-01 13:06:47,0,1,1943,177.5,1,0.0,0,0.0,1005.3
2025-07-01 13:06:48,0,1,1943,177.5,1,0.0,0,0.0,1005.3
2025-07-01 13:06:48,0,1,1943,177.5,1,0.0,0,0.0,1005.3
2025-07-01 13:06:48,0,1,1943,177.5,1,0.0,0,0.0,1005.3
2025-07-01 13:06:48,0,1,1943,177.5,1,0.0,0,0.0,1005.3
2025-07-01 13:06:48,0,1,1943,177.5,1,0.0,0,0.0,1005.3
2025-07-01 13:06:48,0,1,1943,177.5,1,0.0,0,0.0,1005.3
2025-07-01 13:06:48,0,1,1943,177.5,1,0.0,0,0.0,1005.3
2025-07-01 13:06:48,0,1,1943,177.5,1,0.0,0,0.0,1005.3
2025-07-01 13:06:49,0,1,1943,177.5,1,0.0,0,0.0,1005.3
2025-07-01 13:06:49,0,1,1943,177.5,1,0.0,0,0.0,1005.3
2025-07-01 13:06:49,0,1,1943,177.5,1,0.0,0,0.0,1005.3
2025-07-01 13:06:49,0,1,1943,177.5,1,0.0,0,0.0,1005.3
2025-07-01 13:06:49,0,1,1943,177.5,1,0.0,0,0.0,1005.3
2025-07-01 13:06:49,0,1,1943,177.5,1,0.0,0,0.0,1005.3
2025-07-01 13:06:49,0,1,1943,177.5,1,0.0,0,0.0,1005.3
2025-07-01 13:06:49,0,1,1943,177.5,1,0.0,0,0.0,1005.3
2025-07-01 13:06:50,0,1,1943,177.5,1,0.0,0,0.0,1005.3
2025-07-01 13:06:50,0,1,1943,177.5,1,0.0,0,0.0,1005.3
2025-07-01 13:06:50,0,1,1943,177.5,1,0.0,0,0.0,1005.3
2025-07-01 13:06:50,0,1,1943,177.5,1,0.0,0,0.0,1005.3
2025-07-01 13:06:50,0,1,1943,177.5,1,0.0,0,0.0,1005.3
2025-07-01 13:06:50,0,1,1943,177.5,1,0.0,0,0.0,1005.3
2025-07-01 13:06:50,0,0,1965,177.5,1,0.0,0,0.0,998.5
2025-07-01 13:06:51,0,0,1965,177.5,1,0.0,0,0.0,998.5
2025-07-01 13:06:51,0,0,1965,177.5,1,0.0,0,0.0,998.5
2025-07-01 13:06:51,0,0,1965,177.5,1,0.0,0,0.0,998.5
2025-07-01 13:06:51,0,0,1965,177.5,1,0.0,0,0.0,998.5
2025-07-01 13:06:51,0,0,1965,177.5,1,0.0,0,0.0,998.5
2025-07-01 13:06:51,0,0,1965,177.5,1,0.0,0,0.0,998.5
2025-07-01 13:06:51,0,0,1965,177.5,1,0.0,0,0.0,998.5
2025-07-01 13:06:51,0,0,1825,177.5,1,0.0,0,0.0,1001.9
2025-07-01 13:06:52,0,0,1825,177.5,1,0.0,0,0.0,1001.9
2025-07-01 13:06:52,0,0,1825,177.5,1,0.0,0,0.0,1001.9
2025-07-01 13:06:52,0,0,1825,177.5,1,0.0,0,0.0,1001.9
2025-07-01 13:06:52,0,0,1825,177.5,1,0.0,0,0.0,1001.9
2025-07-01 13:06:52,0,0,1825,177.5,1,0.0,0,0.0,1001.9
2025-07-01 13:06:52,0,0,1825,177.5,1,0.0,0,0.0,1001.9
2025-07-01 13:06:52,0,0,1825,177.5,1,0.0,0,0.0,1001.9
2025-07-01 13:06:52,0,0,1825,177.5,1,0.0,0,0.0,1001.9
2025-07-01 13:06:52,0,1,1794,177.5,1,0.0,0,0.0,1003.8
2025-07-01 13:06:53,0,1,1794,177.5,1,0.0,0,0.0,1003.8
2025-07-01 13:06:53,0,1,1794,177.5,1,0.0,0,0.0,1003.8
2025-07-01 13:06:53,0,1,1794,177.5,1,0.0,0,0.0,1003.8
2025-07-01 13:06:53,0,1,1794,177.5,1,0.0,0,0.0,1003.8
2025-07-01 13:06:53,0,1,1794,177.5,1,0.0,0,0.0,1003.8
2025-07-01 13:06:53,0,1,1794,177.5,1,0.0,0,0.0,1003.8
2025-07-01 13:06:53,0,1,1794,177.5,1,0.0,0,0.0,1003.8
2025-07-01 13:06:53,0,1,1794,177.5,1,0.0,0,0.0,1003.8
2025-07-01 13:06:54,0,0,1805,111.5,1,0.0,0,0.0,999.9
2025-07-01 13:06:54,0,0,1805,111.5,1,0.0,0,0.0,999.9
2025-07-01 13:06:54,0,0,1805,111.5,1,0.0,0,0.0,999.9
2025-07-01 13:06:54,0,0,1805,111.5,1,0.0,0,0.0,999.9
2025-07-01 13:06:54,0,0,1805,111.5,1,0.0,0,0.0,999.9
2025-07-01 13:06:54,0,0,1805,111.5,1,0.0,0,0.0,999.9
2025-07-01 13:06:54,0,0,1805,111.5,1,0.0,0,0.0,999.9
2025-07-01 13:06:54,0,0,1805,111.5,1,0.0,0,0.0,999.9
2025-07-01 13:06:55,0,0,1805,111.5,1,0.0,0,0.0,999.9
2025-07-01 13:06:55,0,1,1795,111.5,1,0.0,0,0.0,1001.9
2025-07-01 13:06:55,0,1,1795,111.5,1,0.0,0,0.0,1001.9
2025-07-01 13:06:55,0,1,1795,111.5,1,0.0,0,0.0,1001.9
2025-07-01 13:06:55,0,1,1795,111.5,1,0.0,0,0.0,1001.9
2025-07-01 13:06:55,0,1,1795,111.5,1,0.0,0,0.0,1001.9
2025-07-01 13:06:55,0,1,1795,111.5,1,0.0,0,0.0,1001.9
2025-07-01 13:06:55,0,1,1795,111.5,1,0.0,0,0.0,1001.9
2025-07-01 13:06:55,0,1,1795,111.5,1,0.0,0,0.0,1001.9
2025-07-01 13:06:56,0,1,1795,111.5,1,0.0,0,0.0,1001.9
2025-07-01 13:06:56,0,0,1687,177.0,1,0.0,0,0.0,1002.4
2025-07-01 13:06:56,0,0,1687,177.0,1,0.0,0,0.0,1002.4
2025-07-01 13:06:56,0,0,1687,177.0,1,0.0,0,0.0,1002.4
2025-07-01 13:06:56,0,0,1687,177.0,1,0.0,0,0.0,1002.4
2025-07-01 13:06:56,0,0,1687,177.0,1,0.0,0,0.0,1002.4
2025-07-01 13:06:56,0,0,1687,177.0,1,0.0,0,0.0,1002.4
2025-07-01 13:06:57,0,0,1687,177.0,1,0.0,0,0.0,1002.4
2025-07-01 13:06:57,0,0,1687,177.0,1,0.0,0,0.0,1002.4
2025-07-01 13:06:57,0,1,1776,177.0,1,0.0,0,0.0,1000.8
2025-07-01 13:06:57,0,1,1776,177.0,1,0.0,0,0.0,1000.8
2025-07-01 13:06:57,0,1,1776,177.0,1,0.0,0,0.0,1000.8
2025-07-01 13:06:57,0,1,1776,177.0,1,0.0,0,0.0,1000.8
2025-07-01 13:06:57,0,1,1776,177.0,1,0.0,0,0.0,1000.8
2025-07-01 13:06:57,0,1,1776,177.0,1,0.0,0,0.0,1000.8
2025-07-01 13:06:58,0,1,1776,177.0,1,0.0,0,0.0,1000.8
2025-07-01 13:06:58,0,1,1776,177.0,1,0.0,0,0.0,1000.8
2025-07-01 13:06:58,0,0,1910,177.0,1,0.0,0,0.0,1004.3
2025-07-01 13:06:58,0,0,1910,177.0,1,0.0,0,0.0,1004.3
2025-07-01 13:06:58,0,0,1910,177.0,1,0.0,0,0.0,1004.3
2025-07-01 13:06:58,0,0,1910,177.0,1,0.0,0,0.0,1004.3
2025-07-01 13:06:58,0,0,1910,177.0,1,0.0,0,0.0,1004.3
2025-07-01 13:06:58,0,0,1910,177.0,1,0.0,0,0.0,1004.3
2025-07-01 13:06:59,0,0,1910,177.0,1,0.0,0,0.0,1004.3
2025-07-01 13:06:59,0,0,1910,177.0,1,0.0,0,0.0,1004.3
2025-07-01 13:06:59,0,0,1910,177.0,1,0.0,0,0.0,1004.3
2025-07-01 13:06:59,0,0,1962,177.0,1,0.0,0,0.0,1006.5
2025-07-01 13:06:59,0,0,1962,177.0,1,0.0,0,0.0,1006.5
2025-07-01 13:06:59,0,0,1962,177.0,1,0.0,0,0.0,1006.5
2025-07-01 13:06:59,0,0,1962,177.0,1,0.0,0,0.0,1006.5
2025-07-01 13:06:59,0,0,1962,177.0,1,0.0,0,0.0,1006.5
2025-07-01 13:06:59,0,0,1962,177.0,1,0.0,0,0.0,1006.5
2025-07-01 13:07:00,0,0,1962,177.0,1,0.0,0,0.0,1006.5
2025-07-01 13:07:00,0,0,1962,177.0,1,0.0,0,0.0,1006.5
2025-07-01 13:07:00,0,0,1962,177.0,1,0.0,0,0.0,1006.5
2025-07-01 13:07:00,0,0,1680,177.0,1,0.0,0,0.0,1005.4
2025-07-01 13:07:00,0,0,1680,177.0,1,0.0,0,0.0,1005.4
2025-07-01 13:07:00,0,0,1680,177.0,1,0.0,0,0.0,1005.4
2025-07-01 13:07:00,0,0,1680,177.0,1,0.0,0,0.0,1005.4
2025-07-01 13:07:00,0,0,1680,177.0,1,0.0,0,0.0,1005.4
2025-07-01 13:07:01,0,0,1680,177.0,1,0.0,0,0.0,1005.4
2025-07-01 13:07:01,0,0,1680,177.0,1,0.0,0,0.0,1005.4
2025-07-01 13:07:01,0,0,1680,177.0,1,0.0,0,0.0,1005.4
2025-07-01 13:07:01,0,1,1792,137.3,1,0.0,0,0.0,1006.2
2025-07-01 13:07:01,0,1,1792,137.3,1,0.0,0,0.0,1006.2
2025-07-01 13:07:01,0,1,1792,137.3,1,0.0,0,0.0,1006.2
2025-07-01 13:07:01,0,1,1792,137.3,1,0.0,0,0.0,1006.2
2025-07-01 13:07:01,0,1,1792,137.3,1,0.0,0,0.0,1006.2
2025-07-01 13:07:02,0,1,1792,137.3,1,0.0,0,0.0,1006.2
2025-07-01 13:07:02,0,1,1792,137.3,1,0.0,0,0.0,1006.2
2025-07-01 13:07:02,0,1,1792,137.3,1,0.0,0,0.0,1006.2
2025-07-01 13:07:02,0,0,1957,157.5,1,0.0,0,0.0,1003.6
2025-07-01 13:07:02,0,0,1957,157.5,1,0.0,0,0.0,1003.6
2025-07-01 13:07:02,0,0,1957,157.5,1,0.0,0,0.0,1003.6
2025-07-01 13:07:02,0,0,1957,157.5,1,0.0,0,0.0,1003.6
2025-07-01 13:07:02,0,0,1957,157.5,1,0.0,0,0.0,1003.6
2025-07-01 13:07:03,0,0,1957,157.5,1,0.0,0,0.0,1003.6
2025-07-01 13:07:03,0,0,1957,157.5,1,0.0,0,0.0,1003.6
2025-07-01 13:07:03,0,0,1957,157.5,1,0.0,0,0.0,1003.6
2025-07-01 13:07:03,0,1,1785,157.5,1,0.0,0,0.0,1005.2
2025-07-01 13:07:03,0,1,1785,157.5,1,0.0,0,0.0,1005.2
2025-07-01 13:07:03,0,1,1785,157.5,1,0.0,0,0.0,1005.2
2025-07-01 13:07:03,0,1,1785,157.5,1,0.0,0,0.0,1005.2
2025-07-01 13:07:04,0,1,1785,157.5,1,0.0,0,0.0,1005.2
2025-07-01 13:07:04,0,1,1785,157.5,1,0.0,0,0.0,1005.2
2025-07-01 13:07:04,0,1,1785,157.5,1,0.0,0,0.0,1005.2
2025-07-01 13:07:04,0,1,1785,157.5,1,0.0,0,0.0,1005.2
2025-07-01 13:07:04,0,0,1842,136.1,1,0.0,0,0.0,1001.0
2025-07-01 13:07:04,0,0,1842,136.1,1,0.0,0,0.0,1001.0
2025-07-01 13:07:04,0,0,1842,136.1,1,0.0,0,0.0,1001.0
2025-07-01 13:07:04,0,0,1842,136.1,1,0.0,0,0.0,1001.0
2025-07-01 13:07:04,0,0,1842,136.1,1,0.0,0,0.0,1001.0
2025-07-01 13:07:05,0,0,1842,136.1,1,0.0,0,0.0,1001.0
2025-07-01 13:07:05,0,0,1842,136.1,1,0.0,0,0.0,1001.0
2025-07-01 13:07:05,0,0,1842,136.1,1,0.0,0,0.0,1001.0
2025-07-01 13:07:05,0,1,1787,136.1,1,0.0,0,0.0,1006.1
2025-07-01 13:07:05,0,1,1787,136.1,1,0.0,0,0.0,1006.1
2025-07-01 13:07:05,0,1,1787,136.1,1,0.0,0,0.0,1006.1
2025-07-01 13:07:05,0,1,1787,136.1,1,0.0,0,0.0,1006.1
2025-07-01 13:07:06,0,1,1787,136.1,1,0.0,0,0.0,1006.1
2025-07-01 13:07:06,0,1,1787,136.1,1,0.0,0,0.0,1006.1
2025-07-01 13:07:06,0,1,1787,136.1,1,0.0,0,0.0,1006.1
2025-07-01 13:07:06,0,1,1787,136.1,1,0.0,0,0.0,1006.1
2025-07-01 13:07:06,0,1,1967,177.5,1,0.0,0,0.0,1003.1
2025-07-01 13:07:06,0,1,1967,177.5,1,0.0,0,0.0,1003.1
2025-07-01 13:07:06,0,1,1967,177.5,1,0.0,0,0.0,1003.1
2025-07-01 13:07:06,0,1,1967,177.5,1,0.0,0,0.0,1003.1
2025-07-01 13:07:07,0,1,1967,177.5,1,0.0,0,0.0,1003.1
2025-07-01 13:07:07,0,1,1967,177.5,1,0.0,0,0.0,1003.1
2025-07-01 13:07:07,0,1,1967,177.5,1,0.0,0,0.0,1003.1
2025-07-01 13:07:07,0,1,1967,177.5,1,0.0,0,0.0,1003.1
2025-07-01 13:07:07,0,1,1967,177.5,1,0.0,0,0.0,1003.1
2025-07-01 13:07:07,0,1,1786,177.5,1,0.0,0,0.0,1002.4
2025-07-01 13:07:07,0,1,1786,177.5,1,0.0,0,0.0,1002.4
2025-07-01 13:07:07,0,1,1786,177.5,1,0.0,0,0.0,1002.4
2025-07-01 13:07:08,0,1,1786,177.5,1,0.0,0,0.0,1002.4
2025-07-01 13:07:08,0,1,1786,177.5,1,0.0,0,0.0,1002.4
2025-07-01 13:07:08,0,1,1786,177.5,1,0.0,0,0.0,1002.4
2025-07-01 13:07:08,0,1,1786,177.5,1,0.0,0,0.0,1002.4
2025-07-01 13:07:08,0,1,1786,177.5,1,0.0,0,0.0,1002.4
2025-07-01 13:07:08,0,1,1786,177.5,1,0.0,0,0.0,1002.4
2025-07-01 13:07:08,0,0,1948,177.5,1,0.0,0,0.0,998.4
2025-07-01 13:07:08,0,0,1948,177.5,1,0.0,0,0.0,998.4
2025-07-01 13:07:08,0,0,1948,177.5,1,0.0,0,0.0,998.4
2025-07-01 13:07:09,0,0,1948,177.5,1,0.0,0,0.0,998.4
2025-07-01 13:07:09,0,0,1948,177.5,1,0.0,0,0.0,998.4
2025-07-01 13:07:09,0,0,1948,177.5,1,0.0,0,0.0,998.4
2025-07-01 13:07:09,0,0,1948,177.5,1,0.0,0,0.0,998.4
2025-07-01 13:07:09,0,0,1948,177.5,1,0.0,0,0.0,998.4
2025-07-01 13:07:09,0,1,1788,166.7,1,0.0,0,0.0,1006.2
2025-07-01 13:07:09,0,1,1788,166.7,1,0.0,0,0.0,1006.2
2025-07-01 13:07:09,0,1,1788,166.7,1,0.0,0,0.0,1006.2
2025-07-01 13:07:10,0,1,1788,166.7,1,0.0,0,0.0,1006.2
2025-07-01 13:07:10,0,1,1788,166.7,1,0.0,0,0.0,1006.2
2025-07-01 13:07:10,0,1,1788,166.7,1,0.0,0,0.0,1006.2
2025-07-01 13:07:10,0,1,1788,166.7,1,0.0,0,0.0,1006.2
2025-07-01 13:07:10,0,1,1788,166.7,1,0.0,0,0.0,1006.2
2025-07-01 13:07:10,0,0,1771,166.7,1,0.0,0,0.0,1002.8
2025-07-01 13:07:10,0,0,1771,166.7,1,0.0,0,0.0,1002.8
2025-07-01 13:07:11,0,0,1771,166.7,1,0.0,0,0.0,1002.8
2025-07-01 13:07:11,0,0,1771,166.7,1,0.0,0,0.0,1002.8
2025-07-01 13:07:11,0,0,1771,166.7,1,0.0,0,0.0,1002.8
2025-07-01 13:07:11,0,0,1771,166.7,1,0.0,0,0.0,1002.8
2025-07-01 13:07:11,0,0,1771,166.7,1,0.0,0,0.0,1002.8
2025-07-01 13:07:11,0,0,1771,166.7,1,0.0,0,0.0,1002.8
2025-07-01 13:07:11,0,0,1771,166.7,1,0.0,0,0.0,1002.8
2025-07-01 13:07:11,0,1,1794,166.7,1,0.0,0,0.0,1000.9
2025-07-01 13:07:11,0,1,1794,166.7,1,0.0,0,0.0,1000.9
2025-07-01 13:07:12,0,1,1794,166.7,1,0.0,0,0.0,1000.9
2025-07-01 13:07:12,0,1,1794,166.7,1,0.0,0,0.0,1000.9
2025-07-01 13:07:12,0,1,1794,166.7,1,0.0,0,0.0,1000.9
2025-07-01 13:07:12,0,1,1794,166.7,1,0.0,0,0.0,1000.9
2025-07-01 13:07:12,0,1,1794,166.7,1,0.0,0,0.0,1000.9
2025-07-01 13:07:12,0,1,1794,166.7,1,0.0,0,0.0,1000.9
2025-07-01 13:07:12,0,0,1819,166.7,1,0.0,0,0.0,1001.8
2025-07-01 13:07:12,0,0,1819,166.7,1,0.0,0,0.0,1001.8
2025-07-01 13:07:13,0,0,1819,166.7,1,0.0,0,0.0,1001.8
2025-07-01 13:07:13,0,0,1819,166.7,1,0.0,0,0.0,1001.8
2025-07-01 13:07:13,0,0,1819,166.7,1,0.0,0,0.0,1001.8
2025-07-01 13:07:13,0,0,1819,166.7,1,0.0,0,0.0,1001.8
2025-07-01 13:07:13,0,0,1819,166.7,1,0.0,0,0.0,1001.8
2025-07-01 13:07:13,0,0,1819,166.7,1,0.0,0,0.0,1001.8
2025-07-01 13:07:13,0,0,1819,166.7,1,0.0,0,0.0,1001.8
2025-07-01 13:07:13,0,0,1973,166.7,1,0.0,0,0.0,1001.5
2025-07-01 13:07:14,0,0,1973,166.7,1,0.0,0,0.0,1001.5
2025-07-01 13:07:14,0,0,1973,166.7,1,0.0,0,0.0,1001.5
2025-07-01 13:07:14,0,0,1973,166.7,1,0.0,0,0.0,1001.5
2025-07-01 13:07:14,0,0,1973,166.7,1,0.0,0,0.0,1001.5
2025-07-01 13:07:14,0,0,1973,166.7,1,0.0,0,0.0,1001.5
2025-07-01 13:07:14,0,0,1973,166.7,1,0.0,0,0.0,1001.5
2025-07-01 13:07:14,0,0,1973,166.7,1,0.0,0,0.0,1001.5
2025-07-01 13:07:14,0,1,1795,166.7,1,0.0,0,0.0,1004.9
2025-07-01 13:07:15,0,1,1795,166.7,1,0.0,0,0.0,1004.9
2025-07-01 13:07:15,0,1,1795,166.7,1,0.0,0,0.0,1004.9
2025-07-01 13:07:15,0,1,1795,166.7,1,0.0,0,0.0,1004.9
2025-07-01 13:07:16,0,1,1795,166.7,1,0.0,0,0.0,1004.9
2025-07-01 13:07:16,0,1,1791,166.7,1,0.0,0,0.0,1003.5
2025-07-01 13:07:16,0,1,1791,166.7,1,0.0,0,0.0,1003.5
2025-07-01 13:07:16,0,1,1791,166.7,1,0.0,0,0.0,1003.5
2025-07-01 13:07:16,0,1,1791,166.7,1,0.0,0,0.0,1003.5
2025-07-01 13:07:16,0,1,1791,166.7,1,0.0,0,0.0,1003.5
2025-07-01 13:07:16,0,1,1791,166.7,1,0.0,0,0.0,1003.5
2025-07-01 13:07:16,0,1,1791,166.7,1,0.0,0,0.0,1003.5
2025-07-01 13:07:16,0,1,1791,166.7,1,0.0,0,0.0,1003.5
2025-07-01 13:07:17,0,1,1791,166.7,1,0.0,0,0.0,1003.5
2025-07-01 13:07:17,0,1,1791,166.7,1,0.0,0,0.0,1003.5
2025-07-01 13:07:17,0,1,1791,166.7,1,0.0,0,0.0,1003.5
2025-07-01 13:07:17,0,1,1791,166.7,1,0.0,0,0.0,1003.5
2025-07-01 13:07:17,0,1,1791,166.7,1,0.0,0,0.0,1003.5
2025-07-01 13:07:17,0,1,1791,166.7,1,0.0,0,0.0,1003.5
2025-07-01 13:07:17,0,1,1791,166.7,1,0.0,0,0.0,1003.5
2025-07-01 13:07:17,0,1,1791,166.7,1,0.0,0,0.0,1003.5
2025-07-01 13:07:18,0,1,1791,166.7,1,0.0,0,0.0,1003.5
2025-07-01 13:07:18,0,0,1965,166.7,1,0.0,0,0.0,1005.8
2025-07-01 13:07:18,0,0,1965,166.7,1,0.0,0,0.0,1005.8
2025-07-01 13:07:18,0,0,1965,166.7,1,0.0,0,0.0,1005.8
2025-07-01 13:07:18,0,0,1965,166.7,1,0.0,0,0.0,1005.8
2025-07-01 13:07:18,0,0,1965,166.7,1,0.0,0,0.0,1005.8
2025-07-01 13:07:18,0,0,1965,166.7,1,0.0,0,0.0,1005.8
2025-07-01 13:07:18,0,0,1965,166.7,1,0.0,0,0.0,1005.8
2025-07-01 13:07:19,0,0,1965,166.7,1,0.0,0,0.0,1005.8
2025-07-01 13:07:19,0,0,1965,166.7,1,0.0,0,0.0,1005.8
2025-07-01 13:07:19,0,1,1773,166.7,1,0.0,0,0.0,1001.7
2025-07-01 13:07:19,0,1,1773,166.7,1,0.0,0,0.0,1001.7
2025-07-01 13:07:19,0,1,1773,166.7,1,0.0,0,0.0,1001.7
2025-07-01 13:07:19,0,1,1773,166.7,1,0.0,0,0.0,1001.7
2025-07-01 13:07:19,0,1,1773,166.7,1,0.0,0,0.0,1001.7
2025-07-01 13:07:19,0,1,1773,166.7,1,0.0,0,0.0,1001.7
2025-07-01 13:07:20,0,1,1773,166.7,1,0.0,0,0.0,1001.7
2025-07-01 13:07:20,0,1,1773,166.7,1,0.0,0,0.0,1001.7
2025-07-01 13:07:20,0,1,1773,166.7,1,0.0,0,0.0,1001.7
2025-07-01 13:07:20,0,1,1792,166.7,1,0.0,0,0.0,1000.7
2025-07-01 13:07:20,0,1,1792,166.7,1,0.0,0,0.0,1000.7
2025-07-01 13:07:20,0,1,1792,166.7,1,0.0,0,0.0,1000.7
2025-07-01 13:07:20,0,1,1792,166.7,1,0.0,0,0.0,1000.7
2025-07-01 13:07:20,0,1,1792,166.7,1,0.0,0,0.0,1000.7
2025-07-01 13:07:21,0,1,1792,166.7,1,0.0,0,0.0,1000.7
2025-07-01 13:07:21,0,1,1792,166.7,1,0.0,0,0.0,1000.7
2025-07-01 13:07:21,0,1,1792,166.7,1,0.0,0,0.0,1000.7
2025-07-01 13:07:21,0,1,1781,166.7,1,0.0,0,0.0,1005.5
2025-07-01 13:07:21,0,1,1781,166.7,1,0.0,0,0.0,1005.5
2025-07-01 13:07:21,0,1,1781,166.7,1,0.0,0,0.0,1005.5
2025-07-01 13:07:21,0,1,1781,166.7,1,0.0,0,0.0,1005.5
2025-07-01 13:07:21,0,1,1781,166.7,1,0.0,0,0.0,1005.5
2025-07-01 13:07:22,0,1,1781,166.7,1,0.0,0,0.0,1005.5
2025-07-01 13:07:22,0,1,1781,166.7,1,0.0,0,0.0,1005.5
2025-07-01 13:07:22,0,1,1781,166.7,1,0.0,0,0.0,1005.5
2025-07-01 13:07:22,0,0,1980,166.7,1,0.0,0,0.0,1001.7
2025-07-01 13:07:22,0,0,1980,166.7,1,0.0,0,0.0,1001.7
2025-07-01 13:07:22,0,0,1980,166.7,1,0.0,0,0.0,1001.7
2025-07-01 13:07:22,0,0,1980,166.7,1,0.0,0,0.0,1001.7
2025-07-01 13:07:22,0,0,1980,166.7,1,0.0,0,0.0,1001.7
2025-07-01 13:07:23,0,0,1980,166.7,1,0.0,0,0.0,1001.7
2025-07-01 13:07:23,0,0,1980,166.7,1,0.0,0,0.0,1001.7
2025-07-01 13:07:23,0,0,1980,166.7,1,0.0,0,0.0,1001.7
2025-07-01 13:07:23,0,0,1980,166.7,1,0.0,0,0.0,1001.7
2025-07-01 13:07:23,0,1,1783,166.7,1,0.0,0,0.0,1006.3
2025-07-01 13:07:23,0,1,1783,166.7,1,0.0,0,0.0,1006.3
2025-07-01 13:07:23,0,1,1783,166.7,1,0.0,0,0.0,1006.3
2025-07-01 13:07:23,0,1,1783,166.7,1,0.0,0,0.0,1006.3
2025-07-01 13:07:24,0,1,1783,166.7,1,0.0,0,0.0,1006.3
2025-07-01 13:07:24,0,1,1783,166.7,1,0.0,0,0.0,1006.3
2025-07-01 13:07:24,0,1,1783,166.7,1,0.0,0,0.0,1006.3
2025-07-01 13:07:24,0,1,1783,166.7,1,0.0,0,0.0,1006.3
2025-07-01 13:07:24,0,0,1847,166.7,1,0.0,0,0.0,1009.1
2025-07-01 13:07:24,0,0,1847,166.7,1,0.0,0,0.0,1009.1
2025-07-01 13:07:24,0,0,1847,166.7,1,0.0,0,0.0,1009.1
2025-07-01 13:07:24,0,0,1847,166.7,1,0.0,0,0.0,1009.1
2025-07-01 13:07:25,0,0,1847,166.7,1,0.0,0,0.0,1009.1
2025-07-01 13:07:25,0,0,1847,166.7,1,0.0,0,0.0,1009.1
2025-07-01 13:07:25,0,0,1847,166.7,1,0.0,0,0.0,1009.1
2025-07-01 13:07:25,0,0,1847,166.7,1,0.0,0,0.0,1009.1
2025-07-01 13:07:25,0,0,1958,166.7,1,0.0,0,0.0,1004.5
2025-07-01 13:07:25,0,0,1958,166.7,1,0.0,0,0.0,1004.5
2025-07-01 13:07:25,0,0,1958,166.7,1,0.0,0,0.0,1004.5
2025-07-01 13:07:25,0,0,1958,166.7,1,0.0,0,0.0,1004.5
2025-07-01 13:07:26,0,0,1958,166.7,1,0.0,0,0.0,1004.5
2025-07-01 13:07:26,0,0,1958,166.7,1,0.0,0,0.0,1004.5
2025-07-01 13:07:26,0,0,1958,166.7,1,0.0,0,0.0,1004.5
2025-07-01 13:07:26,0,0,1958,166.7,1,0.0,0,0.0,1004.5
2025-07-01 13:07:26,0,0,1958,166.7,1,0.0,0,0.0,1004.5
2025-07-01 13:07:26,0,0,1734,166.7,1,0.0,0,0.0,1001.9
2025-07-01 13:07:26,0,0,1734,166.7,1,0.0,0,0.0,1001.9
2025-07-01 13:07:26,0,0,1734,166.7,1,0.0,0,0.0,1001.9
2025-07-01 13:07:27,0,0,1734,166.7,1,0.0,0,0.0,1001.9
2025-07-01 13:07:27,0,0,1734,166.7,1,0.0,0,0.0,1001.9
2025-07-01 13:07:27,0,0,1734,166.7,1,0.0,0,0.0,1001.9
2025-07-01 13:07:27,0,0,1734,166.7,1,0.0,0,0.0,1001.9
2025-07-01 13:07:27,0,0,1734,166.7,1,0.0,0,0.0,1001.9
2025-07-01 13:07:27,0,0,1737,176.5,1,0.0,0,0.0,1008.2
2025-07-01 13:07:27,0,0,1737,176.5,1,0.0,0,0.0,1008.2
2025-07-01 13:07:27,0,0,1737,176.5,1,0.0,0,0.0,1008.2
2025-07-01 13:07:27,0,0,1737,176.5,1,0.0,0,0.0,1008.2
2025-07-01 13:07:28,0,0,1737,176.5,1,0.0,0,0.0,1008.2
2025-07-01 13:07:28,0,0,1737,176.5,1,0.0,0,0.0,1008.2
2025-07-01 13:07:28,0,0,1737,176.5,1,0.0,0,0.0,1008.2
2025-07-01 13:07:28,0,0,1737,176.5,1,0.0,0,0.0,1008.2
2025-07-01 13:07:28,0,0,1737,176.5,1,0.0,0,0.0,1008.2
2025-07-01 13:07:28,0,0,1641,176.5,1,0.0,0,0.0,1006.5
2025-07-01 13:07:28,0,0,1641,176.5,1,0.0,0,0.0,1006.5
2025-07-01 13:07:29,0,0,1641,176.5,1,0.0,0,0.0,1006.5
2025-07-01 13:07:29,0,0,1641,176.5,1,0.0,0,0.0,1006.5
2025-07-01 13:07:29,0,0,1641,176.5,1,0.0,0,0.0,1006.5
2025-07-01 13:07:29,0,0,1641,176.5,1,0.0,0,0.0,1006.5
2025-07-01 13:07:29,0,0,1641,176.5,1,0.0,0,0.0,1006.5
2025-07-01 13:07:29,0,0,1641,176.5,1,0.0,0,0.0,1006.5
2025-07-01 13:07:29,0,0,1689,176.5,1,0.0,0,0.0,1005.4
2025-07-01 13:07:29,0,0,1689,176.5,1,0.0,0,0.0,1005.4
2025-07-01 13:07:29,0,0,1689,176.5,1,0.0,0,0.0,1005.4
2025-07-01 13:07:30,0,0,1689,176.5,1,0.0,0,0.0,1005.4
2025-07-01 13:07:30,0,0,1689,176.5,1,0.0,0,0.0,1005.4
2025-07-01 13:07:30,0,0,1689,176.5,1,0.0,0,0.0,1005.4
2025-07-01 13:07:30,0,0,1689,176.5,1,0.0,0,0.0,1005.4
2025-07-01 13:07:30,0,0,1689,176.5,1,0.0,0,0.0,1005.4
2025-07-01 13:07:30,0,0,1972,176.5,1,0.0,0,0.0,1006.2
2025-07-01 13:07:30,0,0,1972,176.5,1,0.0,0,0.0,1006.2
2025-07-01 13:07:31,0,0,1972,176.5,1,0.0,0,0.0,1006.2
2025-07-01 13:07:31,0,0,1972,176.5,1,0.0,0,0.0,1006.2
2025-07-01 13:07:31,0,0,1972,176.5,1,0.0,0,0.0,1006.2
2025-07-01 13:07:31,0,0,1972,176.5,1,0.0,0,0.0,1006.2
2025-07-01 13:07:31,0,0,1972,176.5,1,0.0,0,0.0,1006.2
2025-07-01 13:07:31,0,0,1972,176.5,1,0.0,0,0.0,1006.2
2025-07-01 13:07:31,0,0,1972,176.5,1,0.0,0,0.0,1006.2
2025-07-01 13:07:31,0,1,1773,176.5,1,0.0,0,0.0,1003.2
2025-07-01 13:07:31,0,1,1773,176.5,1,0.0,0,0.0,1003.2
2025-07-01 13:07:32,0,1,1773,176.5,1,0.0,0,0.0,1003.2
2025-07-01 13:07:32,0,1,1773,176.5,1,0.0,0,0.0,1003.2
2025-07-01 13:07:32,0,1,1773,176.5,1,0.0,0,0.0,1003.2
2025-07-01 13:07:32,0,1,1773,176.5,1,0.0,0,0.0,1003.2
2025-07-01 13:07:32,0,1,1773,176.5,1,0.0,0,0.0,1003.2
2025-07-01 13:07:32,0,1,1773,176.5,1,0.0,0,0.0,1003.2
2025-07-01 13:07:32,0,1,1773,176.5,1,0.0,0,0.0,1003.2
2025-07-01 13:07:32,0,1,1794,176.5,1,0.0,0,0.0,1007.1
2025-07-01 13:07:33,0,1,1794,176.5,1,0.0,0,0.0,1007.1
2025-07-01 13:07:33,0,1,1794,176.5,1,0.0,0,0.0,1007.1
2025-07-01 13:07:33,0,1,1794,176.5,1,0.0,0,0.0,1007.1
2025-07-01 13:07:33,0,1,1794,176.5,1,0.0,0,0.0,1007.1
2025-07-01 13:07:33,0,1,1794,176.5,1,0.0,0,0.0,1007.1
2025-07-01 13:07:33,0,1,1794,176.5,1,0.0,0,0.0,1007.1
2025-07-01 13:07:33,0,1,1778,176.5,1,0.0,0,0.0,997.3
2025-07-01 13:07:34,0,1,1778,176.5,1,0.0,0,0.0,997.3
2025-07-01 13:07:34,0,1,1778,176.5,1,0.0,0,0.0,997.3
2025-07-01 13:07:34,0,1,1778,176.5,1,0.0,0,0.0,997.3
2025-07-01 13:07:34,0,1,1778,176.5,1,0.0,0,0.0,997.3
2025-07-01 13:07:34,0,1,1778,176.5,1,0.0,0,0.0,997.3
2025-07-01 13:07:34,0,1,1778,176.5,1,0.0,0,0.0,997.3
2025-07-01 13:07:34,0,1,1778,176.5,1,0.0,0,0.0,997.3
2025-07-01 13:07:34,0,1,1795,176.5,1,0.0,0,0.0,1002.3
2025-07-01 13:07:35,0,1,1795,176.5,1,0.0,0,0.0,1002.3
2025-07-01 13:07:35,0,1,1795,176.5,1,0.0,0,0.0,1002.3
2025-07-01 13:07:35,0,1,1795,176.5,1,0.0,0,0.0,1002.3
2025-07-01 13:07:35,0,1,1795,176.5,1,0.0,0,0.0,1002.3
2025-07-01 13:07:35,0,1,1795,176.5,1,0.0,0,0.0,1002.3
2025-07-01 13:07:35,0,1,1795,176.5,1,0.0,0,0.0,1002.3
2025-07-01 13:07:35,0,1,1795,176.5,1,0.0,0,0.0,1002.3
2025-07-01 13:07:35,0,1,1803,137.0,1,0.0,0,0.0,1004.0
2025-07-01 13:07:36,0,1,1803,137.0,1,0.0,0,0.0,1004.0
2025-07-01 13:07:36,0,1,1803,137.0,1,0.0,0,0.0,1004.0
2025-07-01 13:07:36,0,1,1803,137.0,1,0.0,0,0.0,1004.0
2025-07-01 13:07:36,0,1,1803,137.0,1,0.0,0,0.0,1004.0
2025-07-01 13:07:36,0,1,1803,137.0,1,0.0,0,0.0,1004.0
2025-07-01 13:07:36,0,1,1803,137.0,1,0.0,0,0.0,1004.0
2025-07-01 13:07:36,0,1,1803,137.0,1,0.0,0,0.0,1004.0
2025-07-01 13:07:36,0,1,1803,137.0,1,0.0,0,0.0,1004.0
2025-07-01 13:07:37,0,0,1966,137.0,1,0.0,0,0.0,1000.0
2025-07-01 13:07:37,0,0,1966,137.0,1,0.0,0,0.0,1000.0
2025-07-01 13:07:37,0,0,1966,137.0,1,0.0,0,0.0,1000.0
2025-07-01 13:07:37,0,0,1966,137.0,1,0.0,0,0.0,1000.0
2025-07-01 13:07:37,0,0,1966,137.0,1,0.0,0,0.0,1000.0
2025-07-01 13:07:37,0,0,1966,137.0,1,0.0,0,0.0,1000.0
2025-07-01 13:07:37,0,0,1966,137.0,1,0.0,0,0.0,1000.0
2025-07-01 13:07:37,0,0,1966,137.0,1,0.0,0,0.0,1000.0
2025-07-01 13:07:38,0,0,1966,137.0,1,0.0,0,0.0,1000.0
2025-07-01 13:07:38,0,0,1557,137.0,1,0.0,0,0.0,1003.1
2025-07-01 13:07:38,0,0,1557,137.0,1,0.0,0,0.0,1003.1
2025-07-01 13:07:38,0,0,1557,137.0,1,0.0,0,0.0,1003.1
2025-07-01 13:07:38,0,0,1557,137.0,1,0.0,0,0.0,1003.1
2025-07-01 13:07:38,0,0,1557,137.0,1,0.0,0,0.0,1003.1
2025-07-01 13:07:38,0,0,1557,137.0,1,0.0,0,0.0,1003.1
2025-07-01 13:07:38,0,0,1557,137.0,1,0.0,0,0.0,1003.1
2025-07-01 13:07:39,0,0,1557,137.0,1,0.0,0,0.0,1003.1
2025-07-01 13:07:39,0,1,1776,186.9,1,0.0,0,0.0,1001.4
2025-07-01 13:07:39,0,1,1776,186.9,1,0.0,0,0.0,1001.4
2025-07-01 13:07:39,0,1,1776,186.9,1,0.0,0,0.0,1001.4
2025-07-01 13:07:39,0,1,1776,186.9,1,0.0,0,0.0,1001.4
2025-07-01 13:07:39,0,1,1776,186.9,1,0.0,0,0.0,1001.4
2025-07-01 13:07:39,0,1,1776,186.9,1,0.0,0,0.0,1001.4
2025-07-01 13:07:39,0,1,1776,186.9,1,0.0,0,0.0,1001.4
2025-07-01 13:07:40,0,1,1776,186.9,1,0.0,0,0.0,1001.4
2025-07-01 13:07:40,0,1,1786,186.9,1,0.0,0,0.0,1001.1
2025-07-01 13:07:40,0,1,1786,186.9,1,0.0,0,0.0,1001.1
2025-07-01 13:07:40,0,1,1786,186.9,1,0.0,0,0.0,1001.1
2025-07-01 13:07:40,0,1,1786,186.9,1,0.0,0,0.0,1001.1
2025-07-01 13:07:40,0,1,1786,186.9,1,0.0,0,0.0,1001.1
2025-07-01 13:07:40,0,1,1786,186.9,1,0.0,0,0.0,1001.1
2025-07-01 13:07:40,0,1,1786,186.9,1,0.0,0,0.0,1001.1
2025-07-01 13:07:40,0,1,1786,186.9,1,0.0,0,0.0,1001.1
2025-07-01 13:07:41,0,1,1786,186.9,1,0.0,0,0.0,1001.1
2025-07-01 13:07:41,0,1,1777,186.9,1,0.0,0,0.0,1002.0
2025-07-01 13:07:41,0,1,1777,186.9,1,0.0,0,0.0,1002.0
2025-07-01 13:07:41,0,1,1777,186.9,1,0.0,0,0.0,1002.0
2025-07-01 13:07:41,0,1,1777,186.9,1,0.0,0,0.0,1002.0
2025-07-01 13:07:41,0,1,1777,186.9,1,0.0,0,0.0,1002.0
2025-07-01 13:07:41,0,1,1777,186.9,1,0.0,0,0.0,1002.0
2025-07-01 13:07:41,0,1,1777,186.9,1,0.0,0,0.0,1002.0
2025-07-01 13:07:42,0,1,1777,186.9,1,0.0,0,0.0,1002.0
2025-07-01 13:07:42,0,1,1777,186.9,1,0.0,0,0.0,1002.0
2025-07-01 13:07:42,0,0,1984,186.9,1,0.0,0,0.0,1002.2
2025-07-01 13:07:42,0,0,1984,186.9,1,0.0,0,0.0,1002.2
2025-07-01 13:07:42,0,0,1984,186.9,1,0.0,0,0.0,1002.2
2025-07-01 13:07:42,0,0,1984,186.9,1,0.0,0,0.0,1002.2
2025-07-01 13:07:42,0,0,1984,186.9,1,0.0,0,0.0,1002.2
2025-07-01 13:07:42,0,0,1984,186.9,1,0.0,0,0.0,1002.2
2025-07-01 13:07:42,0,0,1984,186.9,1,0.0,0,0.0,1002.2
2025-07-01 13:07:43,0,0,1984,186.9,1,0.0,0,0.0,1002.2
2025-07-01 13:07:43,0,0,1984,186.9,1,0.0,0,0.0,1002.2
2025-07-01 13:07:43,0,1,1786,188.1,1,0.0,0,0.0,1002.8
2025-07-01 13:07:43,0,1,1786,188.1,1,0.0,0,0.0,1002.8
2025-07-01 13:07:43,0,1,1786,188.1,1,0.0,0,0.0,1002.8
2025-07-01 13:07:43,0,1,1786,188.1,1,0.0,0,0.0,1002.8
2025-07-01 13:07:43,0,1,1786,188.1,1,0.0,0,0.0,1002.8
2025-07-01 13:07:44,0,1,1786,188.1,1,0.0,0,0.0,1002.8
2025-07-01 13:07:44,0,1,1786,188.1,1,0.0,0,0.0,1002.8
2025-07-01 13:07:44,0,1,1786,188.1,1,0.0,0,0.0,1002.8
2025-07-01 13:07:44,0,0,1862,188.1,1,0.0,0,0.0,997.5
2025-07-01 13:07:44,0,0,1862,188.1,1,0.0,0,0.0,997.5
2025-07-01 13:07:44,0,0,1862,188.1,1,0.0,0,0.0,997.5
2025-07-01 13:07:44,0,0,1862,188.1,1,0.0,0,0.0,997.5
2025-07-01 13:07:44,0,0,1862,188.1,1,0.0,0,0.0,997.5
2025-07-01 13:07:44,0,0,1862,188.1,1,0.0,0,0.0,997.5
2025-07-01 13:07:45,0,0,1862,188.1,1,0.0,0,0.0,997.5
2025-07-01 13:07:45,0,0,1862,188.1,1,0.0,0,0.0,997.5
2025-07-01 13:07:45,0,0,1862,188.1,1,0.0,0,0.0,997.5
2025-07-01 13:07:45,0,1,1794,188.1,1,0.0,0,0.0,1000.5
2025-07-01 13:07:45,0,1,1794,188.1,1,0.0,0,0.0,1000.5
2025-07-01 13:07:45,0,1,1794,188.1,1,0.0,0,0.0,1000.5
2025-07-01 13:07:45,0,1,1794,188.1,1,0.0,0,0.0,1000.5
2025-07-01 13:07:45,0,1,1794,188.1,1,0.0,0,0.0,1000.5
2025-07-01 13:07:46,0,1,1794,188.1,1,0.0,0,0.0,1000.5
2025-07-01 13:07:46,0,1,1794,188.1,1,0.0,0,0.0,1000.5
2025-07-01 13:07:46,0,1,1794,188.1,1,0.0,0,0.0,1000.5
2025-07-01 13:07:46,0,1,1794,188.1,1,0.0,0,0.0,1000.5
2025-07-01 13:07:46,0,1,1772,188.1,1,0.0,0,0.0,1001.1
2025-07-01 13:07:46,0,1,1772,188.1,1,0.0,0,0.0,1001.1
2025-07-01 13:07:46,0,1,1772,188.1,1,0.0,0,0.0,1001.1
2025-07-01 13:07:46,0,1,1772,188.1,1,0.0,0,0.0,1001.1
2025-07-01 13:07:47,0,1,1772,188.1,1,0.0,0,0.0,1001.1
2025-07-01 13:07:47,0,1,1772,188.1,1,0.0,0,0.0,1001.1
2025-07-01 13:07:47,0,1,1772,188.1,1,0.0,0,0.0,1001.1
2025-07-01 13:07:47,0,1,1772,188.1,1,0.0,0,0.0,1001.1
2025-07-01 13:07:47,0,1,1772,188.1,1,0.0,0,0.0,1001.1
2025-07-01 13:07:47,0,1,1784,151.1,1,0.0,0,0.0,1004.0
2025-07-01 13:07:47,0,1,1784,151.1,1,0.0,0,0.0,1004.0
2025-07-01 13:07:47,0,1,1784,151.1,1,0.0,0,0.0,1004.0
2025-07-01 13:07:48,0,1,1784,151.1,1,0.0,0,0.0,1004.0
2025-07-01 13:07:48,0,1,1784,151.1,1,0.0,0,0.0,1004.0
2025-07-01 13:07:48,0,1,1784,151.1,1,0.0,0,0.0,1004.0
2025-07-01 13:07:48,0,1,1784,151.1,1,0.0,0,0.0,1004.0
2025-07-01 13:07:48,0,0,1940,167.1,1,0.0,0,0.0,1002.1
2025-07-01 13:07:48,0,0,1940,167.1,1,0.0,0,0.0,1002.1
2025-07-01 13:07:48,0,0,1940,167.1,1,0.0,0,0.0,1002.1
2025-07-01 13:07:48,0,0,1940,167.1,1,0.0,0,0.0,1002.1
2025-07-01 13:07:49,0,0,1940,167.1,1,0.0,0,0.0,1002.1
2025-07-01 13:07:49,0,0,1940,167.1,1,0.0,0,0.0,1002.1
2025-07-01 13:07:49,0,0,1940,167.1,1,0.0,0,0.0,1002.1
2025-07-01 13:07:49,0,0,1940,167.1,1,0.0,0,0.0,1002.1
2025-07-01 13:07:49,0,0,1940,167.1,1,0.0,0,0.0,1002.1
2025-07-01 13:07:49,0,1,1788,167.1,1,0.0,0,0.0,1004.1
2025-07-01 13:07:49,0,1,1788,167.1,1,0.0,0,0.0,1004.1
2025-07-01 13:07:49,0,1,1788,167.1,1,0.0,0,0.0,1004.1
2025-07-01 13:07:50,0,1,1788,167.1,1,0.0,0,0.0,1004.1
2025-07-01 13:07:50,0,1,1788,167.1,1,0.0,0,0.0,1004.1
2025-07-01 13:07:50,0,1,1788,167.1,1,0.0,0,0.0,1004.1
2025-07-01 13:07:50,0,1,1788,167.1,1,0.0,0,0.0,1004.1
2025-07-01 13:07:50,0,1,1788,167.1,1,0.0,0,0.0,1004.1
2025-07-01 13:07:50,0,1,1788,167.1,1,0.0,0,0.0,1004.1
2025-07-01 13:07:50,0,1,1788,167.1,1,0.0,0,0.0,1004.1
2025-07-01 13:07:50,0,1,1788,167.1,1,0.0,0,0.0,1004.1
2025-07-01 13:07:51,0,1,1788,167.1,1,0.0,0,0.0,1004.1
2025-07-01 13:07:51,0,1,1788,167.1,1,0.0,0,0.0,1004.1
2025-07-01 13:07:51,0,1,1788,167.1,1,0.0,0,0.0,1004.1
2025-07-01 13:07:51,0,1,1788,167.1,1,0.0,0,0.0,1004.1
2025-07-01 13:07:51,0,1,1788,167.1,1,0.0,0,0.0,1004.1
2025-07-01 13:07:51,0,1,1788,167.1,1,0.0,0,0.0,1004.1
2025-07-01 13:07:51,0,1,1792,168.5,1,0.0,0,0.0,1000.2
2025-07-01 13:07:51,0,1,1792,168.5,1,0.0,0,0.0,1000.2
2025-07-01 13:07:51,0,1,1792,168.5,1,0.0,0,0.0,1000.2
2025-07-01 13:07:52,0,1,1792,168.5,1,0.0,0,0.0,1000.2
2025-07-01 13:07:52,0,1,1792,168.5,1,0.0,0,0.0,1000.2
2025-07-01 13:07:52,0,1,1792,168.5,1,0.0,0,0.0,1000.2
2025-07-01 13:07:52,0,1,1792,168.5,1,0.0,0,0.0,1000.2
2025-07-01 13:07:52,0,1,1792,168.5,1,0.0,0,0.0,1000.2
2025-07-01 13:07:52,0,1,1792,168.5,1,0.0,0,0.0,1000.2
2025-07-01 13:07:52,0,0,1920,168.5,1,0.0,0,0.0,1001.5
2025-07-01 13:07:52,0,0,1920,168.5,1,0.0,0,0.0,1001.5
2025-07-01 13:07:53,0,0,1920,168.5,1,0.0,0,0.0,1001.5
2025-07-01 13:07:53,0,0,1920,168.5,1,0.0,0,0.0,1001.5
2025-07-01 13:07:53,0,0,1920,168.5,1,0.0,0,0.0,1001.5
2025-07-01 13:07:53,0,0,1920,168.5,1,0.0,0,0.0,1001.5
2025-07-01 13:07:53,0,0,1920,168.5,1,0.0,0,0.0,1001.5
2025-07-01 13:07:53,0,0,1920,168.5,1,0.0,0,0.0,1001.5
2025-07-01 13:07:53,0,0,1920,168.5,1,0.0,0,0.0,1001.5
2025-07-01 13:07:53,0,0,1926,168.5,1,0.0,0,0.0,1002.8
2025-07-01 13:07:54,0,0,1926,168.5,1,0.0,0,0.0,1002.8
2025-07-01 13:07:54,0,0,1926,168.5,1,0.0,0,0.0,1002.8
2025-07-01 13:07:54,0,0,1926,168.5,1,0.0,0,0.0,1002.8
2025-07-01 13:07:54,0,0,1926,168.5,1,0.0,0,0.0,1002.8
2025-07-01 13:07:54,0,0,1926,168.5,1,0.0,0,0.0,1002.8
2025-07-01 13:07:54,0,0,1926,168.5,1,0.0,0,0.0,1002.8
2025-07-01 13:07:54,0,0,1926,168.5,1,0.0,0,0.0,1002.8
2025-07-01 13:07:54,0,0,1926,168.5,1,0.0,0,0.0,1002.8
2025-07-01 13:07:54,0,1,1791,168.5,1,0.0,0,0.0,1001.6
2025-07-01 13:07:55,0,1,1791,168.5,1,0.0,0,0.0,1001.6
2025-07-01 13:07:55,0,1,1791,168.5,1,0.0,0,0.0,1001.6
2025-07-01 13:07:55,0,1,1791,168.5,1,0.0,0,0.0,1001.6
2025-07-01 13:07:55,0,1,1791,168.5,1,0.0,0,0.0,1001.6
2025-07-01 13:07:55,0,1,1791,168.5,1,0.0,0,0.0,1001.6
2025-07-01 13:07:55,0,1,1791,168.5,1,0.0,0,0.0,1001.6
2025-07-01 13:07:55,0,1,1791,168.5,1,0.0,0,0.0,1001.6
2025-07-01 13:07:56,0,0,1617,168.5,1,0.0,0,0.0,1003.5
2025-07-01 13:07:56,0,0,1617,168.5,1,0.0,0,0.0,1003.5
2025-07-01 13:07:56,0,0,1617,168.5,1,0.0,0,0.0,1003.5
2025-07-01 13:07:56,0,0,1617,168.5,1,0.0,0,0.0,1003.5
2025-07-01 13:07:56,0,0,1617,168.5,1,0.0,0,0.0,1003.5
2025-07-01 13:07:56,0,0,1617,168.5,1,0.0,0,0.0,1003.5
2025-07-01 13:07:56,0,0,1617,168.5,1,0.0,0,0.0,1003.5
2025-07-01 13:07:56,0,0,1617,168.5,1,0.0,0,0.0,1003.5
2025-07-01 13:07:56,0,0,1926,168.5,1,0.0,0,0.0,1003.4
2025-07-01 13:07:57,0,0,1926,168.5,1,0.0,0,0.0,1003.4
2025-07-01 13:07:57,0,0,1926,168.5,1,0.0,0,0.0,1003.4
2025-07-01 13:07:57,0,0,1926,168.5,1,0.0,0,0.0,1003.4
2025-07-01 13:07:57,0,0,1926,168.5,1,0.0,0,0.0,1003.4
2025-07-01 13:07:57,0,0,1926,168.5,1,0.0,0,0.0,1003.4
2025-07-01 13:07:57,0,0,1926,168.5,1,0.0,0,0.0,1003.4
2025-07-01 13:07:57,0,0,1926,168.5,1,0.0,0,0.0,1003.4
2025-07-01 13:07:57,0,0,1926,168.5,1,0.0,0,0.0,1003.4
2025-07-01 13:07:58,0,1,1781,187.5,1,0.0,0,0.0,1000.1
2025-07-01 13:07:58,0,1,1781,187.5,1,0.0,0,0.0,1000.1
2025-07-01 13:07:58,0,1,1781,187.5,1,0.0,0,0.0,1000.1
2025-07-01 13:07:58,0,1,1781,187.5,1,0.0,0,0.0,1000.1
2025-07-01 13:07:58,0,1,1781,187.5,1,0.0,0,0.0,1000.1
2025-07-01 13:07:58,0,1,1781,187.5,1,0.0,0,0.0,1000.1
2025-07-01 13:07:58,0,1,1781,187.5,1,0.0,0,0.0,1000.1
2025-07-01 13:07:59,0,1,1781,187.5,1,0.0,0,0.0,1000.1
2025-07-01 13:07:59,0,1,1776,187.5,1,0.0,0,0.0,1003.9
2025-07-01 13:07:59,0,1,1776,187.5,1,0.0,0,0.0,1003.9
2025-07-01 13:07:59,0,1,1776,187.5,1,0.0,0,0.0,1003.9
2025-07-01 13:07:59,0,1,1776,187.5,1,0.0,0,0.0,1003.9
2025-07-01 13:07:59,0,1,1776,187.5,1,0.0,0,0.0,1003.9
2025-07-01 13:07:59,0,1,1776,187.5,1,0.0,0,0.0,1003.9
2025-07-01 13:08:00,0,1,1776,187.5,1,0.0,0,0.0,1003.9
2025-07-01 13:08:00,0,0,1956,187.5,1,0.0,0,0.0,1006.0
2025-07-01 13:08:00,0,0,1956,187.5,1,0.0,0,0.0,1006.0
2025-07-01 13:08:00,0,0,1956,187.5,1,0.0,0,0.0,1006.0
2025-07-01 13:08:00,0,0,1956,187.5,1,0.0,0,0.0,1006.0
2025-07-01 13:08:00,0,0,1956,187.5,1,0.0,0,0.0,1006.0
2025-07-01 13:08:00,0,0,1956,187.5,1,0.0,0,0.0,1006.0
2025-07-01 13:08:00,0,0,1956,187.5,1,0.0,0,0.0,1006.0
2025-07-01 13:08:01,0,0,1956,187.5,1,0.0,0,0.0,1006.0
2025-07-01 13:08:01,0,0,1956,187.5,1,0.0,0,0.0,1006.0
2025-07-01 13:08:01,0,1,1783,187.5,1,0.0,0,0.0,1006.5
2025-07-01 13:08:01,0,1,1783,187.5,1,0.0,0,0.0,1006.5
2025-07-01 13:08:01,0,1,1783,187.5,1,0.0,0,0.0,1006.5
2025-07-01 13:08:01,0,1,1783,187.5,1,0.0,0,0.0,1006.5
2025-07-01 13:08:01,0,1,1783,187.5,1,0.0,0,0.0,1006.5
2025-07-01 13:08:01,0,1,1783,187.5,1,0.0,0,0.0,1006.5
2025-07-01 13:08:01,0,1,1783,187.5,1,0.0,0,0.0,1006.5
2025-07-01 13:08:02,0,1,1783,187.5,1,0.0,0,0.0,1006.5
2025-07-01 13:08:02,0,1,1783,187.5,1,0.0,0,0.0,1006.5
2025-07-01 13:08:02,0,0,1696,187.5,1,0.0,0,0.0,1002.6
2025-07-01 13:08:02,0,0,1696,187.5,1,0.0,0,0.0,1002.6
2025-07-01 13:08:02,0,0,1696,187.5,1,0.0,0,0.0,1002.6
2025-07-01 13:08:02,0,0,1696,187.5,1,0.0,0,0.0,1002.6
2025-07-01 13:08:02,0,0,1696,187.5,1,0.0,0,0.0,1002.6
2025-07-01 13:08:03,0,0,1696,187.5,1,0.0,0,0.0,1002.6
2025-07-01 13:08:03,0,0,1696,187.5,1,0.0,0,0.0,1002.6
2025-07-01 13:08:03,0,1,1797,167.6,1,0.0,0,0.0,1002.5
2025-07-01 13:08:03,0,1,1797,167.6,1,0.0,0,0.0,1002.5
2025-07-01 13:08:03,0,1,1797,167.6,1,0.0,0,0.0,1002.5
2025-07-01 13:08:03,0,1,1797,167.6,1,0.0,0,0.0,1002.5
2025-07-01 13:08:03,0,1,1797,167.6,1,0.0,0,0.0,1002.5
2025-07-01 13:08:03,0,1,1797,167.6,1,0.0,0,0.0,1002.5
2025-07-01 13:08:04,0,1,1797,167.6,1,0.0,0,0.0,1002.5
2025-07-01 13:08:04,0,1,1797,167.6,1,0.0,0,0.0,1002.5
2025-07-01 13:08:04,0,1,1797,167.6,1,0.0,0,0.0,1002.5
2025-07-01 13:08:04,0,0,1954,167.6,1,0.0,0,0.0,1001.4
2025-07-01 13:08:04,0,0,1954,167.6,1,0.0,0,0.0,1001.4
2025-07-01 13:08:04,0,0,1954,167.6,1,0.0,0,0.0,1001.4
2025-07-01 13:08:04,0,0,1954,167.6,1,0.0,0,0.0,1001.4
2025-07-01 13:08:04,0,0,1954,167.6,1,0.0,0,0.0,1001.4
2025-07-01 13:08:05,0,0,1954,167.6,1,0.0,0,0.0,1001.4
2025-07-01 13:08:05,0,0,1954,167.6,1,0.0,0,0.0,1001.4
2025-07-01 13:08:05,0,0,1954,167.6,1,0.0,0,0.0,1001.4
2025-07-01 13:08:05,0,1,1790,167.6,1,0.0,0,0.0,1008.3
2025-07-01 13:08:05,0,1,1790,167.6,1,0.0,0,0.0,1008.3
2025-07-01 13:08:05,0,1,1790,167.6,1,0.0,0,0.0,1008.3
2025-07-01 13:08:05,0,1,1790,167.6,1,0.0,0,0.0,1008.3
2025-07-01 13:08:05,0,1,1790,167.6,1,0.0,0,0.0,1008.3
2025-07-01 13:08:06,0,1,1790,167.6,1,0.0,0,0.0,1008.3
2025-07-01 13:08:06,0,1,1790,167.6,1,0.0,0,0.0,1008.3
2025-07-01 13:08:06,0,1,1790,167.6,1,0.0,0,0.0,1008.3
2025-07-01 13:08:06,0,0,1956,167.6,1,0.0,0,0.0,1001.7
2025-07-01 13:08:06,0,0,1956,167.6,1,0.0,0,0.0,1001.7
2025-07-01 13:08:06,0,0,1956,167.6,1,0.0,0,0.0,1001.7
2025-07-01 13:08:06,0,0,1956,167.6,1,0.0,0,0.0,1001.7
2025-07-01 13:08:06,0,0,1956,167.6,1,0.0,0,0.0,1001.7
2025-07-01 13:08:07,0,0,1956,167.6,1,0.0,0,0.0,1001.7
2025-07-01 13:08:07,0,0,1956,167.6,1,0.0,0,0.0,1001.7
2025-07-01 13:08:07,0,0,1956,167.6,1,0.0,0,0.0,1001.7
2025-07-01 13:08:07,0,0,1956,167.6,1,0.0,0,0.0,1001.7
2025-07-01 13:08:07,0,1,1799,167.6,1,0.0,0,0.0,1002.4
2025-07-01 13:08:07,0,1,1799,167.6,1,0.0,0,0.0,1002.4
2025-07-01 13:08:07,0,1,1799,167.6,1,0.0,0,0.0,1002.4
2025-07-01 13:08:07,0,1,1799,167.6,1,0.0,0,0.0,1002.4
2025-07-01 13:08:07,0,1,1799,167.6,1,0.0,0,0.0,1002.4
2025-07-01 13:08:08,0,1,1799,167.6,1,0.0,0,0.0,1002.4
2025-07-01 13:08:08,0,1,1799,167.6,1,0.0,0,0.0,1002.4
2025-07-01 13:08:08,0,1,1799,167.6,1,0.0,0,0.0,1002.4
2025-07-01 13:08:08,0,1,1799,167.6,1,0.0,0,0.0,1002.4
2025-07-01 13:08:08,0,0,1980,167.6,1,0.0,0,0.0,1006.4
2025-07-01 13:08:08,0,0,1980,167.6,1,0.0,0,0.0,1006.4
2025-07-01 13:08:08,0,0,1980,167.6,1,0.0,0,0.0,1006.4
2025-07-01 13:08:08,0,0,1980,167.6,1,0.0,0,0.0,1006.4
2025-07-01 13:08:09,0,0,1980,167.6,1,0.0,0,0.0,1006.4
2025-07-01 13:08:09,0,0,1980,167.6,1,0.0,0,0.0,1006.4
2025-07-01 13:08:09,0,0,1980,167.6,1,0.0,0,0.0,1006.4
2025-07-01 13:08:09,0,0,1980,167.6,1,0.0,0,0.0,1006.4
2025-07-01 13:08:09,0,0,1980,167.6,1,0.0,0,0.0,1006.4
2025-07-01 13:08:09,0,1,1786,167.6,1,0.0,0,0.0,1000.3
2025-07-01 13:08:09,0,1,1786,167.6,1,0.0,0,0.0,1000.3
2025-07-01 13:08:10,0,1,1786,167.6,1,0.0,0,0.0,1000.3
2025-07-01 13:08:10,0,1,1786,167.6,1,0.0,0,0.0,1000.3
2025-07-01 13:08:10,0,1,1786,167.6,1,0.0,0,0.0,1000.3
2025-07-01 13:08:10,0,1,1786,167.6,1,0.0,0,0.0,1000.3
2025-07-01 13:08:10,0,1,1786,167.6,1,0.0,0,0.0,1000.3
2025-07-01 13:08:10,0,1,1786,167.6,1,0.0,0,0.0,1000.3
2025-07-01 13:08:10,0,0,1487,167.6,1,0.0,0,0.0,1006.4
2025-07-01 13:08:10,0,0,1487,167.6,1,0.0,0,0.0,1006.4
2025-07-01 13:08:11,0,0,1487,167.6,1,0.0,0,0.0,1006.4
2025-07-01 13:08:11,0,0,1487,167.6,1,0.0,0,0.0,1006.4
2025-07-01 13:08:11,0,0,1487,167.6,1,0.0,0,0.0,1006.4
2025-07-01 13:08:11,0,0,1487,167.6,1,0.0,0,0.0,1006.4
2025-07-01 13:08:11,0,0,1487,167.6,1,0.0,0,0.0,1006.4
2025-07-01 13:08:11,0,0,1487,167.6,1,0.0,0,0.0,1006.4
2025-07-01 13:08:11,0,0,1812,167.6,1,0.0,0,0.0,1001.0
2025-07-01 13:08:11,0,0,1812,167.6,1,0.0,0,0.0,1001.0
2025-07-01 13:08:12,0,0,1812,167.6,1,0.0,0,0.0,1001.0
2025-07-01 13:08:12,0,0,1812,167.6,1,0.0,0,0.0,1001.0
2025-07-01 13:08:12,0,0,1812,167.6,1,0.0,0,0.0,1001.0
2025-07-01 13:08:12,0,0,1812,167.6,1,0.0,0,0.0,1001.0
2025-07-01 13:08:12,0,0,1812,167.6,1,0.0,0,0.0,1001.0
2025-07-01 13:08:12,0,0,1812,167.6,1,0.0,0,0.0,1001.0
2025-07-01 13:08:12,0,0,1911,167.6,1,0.0,0,0.0,999.9
2025-07-01 13:08:12,0,0,1911,167.6,1,0.0,0,0.0,999.9
2025-07-01 13:08:13,0,0,1911,167.6,1,0.0,0,0.0,999.9
2025-07-01 13:08:13,0,0,1911,167.6,1,0.0,0,0.0,999.9
2025-07-01 13:08:13,0,0,1911,167.6,1,0.0,0,0.0,999.9
2025-07-01 13:08:13,0,0,1911,167.6,1,0.0,0,0.0,999.9
2025-07-01 13:08:13,0,0,1911,167.6,1,0.0,0,0.0,999.9
2025-07-01 13:08:13,0,0,1911,167.6,1,0.0,0,0.0,999.9
2025-07-01 13:08:13,0,0,1911,167.6,1,0.0,0,0.0,999.9
2025-07-01 13:08:13,0,0,1965,167.6,1,0.0,0,0.0,1006.4
2025-07-01 13:08:13,0,0,1965,167.6,1,0.0,0,0.0,1006.4
2025-07-01 13:08:14,0,0,1965,167.6,1,0.0,0,0.0,1006.4
2025-07-01 13:08:14,0,0,1965,167.6,1,0.0,0,0.0,1006.4
2025-07-01 13:08:14,0,0,1965,167.6,1,0.0,0,0.0,1006.4
2025-07-01 13:08:14,0,0,1965,167.6,1,0.0,0,0.0,1006.4
2025-07-01 13:08:14,0,0,1965,167.6,1,0.0,0,0.0,1006.4
2025-07-01 13:08:14,0,0,1965,167.6,1,0.0,0,0.0,1006.4
2025-07-01 13:08:14,0,0,1965,167.6,1,0.0,0,0.0,1006.4
2025-07-01 13:08:14,0,0,1965,167.6,1,0.0,0,0.0,1003.7
2025-07-01 13:08:14,0,0,1965,167.6,1,0.0,0,0.0,1003.7
2025-07-01 13:08:15,0,0,1965,167.6,1,0.0,0,0.0,1003.7
2025-07-01 13:08:15,0,0,1965,167.6,1,0.0,0,0.0,1003.7
2025-07-01 13:08:15,0,0,1965,167.6,1,0.0,0,0.0,1003.7
2025-07-01 13:08:15,0,0,1965,167.6,1,0.0,0,0.0,1003.7
2025-07-01 13:08:15,0,0,1965,167.6,1,0.0,0,0.0,1003.7
2025-07-01 13:08:15,0,1,1785,167.6,1,0.0,0,0.0,1002.7
2025-07-01 13:08:16,0,1,1785,167.6,1,0.0,0,0.0,1002.7
2025-07-01 13:08:16,0,1,1785,167.6,1,0.0,0,0.0,1002.7
2025-07-01 13:08:16,0,1,1785,167.6,1,0.0,0,0.0,1002.7
2025-07-01 13:08:16,0,1,1785,167.6,1,0.0,0,0.0,1002.7
2025-07-01 13:08:16,0,1,1785,167.6,1,0.0,0,0.0,1002.7
2025-07-01 13:08:16,0,1,1785,167.6,1,0.0,0,0.0,1002.7
2025-07-01 13:08:16,0,1,1785,167.6,1,0.0,0,0.0,1002.7
2025-07-01 13:08:16,0,1,1785,167.6,1,0.0,0,0.0,1002.7
2025-07-01 13:08:16,0,1,1788,167.6,1,0.0,0,0.0,1004.4
2025-07-01 13:08:17,0,1,1788,167.6,1,0.0,0,0.0,1004.4
2025-07-01 13:08:17,0,1,1788,167.6,1,0.0,0,0.0,1004.4
2025-07-01 13:08:17,0,1,1788,167.6,1,0.0,0,0.0,1004.4
2025-07-01 13:08:17,0,1,1788,167.6,1,0.0,0,0.0,1004.4
2025-07-01 13:08:17,0,1,1788,167.6,1,0.0,0,0.0,1004.4
2025-07-01 13:08:17,0,1,1788,167.6,1,0.0,0,0.0,1004.4
2025-07-01 13:08:17,0,1,1788,167.6,1,0.0,0,0.0,1004.4
2025-07-01 13:08:17,0,1,1788,167.6,1,0.0,0,0.0,1004.4
2025-07-01 13:08:18,0,0,1847,167.6,1,0.0,0,0.0,1000.6
2025-07-01 13:08:18,0,0,1847,167.6,1,0.0,0,0.0,1000.6
2025-07-01 13:08:18,0,0,1847,167.6,1,0.0,0,0.0,1000.6
2025-07-01 13:08:18,0,0,1847,167.6,1,0.0,0,0.0,1000.6
2025-07-01 13:08:18,0,0,1847,167.6,1,0.0,0,0.0,1000.6
2025-07-01 13:08:18,0,0,1847,167.6,1,0.0,0,0.0,1000.6
2025-07-01 13:08:18,0,0,1847,167.6,1,0.0,0,0.0,1000.6
2025-07-01 13:08:18,0,0,1847,167.6,1,0.0,0,0.0,1000.6
2025-07-01 13:08:18,0,0,1847,167.6,1,0.0,0,0.0,1000.6
2025-07-01 13:08:19,0,0,1847,167.6,1,0.0,0,0.0,1000.6
2025-07-01 13:08:19,0,1,1790,188.7,1,0.0,0,0.0,1006.3
2025-07-01 13:08:19,0,1,1790,188.7,1,0.0,0,0.0,1006.3
2025-07-01 13:08:19,0,1,1790,188.7,1,0.0,0,0.0,1006.3
2025-07-01 13:08:19,0,1,1790,188.7,1,0.0,0,0.0,1006.3
2025-07-01 13:08:19,0,1,1790,188.7,1,0.0,0,0.0,1006.3
2025-07-01 13:08:19,0,1,1790,188.7,1,0.0,0,0.0,1006.3
2025-07-01 13:08:19,0,1,1790,188.7,1,0.0,0,0.0,1006.3
2025-07-01 13:08:20,0,1,1790,188.7,1,0.0,0,0.0,1006.3
2025-07-01 13:08:20,0,1,1790,188.7,1,0.0,0,0.0,1006.3
2025-07-01 13:08:20,0,0,1851,188.7,1,0.0,0,0.0,1001.2
2025-07-01 13:08:20,0,0,1851,188.7,1,0.0,0,0.0,1001.2
2025-07-01 13:08:20,0,0,1851,188.7,1,0.0,0,0.0,1001.2
2025-07-01 13:08:20,0,0,1851,188.7,1,0.0,0,0.0,1001.2
2025-07-01 13:08:20,0,0,1851,188.7,1,0.0,0,0.0,1001.2
2025-07-01 13:08:20,0,0,1851,188.7,1,0.0,0,0.0,1001.2
2025-07-01 13:08:20,0,0,1851,188.7,1,0.0,0,0.0,1001.2
2025-07-01 13:08:21,0,0,1851,188.7,1,0.0,0,0.0,1001.2
2025-07-01 13:08:21,0,0,1851,188.7,1,0.0,0,0.0,1001.2
2025-07-01 13:08:21,0,0,1620,188.7,1,0.0,0,0.0,1004.7
2025-07-01 13:08:21,0,0,1620,188.7,1,0.0,0,0.0,1004.7
2025-07-01 13:08:21,0,0,1620,188.7,1,0.0,0,0.0,1004.7
2025-07-01 13:08:21,0,0,1620,188.7,1,0.0,0,0.0,1004.7
2025-07-01 13:08:21,0,0,1620,188.7,1,0.0,0,0.0,1004.7
2025-07-01 13:08:21,0,0,1620,188.7,1,0.0,0,0.0,1004.7
2025-07-01 13:08:22,0,0,1620,188.7,1,0.0,0,0.0,1004.7
2025-07-01 13:08:22,0,0,1620,188.7,1,0.0,0,0.0,1004.7
2025-07-01 13:08:22,0,0,1620,188.7,1,0.0,0,0.0,1004.7
2025-07-01 13:08:22,0,0,1965,188.7,1,0.0,0,0.0,1001.9
2025-07-01 13:08:22,0,0,1965,188.7,1,0.0,0,0.0,1001.9
2025-07-01 13:08:22,0,0,1965,188.7,1,0.0,0,0.0,1001.9
2025-07-01 13:08:22,0,0,1965,188.7,1,0.0,0,0.0,1001.9
2025-07-01 13:08:22,0,0,1965,188.7,1,0.0,0,0.0,1001.9
2025-07-01 13:08:23,0,0,1965,188.7,1,0.0,0,0.0,1001.9
2025-07-01 13:08:23,0,0,1965,188.7,1,0.0,0,0.0,1001.9
2025-07-01 13:08:23,0,0,1965,188.7,1,0.0,0,0.0,1001.9
2025-07-01 13:08:23,0,0,1965,188.7,1,0.0,0,0.0,1001.9
2025-07-01 13:08:23,0,1,1790,188.7,1,0.0,0,0.0,1005.1
2025-07-01 13:08:23,0,1,1790,188.7,1,0.0,0,0.0,1005.1
2025-07-01 13:08:23,0,1,1790,188.7,1,0.0,0,0.0,1005.1
2025-07-01 13:08:23,0,1,1790,188.7,1,0.0,0,0.0,1005.1
2025-07-01 13:08:23,0,1,1790,188.7,1,0.0,0,0.0,1005.1
2025-07-01 13:08:24,0,1,1790,188.7,1,0.0,0,0.0,1005.1
2025-07-01 13:08:24,0,1,1790,188.7,1,0.0,0,0.0,1005.1
2025-07-01 13:08:24,0,1,1790,188.7,1,0.0,0,0.0,1005.1
2025-07-01 13:08:24,0,1,1790,188.7,1,0.0,0,0.0,1005.1
2025-07-01 13:08:24,0,0,1910,188.7,1,0.0,0,0.0,997.9
2025-07-01 13:08:24,0,0,1910,188.7,1,0.0,0,0.0,997.9
2025-07-01 13:08:24,0,0,1910,188.7,1,0.0,0,0.0,997.9
2025-07-01 13:08:24,0,0,1910,188.7,1,0.0,0,0.0,997.9
2025-07-01 13:08:24,0,0,1910,188.7,1,0.0,0,0.0,997.9
2025-07-01 13:08:25,0,0,1910,188.7,1,0.0,0,0.0,997.9
2025-07-01 13:08:25,0,0,1910,188.7,1,0.0,0,0.0,997.9
2025-07-01 13:08:25,0,0,1910,188.7,1,0.0,0,0.0,997.9
2025-07-01 13:08:25,0,0,1910,188.7,1,0.0,0,0.0,997.9
2025-07-01 13:08:25,0,1,1783,188.7,1,0.0,0,0.0,1003.0
2025-07-01 13:08:25,0,1,1783,188.7,1,0.0,0,0.0,1003.0
2025-07-01 13:08:25,0,1,1783,188.7,1,0.0,0,0.0,1003.0
2025-07-01 13:08:25,0,1,1783,188.7,1,0.0,0,0.0,1003.0
2025-07-01 13:08:26,0,1,1783,188.7,1,0.0,0,0.0,1003.0
2025-07-01 13:08:26,0,1,1783,188.7,1,0.0,0,0.0,1003.0
2025-07-01 13:08:26,0,1,1783,188.7,1,0.0,0,0.0,1003.0
2025-07-01 13:08:26,0,1,1783,188.7,1,0.0,0,0.0,1003.0
2025-07-01 13:08:26,0,1,1783,188.7,1,0.0,0,0.0,1003.0
2025-07-01 13:08:26,0,0,1579,188.7,1,0.0,0,0.0,999.5
2025-07-01 13:08:26,0,0,1579,188.7,1,0.0,0,0.0,999.5
2025-07-01 13:08:26,0,0,1579,188.7,1,0.0,0,0.0,999.5
2025-07-01 13:08:27,0,0,1579,188.7,1,0.0,0,0.0,999.5
2025-07-01 13:08:27,0,0,1579,188.7,1,0.0,0,0.0,999.5
2025-07-01 13:08:27,0,0,1579,188.7,1,0.0,0,0.0,999.5
2025-07-01 13:08:27,0,0,1579,188.7,1,0.0,0,0.0,999.5
2025-07-01 13:08:27,0,0,1579,188.7,1,0.0,0,0.0,999.5
2025-07-01 13:08:27,0,0,1579,188.7,1,0.0,0,0.0,999.5
2025-07-01 13:08:27,0,0,1787,188.7,1,0.0,0,0.0,1008.4
2025-07-01 13:08:27,0,0,1787,188.7,1,0.0,0,0.0,1008.4
2025-07-01 13:08:27,0,0,1787,188.7,1,0.0,0,0.0,1008.4
2025-07-01 13:08:28,0,0,1787,188.7,1,0.0,0,0.0,1008.4
2025-07-01 13:08:28,0,0,1787,188.7,1,0.0,0,0.0,1008.4
2025-07-01 13:08:28,0,0,1787,188.7,1,0.0,0,0.0,1008.4
2025-07-01 13:08:28,0,0,1787,188.7,1,0.0,0,0.0,1008.4
2025-07-01 13:08:28,0,0,1787,188.7,1,0.0,0,0.0,1008.4
2025-07-01 13:08:28,0,0,1787,188.7,1,0.0,0,0.0,1008.4
2025-07-01 13:08:28,0,1,1791,199.3,1,0.0,0,0.0,1004.7
2025-07-01 13:08:28,0,1,1791,199.3,1,0.0,0,0.0,1004.7
2025-07-01 13:08:29,0,1,1791,199.3,1,0.0,0,0.0,1004.7
2025-07-01 13:08:29,0,1,1791,199.3,1,0.0,0,0.0,1004.7
2025-07-01 13:08:29,0,1,1791,199.3,1,0.0,0,0.0,1004.7
2025-07-01 13:08:29,0,1,1791,199.3,1,0.0,0,0.0,1004.7
2025-07-01 13:08:29,0,1,1791,199.3,1,0.0,0,0.0,1004.7
2025-07-01 13:08:29,0,1,1791,199.3,1,0.0,0,0.0,1004.7
2025-07-01 13:08:29,0,1,1791,199.3,1,0.0,0,0.0,1004.7
2025-07-01 13:08:29,0,1,1794,199.3,1,0.0,0,0.0,1006.7
2025-07-01 13:08:30,0,1,1794,199.3,1,0.0,0,0.0,1006.7
2025-07-01 13:08:30,0,1,1794,199.3,1,0.0,0,0.0,1006.7
2025-07-01 13:08:30,0,1,1794,199.3,1,0.0,0,0.0,1006.7
2025-07-01 13:08:30,0,1,1794,199.3,1,0.0,0,0.0,1006.7
2025-07-01 13:08:30,0,1,1794,199.3,1,0.0,0,0.0,1006.7
2025-07-01 13:08:30,0,1,1794,199.3,1,0.0,0,0.0,1006.7
2025-07-01 13:08:30,0,1,1794,199.3,1,0.0,0,0.0,1006.7
2025-07-01 13:08:30,0,1,1794,199.3,1,0.0,0,0.0,1006.7
2025-07-01 13:08:31,0,1,1767,199.3,1,0.0,0,0.0,1004.2
2025-07-01 13:08:31,0,1,1767,199.3,1,0.0,0,0.0,1004.2
2025-07-01 13:08:31,0,1,1767,199.3,1,0.0,0,0.0,1004.2
2025-07-01 13:08:31,0,1,1767,199.3,1,0.0,0,0.0,1004.2
2025-07-01 13:08:31,0,1,1767,199.3,1,0.0,0,0.0,1004.2
2025-07-01 13:08:31,0,1,1767,199.3,1,0.0,0,0.0,1004.2
2025-07-01 13:08:31,0,1,1767,199.3,1,0.0,0,0.0,1004.2
2025-07-01 13:08:31,0,1,1767,199.3,1,0.0,0,0.0,1004.2
2025-07-01 13:08:31,0,1,1767,199.3,1,0.0,0,0.0,1004.2
2025-07-01 13:08:32,0,0,1600,199.3,1,0.0,0,0.0,1000.2
2025-07-01 13:08:32,0,0,1600,199.3,1,0.0,0,0.0,1000.2
2025-07-01 13:08:32,0,0,1600,199.3,1,0.0,0,0.0,1000.2
2025-07-01 13:08:32,0,0,1600,199.3,1,0.0,0,0.0,1000.2
2025-07-01 13:08:32,0,0,1600,199.3,1,0.0,0,0.0,1000.2
2025-07-01 13:08:32,0,0,1600,199.3,1,0.0,0,0.0,1000.2
2025-07-01 13:08:32,0,0,1600,199.3,1,0.0,0,0.0,1000.2
2025-07-01 13:08:32,0,0,1600,199.3,1,0.0,0,0.0,1000.2
2025-07-01 13:08:33,0,1,1792,199.3,1,0.0,0,0.0,1004.4
2025-07-01 13:08:33,0,1,1792,199.3,1,0.0,0,0.0,1004.4
2025-07-01 13:08:33,0,1,1792,199.3,1,0.0,0,0.0,1004.4
2025-07-01 13:08:33,0,1,1792,199.3,1,0.0,0,0.0,1004.4
2025-07-01 13:08:33,0,1,1792,199.3,1,0.0,0,0.0,1004.4
2025-07-01 13:08:33,0,1,1792,199.3,1,0.0,0,0.0,1004.4
2025-07-01 13:08:33,0,1,1792,199.3,1,0.0,0,0.0,1004.4
2025-07-01 13:08:33,0,1,1792,199.3,1,0.0,0,0.0,1004.4
2025-07-01 13:08:34,0,1,1792,199.3,1,0.0,0,0.0,1004.4
2025-07-01 13:08:34,0,0,1939,199.3,1,0.0,0,0.0,1003.1
2025-07-01 13:08:34,0,0,1939,199.3,1,0.0,0,0.0,1003.1
2025-07-01 13:08:34,0,0,1939,199.3,1,0.0,0,0.0,1003.1
2025-07-01 13:08:34,0,0,1939,199.3,1,0.0,0,0.0,1003.1
2025-07-01 13:08:34,0,0,1939,199.3,1,0.0,0,0.0,1003.1
2025-07-01 13:08:34,0,0,1939,199.3,1,0.0,0,0.0,1003.1
2025-07-01 13:08:34,0,0,1939,199.3,1,0.0,0,0.0,1003.1
2025-07-01 13:08:35,0,0,1939,199.3,1,0.0,0,0.0,1003.1
2025-07-01 13:08:35,0,0,1939,199.3,1,0.0,0,0.0,1003.1
2025-07-01 13:08:35,0,1,1793,199.3,1,0.0,0,0.0,1001.7
2025-07-01 13:08:35,0,1,1793,199.3,1,0.0,0,0.0,1001.7
2025-07-01 13:08:35,0,1,1793,199.3,1,0.0,0,0.0,1001.7
2025-07-01 13:08:35,0,1,1793,199.3,1,0.0,0,0.0,1001.7
2025-07-01 13:08:35,0,1,1793,199.3,1,0.0,0,0.0,1001.7
2025-07-01 13:08:35,0,1,1793,199.3,1,0.0,0,0.0,1001.7
2025-07-01 13:08:35,0,1,1793,199.3,1,0.0,0,0.0,1001.7
2025-07-01 13:08:36,0,1,1793,199.3,1,0.0,0,0.0,1001.7
2025-07-01 13:08:36,0,0,1894,199.3,1,0.0,0,0.0,1000.8
2025-07-01 13:08:36,0,0,1894,199.3,1,0.0,0,0.0,1000.8
2025-07-01 13:08:36,0,0,1894,199.3,1,0.0,0,0.0,1000.8
2025-07-01 13:08:36,0,0,1894,199.3,1,0.0,0,0.0,1000.8
2025-07-01 13:08:36,0,0,1894,199.3,1,0.0,0,0.0,1000.8
2025-07-01 13:08:36,0,0,1894,199.3,1,0.0,0,0.0,1000.8
2025-07-01 13:08:36,0,0,1894,199.3,1,0.0,0,0.0,1000.8
2025-07-01 13:08:37,0,0,1894,199.3,1,0.0,0,0.0,1000.8
2025-07-01 13:08:37,0,0,1894,199.3,1,0.0,0,0.0,1000.8
2025-07-01 13:08:37,0,1,1781,176.5,1,0.0,0,0.0,1002.7
2025-07-01 13:08:37,0,1,1781,176.5,1,0.0,0,0.0,1002.7
2025-07-01 13:08:37,0,1,1781,176.5,1,0.0,0,0.0,1002.7
2025-07-01 13:08:37,0,1,1781,176.5,1,0.0,0,0.0,1002.7
2025-07-01 13:08:37,0,1,1781,176.5,1,0.0,0,0.0,1002.7
2025-07-01 13:08:37,0,1,1781,176.5,1,0.0,0,0.0,1002.7
2025-07-01 13:08:37,0,1,1781,176.5,1,0.0,0,0.0,1002.7
2025-07-01 13:08:38,0,1,1781,176.5,1,0.0,0,0.0,1002.7
2025-07-01 13:08:38,0,1,1781,176.5,1,0.0,0,0.0,1002.7
2025-07-01 13:08:38,0,0,1977,176.5,1,0.0,0,0.0,1004.6
2025-07-01 13:08:38,0,0,1977,176.5,1,0.0,0,0.0,1004.6
2025-07-01 13:08:38,0,0,1977,176.5,1,0.0,0,0.0,1004.6
2025-07-01 13:08:38,0,0,1977,176.5,1,0.0,0,0.0,1004.6
2025-07-01 13:08:38,0,0,1977,176.5,1,0.0,0,0.0,1004.6
2025-07-01 13:08:39,0,0,1977,176.5,1,0.0,0,0.0,1004.6
2025-07-01 13:08:39,0,0,1977,176.5,1,0.0,0,0.0,1004.6
2025-07-01 13:08:39,0,0,1977,176.5,1,0.0,0,0.0,1004.6
2025-07-01 13:08:39,0,0,1448,176.5,1,0.0,0,0.0,1005.0
2025-07-01 13:08:39,0,0,1448,176.5,1,0.0,0,0.0,1005.0
2025-07-01 13:08:39,0,0,1448,176.5,1,0.0,0,0.0,1005.0
2025-07-01 13:08:39,0,0,1448,176.5,1,0.0,0,0.0,1005.0
2025-07-01 13:08:39,0,0,1448,176.5,1,0.0,0,0.0,1005.0
2025-07-01 13:08:40,0,0,1448,176.5,1,0.0,0,0.0,1005.0
2025-07-01 13:08:40,0,0,1448,176.5,1,0.0,0,0.0,1005.0
2025-07-01 13:08:40,0,0,1448,176.5,1,0.0,0,0.0,1005.0
2025-07-01 13:08:40,0,0,1667,176.5,1,0.0,0,0.0,1001.7
2025-07-01 13:08:40,0,0,1667,176.5,1,0.0,0,0.0,1001.7
2025-07-01 13:08:40,0,0,1667,176.5,1,0.0,0,0.0,1001.7
2025-07-01 13:08:40,0,0,1667,176.5,1,0.0,0,0.0,1001.7
2025-07-01 13:08:40,0,0,1667,176.5,1,0.0,0,0.0,1001.7
2025-07-01 13:08:41,0,0,1667,176.5,1,0.0,0,0.0,1001.7
2025-07-01 13:08:41,0,0,1667,176.5,1,0.0,0,0.0,1001.7
2025-07-01 13:08:41,0,0,1667,176.5,1,0.0,0,0.0,1001.7
2025-07-01 13:08:41,0,0,1667,176.5,1,0.0,0,0.0,1001.7
2025-07-01 13:08:41,0,1,1796,176.5,1,0.0,0,0.0,1004.3
2025-07-01 13:08:41,0,1,1796,176.5,1,0.0,0,0.0,1004.3
2025-07-01 13:08:41,0,1,1796,176.5,1,0.0,0,0.0,1004.3
2025-07-01 13:08:41,0,1,1796,176.5,1,0.0,0,0.0,1004.3
2025-07-01 13:08:42,0,1,1796,176.5,1,0.0,0,0.0,1004.3
2025-07-01 13:08:42,0,1,1796,176.5,1,0.0,0,0.0,1004.3
2025-07-01 13:08:42,0,1,1796,176.5,1,0.0,0,0.0,1004.3
2025-07-01 13:08:42,0,1,1796,176.5,1,0.0,0,0.0,1004.3
2025-07-01 13:08:42,0,1,1796,176.5,1,0.0,0,0.0,1004.3
2025-07-01 13:08:42,0,0,1952,176.5,1,0.0,0,0.0,1003.8
2025-07-01 13:08:42,0,0,1952,176.5,1,0.0,0,0.0,1003.8
2025-07-01 13:08:42,0,0,1952,176.5,1,0.0,0,0.0,1003.8
2025-07-01 13:08:43,0,0,1952,176.5,1,0.0,0,0.0,1003.8
2025-07-01 13:08:43,0,0,1952,176.5,1,0.0,0,0.0,1003.8
2025-07-01 13:08:43,0,0,1952,176.5,1,0.0,0,0.0,1003.8
2025-07-01 13:08:43,0,0,1952,176.5,1,0.0,0,0.0,1003.8
2025-07-01 13:08:43,0,0,1952,176.5,1,0.0,0,0.0,1003.8
2025-07-01 13:08:43,0,0,1808,189.3,1,0.0,0,0.0,1005.0
2025-07-01 13:08:43,0,0,1808,189.3,1,0.0,0,0.0,1005.0
2025-07-01 13:08:43,0,0,1808,189.3,1,0.0,0,0.0,1005.0
2025-07-01 13:08:43,0,0,1808,189.3,1,0.0,0,0.0,1005.0
2025-07-01 13:08:44,0,0,1808,189.3,1,0.0,0,0.0,1005.0
2025-07-01 13:08:44,0,0,1808,189.3,1,0.0,0,0.0,1005.0
2025-07-01 13:08:44,0,0,1808,189.3,1,0.0,0,0.0,1005.0
2025-07-01 13:08:44,0,0,1808,189.3,1,0.0,0,0.0,1005.0
2025-07-01 13:08:44,0,0,1808,189.3,1,0.0,0,0.0,1005.0
2025-07-01 13:08:44,0,0,1933,189.3,1,0.0,0,0.0,1002.5
2025-07-01 13:08:44,0,0,1933,189.3,1,0.0,0,0.0,1002.5
2025-07-01 13:08:44,0,0,1933,189.3,1,0.0,0,0.0,1002.5
2025-07-01 13:08:45,0,0,1933,189.3,1,0.0,0,0.0,1002.5
2025-07-01 13:08:45,0,0,1933,189.3,1,0.0,0,0.0,1002.5
2025-07-01 13:08:45,0,0,1933,189.3,1,0.0,0,0.0,1002.5
2025-07-01 13:08:45,0,0,1933,189.3,1,0.0,0,0.0,1002.5
2025-07-01 13:08:45,0,0,1933,189.3,1,0.0,0,0.0,1002.5
2025-07-01 13:08:45,0,0,1933,189.3,1,0.0,0,0.0,1002.5
2025-07-01 13:08:45,0,1,1785,189.3,1,0.0,0,0.0,1004.0
2025-07-01 13:08:45,0,1,1785,189.3,1,0.0,0,0.0,1004.0
2025-07-01 13:08:46,0,1,1785,189.3,1,0.0,0,0.0,1004.0
2025-07-01 13:08:46,0,1,1785,189.3,1,0.0,0,0.0,1004.0
2025-07-01 13:08:46,0,1,1785,189.3,1,0.0,0,0.0,1004.0
2025-07-01 13:08:46,0,1,1785,189.3,1,0.0,0,0.0,1004.0
2025-07-01 13:08:46,0,1,1785,189.3,1,0.0,0,0.0,1004.0
2025-07-01 13:08:46,0,1,1785,189.3,1,0.0,0,0.0,1004.0
2025-07-01 13:08:46,0,0,1827,189.3,1,0.0,0,0.0,1002.9
2025-07-01 13:08:46,0,0,1827,189.3,1,0.0,0,0.0,1002.9
2025-07-01 13:08:47,0,0,1827,189.3,1,0.0,0,0.0,1002.9
2025-07-01 13:08:47,0,0,1827,189.3,1,0.0,0,0.0,1002.9
2025-07-01 13:08:47,0,0,1827,189.3,1,0.0,0,0.0,1002.9
2025-07-01 13:08:47,0,0,1827,189.3,1,0.0,0,0.0,1002.9
2025-07-01 13:08:47,0,0,1827,189.3,1,0.0,0,0.0,1002.9
2025-07-01 13:08:47,0,0,1827,189.3,1,0.0,0,0.0,1002.9
2025-07-01 13:08:47,0,0,1827,189.3,1,0.0,0,0.0,1002.9
2025-07-01 13:08:47,0,0,1863,189.3,1,0.0,0,0.0,1004.0
2025-07-01 13:08:48,0,0,1863,189.3,1,0.0,0,0.0,1004.0
2025-07-01 13:08:48,0,0,1863,189.3,1,0.0,0,0.0,1004.0
2025-07-01 13:08:48,0,0,1863,189.3,1,0.0,0,0.0,1004.0
2025-07-01 13:08:48,0,0,1863,189.3,1,0.0,0,0.0,1004.0
2025-07-01 13:08:48,0,0,1863,189.3,1,0.0,0,0.0,1004.0
2025-07-01 13:08:48,0,0,1863,189.3,1,0.0,0,0.0,1004.0
2025-07-01 13:08:48,0,0,1863,189.3,1,0.0,0,0.0,1004.0
2025-07-01 13:08:48,0,0,1863,189.3,1,0.0,0,0.0,1004.0
2025-07-01 13:08:48,0,0,1934,143.5,1,0.0,0,0.0,1002.3
2025-07-01 13:08:49,0,0,1934,143.5,1,0.0,0,0.0,1002.3
2025-07-01 13:08:49,0,0,1934,143.5,1,0.0,0,0.0,1002.3
2025-07-01 13:08:49,0,0,1934,143.5,1,0.0,0,0.0,1002.3
2025-07-01 13:08:49,0,0,1934,143.5,1,0.0,0,0.0,1002.3
2025-07-01 13:08:49,0,0,1934,143.5,1,0.0,0,0.0,1002.3
2025-07-01 13:08:49,0,0,1934,143.5,1,0.0,0,0.0,1002.3
2025-07-01 13:08:49,0,1,1792,143.5,1,0.0,0,0.0,1002.7
2025-07-01 13:08:50,0,1,1792,143.5,1,0.0,0,0.0,1002.7
2025-07-01 13:08:50,0,1,1792,143.5,1,0.0,0,0.0,1002.7
2025-07-01 13:08:50,0,1,1792,143.5,1,0.0,0,0.0,1002.7
2025-07-01 13:08:50,0,1,1792,143.5,1,0.0,0,0.0,1002.7
2025-07-01 13:08:50,0,1,1792,143.5,1,0.0,0,0.0,1002.7
2025-07-01 13:08:50,0,1,1792,143.5,1,0.0,0,0.0,1002.7
2025-07-01 13:08:50,0,1,1792,143.5,1,0.0,0,0.0,1002.7
2025-07-01 13:08:50,0,1,1792,143.5,1,0.0,0,0.0,1002.7
2025-07-01 13:08:51,0,1,1783,143.5,1,0.0,0,0.0,1005.1
2025-07-01 13:08:51,0,1,1783,143.5,1,0.0,0,0.0,1005.1
2025-07-01 13:08:51,0,1,1783,143.5,1,0.0,0,0.0,1005.1
2025-07-01 13:08:51,0,1,1783,143.5,1,0.0,0,0.0,1005.1
2025-07-01 13:08:51,0,1,1783,143.5,1,0.0,0,0.0,1005.1
2025-07-01 13:08:51,0,1,1783,143.5,1,0.0,0,0.0,1005.1
2025-07-01 13:08:51,0,1,1783,143.5,1,0.0,0,0.0,1005.1
2025-07-01 13:08:51,0,1,1783,143.5,1,0.0,0,0.0,1005.1
2025-07-01 13:08:52,0,0,1787,143.5,1,0.0,0,0.0,1002.3
2025-07-01 13:08:52,0,0,1787,143.5,1,0.0,0,0.0,1002.3
2025-07-01 13:08:52,0,0,1787,143.5,1,0.0,0,0.0,1002.3
2025-07-01 13:08:52,0,0,1787,143.5,1,0.0,0,0.0,1002.3
2025-07-01 13:08:52,0,0,1787,143.5,1,0.0,0,0.0,1002.3
2025-07-01 13:08:52,0,0,1787,143.5,1,0.0,0,0.0,1002.3
2025-07-01 13:08:52,0,0,1787,143.5,1,0.0,0,0.0,1002.3
2025-07-01 13:08:52,0,0,1787,143.5,1,0.0,0,0.0,1002.3
2025-07-01 13:08:53,0,1,1795,143.5,1,0.0,0,0.0,1003.6
2025-07-01 13:08:53,0,1,1795,143.5,1,0.0,0,0.0,1003.6
2025-07-01 13:08:53,0,1,1795,143.5,1,0.0,0,0.0,1003.6
2025-07-01 13:08:53,0,1,1795,143.5,1,0.0,0,0.0,1003.6
2025-07-01 13:08:53,0,1,1795,143.5,1,0.0,0,0.0,1003.6
2025-07-01 13:08:53,0,1,1795,143.5,1,0.0,0,0.0,1003.6
2025-07-01 13:08:53,0,1,1795,143.5,1,0.0,0,0.0,1003.6
2025-07-01 13:08:53,0,1,1795,143.5,1,0.0,0,0.0,1003.6
2025-07-01 13:08:53,0,1,1795,143.5,1,0.0,0,0.0,1003.6
2025-07-01 13:08:54,0,1,1781,143.5,1,0.0,0,0.0,1004.0
2025-07-01 13:08:54,0,1,1781,143.5,1,0.0,0,0.0,1004.0
2025-07-01 13:08:54,0,1,1781,143.5,1,0.0,0,0.0,1004.0
2025-07-01 13:08:54,0,1,1781,143.5,1,0.0,0,0.0,1004.0
2025-07-01 13:08:54,0,1,1781,143.5,1,0.0,0,0.0,1004.0
2025-07-01 13:08:54,0,1,1781,143.5,1,0.0,0,0.0,1004.0
2025-07-01 13:08:54,0,1,1781,143.5,1,0.0,0,0.0,1004.0
2025-07-01 13:08:54,0,1,1781,143.5,1,0.0,0,0.0,1004.0
2025-07-01 13:08:55,0,1,1781,143.5,1,0.0,0,0.0,1004.0
2025-07-01 13:08:55,0,1,1792,143.5,1,0.0,0,0.0,999.6
2025-07-01 13:08:55,0,1,1792,143.5,1,0.0,0,0.0,999.6
2025-07-01 13:08:55,0,1,1792,143.5,1,0.0,0,0.0,999.6
2025-07-01 13:08:55,0,1,1792,143.5,1,0.0,0,0.0,999.6
2025-07-01 13:08:55,0,1,1792,143.5,1,0.0,0,0.0,999.6
2025-07-01 13:08:55,0,1,1792,143.5,1,0.0,0,0.0,999.6
2025-07-01 13:08:55,0,1,1792,143.5,1,0.0,0,0.0,999.6
2025-07-01 13:08:56,0,1,1792,143.5,1,0.0,0,0.0,999.6
2025-07-01 13:08:56,0,0,1904,143.5,1,0.0,0,0.0,1006.7
2025-07-01 13:08:56,0,0,1904,143.5,1,0.0,0,0.0,1006.7
2025-07-01 13:08:56,0,0,1904,143.5,1,0.0,0,0.0,1006.7
2025-07-01 13:08:56,0,0,1904,143.5,1,0.0,0,0.0,1006.7
2025-07-01 13:08:56,0,0,1904,143.5,1,0.0,0,0.0,1006.7
2025-07-01 13:08:56,0,0,1904,143.5,1,0.0,0,0.0,1006.7
2025-07-01 13:08:56,0,0,1904,143.5,1,0.0,0,0.0,1006.7
2025-07-01 13:08:56,0,0,1904,143.5,1,0.0,0,0.0,1006.7
2025-07-01 13:08:57,0,0,1904,143.5,1,0.0,0,0.0,1006.7
2025-07-01 13:08:57,0,0,1878,143.5,1,0.0,0,0.0,1001.4
2025-07-01 13:08:57,0,0,1878,143.5,1,0.0,0,0.0,1001.4
2025-07-01 13:08:57,0,0,1878,143.5,1,0.0,0,0.0,1001.4
2025-07-01 13:08:57,0,0,1878,143.5,1,0.0,0,0.0,1001.4
2025-07-01 13:08:57,0,0,1878,143.5,1,0.0,0,0.0,1001.4
2025-07-01 13:08:57,0,0,1878,143.5,1,0.0,0,0.0,1001.4
2025-07-01 13:08:57,0,0,1878,143.5,1,0.0,0,0.0,1001.4
2025-07-01 13:08:58,0,0,1878,143.5,1,0.0,0,0.0,1001.4
2025-07-01 13:08:58,0,1,1802,143.5,1,0.0,0,0.0,1005.9
2025-07-01 13:08:58,0,1,1802,143.5,1,0.0,0,0.0,1005.9
2025-07-01 13:08:58,0,1,1802,143.5,1,0.0,0,0.0,1005.9
2025-07-01 13:08:58,0,1,1802,143.5,1,0.0,0,0.0,1005.9
2025-07-01 13:08:58,0,1,1802,143.5,1,0.0,0,0.0,1005.9
2025-07-01 13:08:58,0,1,1802,143.5,1,0.0,0,0.0,1005.9
2025-07-01 13:08:58,0,1,1802,143.5,1,0.0,0,0.0,1005.9
2025-07-01 13:08:59,0,1,1802,143.5,1,0.0,0,0.0,1005.9
2025-07-01 13:08:59,0,1,1802,143.5,1,0.0,0,0.0,1005.9
2025-07-01 13:08:59,0,1,1798,143.5,1,0.0,0,0.0,1001.8
2025-07-01 13:08:59,0,1,1798,143.5,1,0.0,0,0.0,1001.8
2025-07-01 13:08:59,0,1,1798,143.5,1,0.0,0,0.0,1001.8
2025-07-01 13:08:59,0,1,1798,143.5,1,0.0,0,0.0,1001.8
2025-07-01 13:08:59,0,1,1798,143.5,1,0.0,0,0.0,1001.8
2025-07-01 13:08:59,0,1,1798,143.5,1,0.0,0,0.0,1001.8
2025-07-01 13:09:00,0,1,1798,143.5,1,0.0,0,0.0,1001.8
2025-07-01 13:09:00,0,1,1798,143.5,1,0.0,0,0.0,1001.8
2025-07-01 13:09:00,0,0,1977,143.5,1,0.0,0,0.0,999.3
2025-07-01 13:09:00,0,0,1977,143.5,1,0.0,0,0.0,999.3
2025-07-01 13:09:00,0,0,1977,143.5,1,0.0,0,0.0,999.3
2025-07-01 13:09:00,0,0,1977,143.5,1,0.0,0,0.0,999.3
2025-07-01 13:09:00,0,0,1977,143.5,1,0.0,0,0.0,999.3
2025-07-01 13:09:00,0,0,1977,143.5,1,0.0,0,0.0,999.3
2025-07-01 13:09:01,0,0,1977,143.5,1,0.0,0,0.0,999.3
2025-07-01 13:09:01,0,0,1977,143.5,1,0.0,0,0.0,999.3
2025-07-01 13:09:01,0,0,1977,143.5,1,0.0,0,0.0,999.3
2025-07-01 13:09:01,0,0,1657,143.5,1,0.0,0,0.0,1007.7
2025-07-01 13:09:01,0,0,1657,143.5,1,0.0,0,0.0,1007.7
2025-07-01 13:09:01,0,0,1657,143.5,1,0.0,0,0.0,1007.7
2025-07-01 13:09:01,0,0,1657,143.5,1,0.0,0,0.0,1007.7
2025-07-01 13:09:01,0,0,1657,143.5,1,0.0,0,0.0,1007.7
2025-07-01 13:09:01,0,0,1657,143.5,1,0.0,0,0.0,1007.7
2025-07-01 13:09:02,0,0,1657,143.5,1,0.0,0,0.0,1007.7
2025-07-01 13:09:02,0,0,1657,143.5,1,0.0,0,0.0,1007.7
2025-07-01 13:09:02,0,0,1657,143.5,1,0.0,0,0.0,1007.7
2025-07-01 13:09:02,0,0,1981,143.5,1,0.0,0,0.0,1003.9
2025-07-01 13:09:02,0,0,1981,143.5,1,0.0,0,0.0,1003.9
2025-07-01 13:09:02,0,0,1981,143.5,1,0.0,0,0.0,1003.9
2025-07-01 13:09:02,0,0,1981,143.5,1,0.0,0,0.0,1003.9
2025-07-01 13:09:02,0,0,1981,143.5,1,0.0,0,0.0,1003.9
2025-07-01 13:09:02,0,0,1981,143.5,1,0.0,0,0.0,1003.9
2025-07-01 13:09:03,0,0,1981,143.5,1,0.0,0,0.0,1003.9
2025-07-01 13:09:03,0,0,1981,143.5,1,0.0,0,0.0,1003.9
2025-07-01 13:09:03,0,0,1981,143.5,1,0.0,0,0.0,1003.9
2025-07-01 13:09:03,0,0,1942,143.5,1,0.0,0,0.0,1007.0
2025-07-01 13:09:03,0,0,1942,143.5,1,0.0,0,0.0,1007.0
2025-07-01 13:09:03,0,0,1942,143.5,1,0.0,0,0.0,1007.0
2025-07-01 13:09:03,0,0,1942,143.5,1,0.0,0,0.0,1007.0
2025-07-01 13:09:03,0,0,1942,143.5,1,0.0,0,0.0,1007.0
2025-07-01 13:09:03,0,0,1942,143.5,1,0.0,0,0.0,1007.0
2025-07-01 13:09:04,0,0,1942,143.5,1,0.0,0,0.0,1007.0
2025-07-01 13:09:04,0,0,1942,143.5,1,0.0,0,0.0,1007.0
2025-07-01 13:09:04,0,0,1942,143.5,1,0.0,0,0.0,1007.0
2025-07-01 13:09:04,0,1,1786,143.5,1,0.0,0,0.0,1001.3
2025-07-01 13:09:04,0,1,1786,143.5,1,0.0,0,0.0,1001.3
2025-07-01 13:09:04,0,1,1786,143.5,1,0.0,0,0.0,1001.3
2025-07-01 13:09:04,0,1,1786,143.5,1,0.0,0,0.0,1001.3
2025-07-01 13:09:04,0,1,1786,143.5,1,0.0,0,0.0,1001.3
2025-07-01 13:09:05,0,1,1786,143.5,1,0.0,0,0.0,1001.3
2025-07-01 13:09:05,0,1,1786,143.5,1,0.0,0,0.0,1001.3
2025-07-01 13:09:05,0,1,1786,143.5,1,0.0,0,0.0,1001.3
2025-07-01 13:09:05,0,1,1786,143.5,1,0.0,0,0.0,1001.3
2025-07-01 13:09:05,0,1,1788,143.5,1,0.0,0,0.0,1000.8
2025-07-01 13:09:05,0,1,1788,143.5,1,0.0,0,0.0,1000.8
2025-07-01 13:09:05,0,1,1788,143.5,1,0.0,0,0.0,1000.8
2025-07-01 13:09:05,0,1,1788,143.5,1,0.0,0,0.0,1000.8
2025-07-01 13:09:06,0,1,1788,143.5,1,0.0,0,0.0,1000.8
2025-07-01 13:09:06,0,1,1788,143.5,1,0.0,0,0.0,1000.8
2025-07-01 13:09:06,0,1,1788,143.5,1,0.0,0,0.0,1000.8
2025-07-01 13:09:06,0,1,1788,143.5,1,0.0,0,0.0,1000.8
2025-07-01 13:09:06,0,0,1755,143.5,1,0.0,0,0.0,1004.4
2025-07-01 13:09:06,0,0,1755,143.5,1,0.0,0,0.0,1004.4
2025-07-01 13:09:06,0,0,1755,143.5,1,0.0,0,0.0,1004.4
2025-07-01 13:09:06,0,0,1755,143.5,1,0.0,0,0.0,1004.4
2025-07-01 13:09:07,0,0,1755,143.5,1,0.0,0,0.0,1004.4
2025-07-01 13:09:07,0,0,1755,143.5,1,0.0,0,0.0,1004.4
2025-07-01 13:09:07,0,0,1755,143.5,1,0.0,0,0.0,1004.4
2025-07-01 13:09:07,0,0,1755,143.5,1,0.0,0,0.0,1004.4
2025-07-01 13:09:07,0,0,1755,143.5,1,0.0,0,0.0,1004.4
2025-07-01 13:09:07,0,1,1791,143.5,1,0.0,0,0.0,1002.8
2025-07-01 13:09:07,0,1,1791,143.5,1,0.0,0,0.0,1002.8
2025-07-01 13:09:07,0,1,1791,143.5,1,0.0,0,0.0,1002.8
2025-07-01 13:09:08,0,1,1791,143.5,1,0.0,0,0.0,1002.8
2025-07-01 13:09:08,0,1,1791,143.5,1,0.0,0,0.0,1002.8
2025-07-01 13:09:08,0,1,1791,143.5,1,0.0,0,0.0,1002.8
2025-07-01 13:09:08,0,1,1791,143.5,1,0.0,0,0.0,1002.8
2025-07-01 13:09:08,0,1,1791,143.5,1,0.0,0,0.0,1002.8
2025-07-01 13:09:08,0,1,1791,143.5,1,0.0,0,0.0,1002.8
2025-07-01 13:09:08,0,0,1840,143.5,1,0.0,0,0.0,1001.7
2025-07-01 13:09:08,0,0,1840,143.5,1,0.0,0,0.0,1001.7
2025-07-01 13:09:09,0,0,1840,143.5,1,0.0,0,0.0,1001.7
2025-07-01 13:09:09,0,0,1840,143.5,1,0.0,0,0.0,1001.7
2025-07-01 13:09:09,0,0,1840,143.5,1,0.0,0,0.0,1001.7
2025-07-01 13:09:09,0,0,1840,143.5,1,0.0,0,0.0,1001.7
2025-07-01 13:09:09,0,0,1840,143.5,1,0.0,0,0.0,1001.7
2025-07-01 13:09:09,0,0,1840,143.5,1,0.0,0,0.0,1001.7
2025-07-01 13:09:09,0,1,1791,143.5,1,0.0,0,0.0,1002.5
2025-07-01 13:09:09,0,1,1791,143.5,1,0.0,0,0.0,1002.5
2025-07-01 13:09:10,0,1,1791,143.5,1,0.0,0,0.0,1002.5
2025-07-01 13:09:10,0,1,1791,143.5,1,0.0,0,0.0,1002.5
2025-07-01 13:09:10,0,1,1791,143.5,1,0.0,0,0.0,1002.5
2025-07-01 13:09:10,0,1,1791,143.5,1,0.0,0,0.0,1002.5
2025-07-01 13:09:10,0,1,1791,143.5,1,0.0,0,0.0,1002.5
2025-07-01 13:09:10,0,1,1791,143.5,1,0.0,0,0.0,1002.5
2025-07-01 13:09:10,0,1,1791,143.5,1,0.0,0,0.0,1002.5
2025-07-01 13:09:10,0,1,1794,143.5,1,0.0,0,0.0,1002.8
2025-07-01 13:09:11,0,1,1794,143.5,1,0.0,0,0.0,1002.8
2025-07-01 13:09:11,0,1,1794,143.5,1,0.0,0,0.0,1002.8
2025-07-01 13:09:11,0,1,1794,143.5,1,0.0,0,0.0,1002.8
2025-07-01 13:09:11,0,1,1794,143.5,1,0.0,0,0.0,1002.8
2025-07-01 13:09:11,0,1,1794,143.5,1,0.0,0,0.0,1002.8
2025-07-01 13:09:11,0,1,1794,143.5,1,0.0,0,0.0,1002.8
2025-07-01 13:09:11,0,1,1794,143.5,1,0.0,0,0.0,1002.8
2025-07-01 13:09:11,0,1,1781,143.5,1,0.0,0,0.0,1005.4
2025-07-01 13:09:12,0,1,1781,143.5,1,0.0,0,0.0,1005.4
2025-07-01 13:09:12,0,1,1781,143.5,1,0.0,0,0.0,1005.4
2025-07-01 13:09:12,0,1,1781,143.5,1,0.0,0,0.0,1005.4
2025-07-01 13:09:12,0,1,1781,143.5,1,0.0,0,0.0,1005.4
2025-07-01 13:09:12,0,1,1781,143.5,1,0.0,0,0.0,1005.4
2025-07-01 13:09:12,0,1,1781,143.5,1,0.0,0,0.0,1005.4
2025-07-01 13:09:12,0,1,1781,143.5,1,0.0,0,0.0,1005.4
2025-07-01 13:09:12,0,1,1790,143.5,1,0.0,0,0.0,1001.5
2025-07-01 13:09:13,0,1,1790,143.5,1,0.0,0,0.0,1001.5
2025-07-01 13:09:13,0,1,1790,143.5,1,0.0,0,0.0,1001.5
2025-07-01 13:09:13,0,1,1790,143.5,1,0.0,0,0.0,1001.5
2025-07-01 13:09:13,0,1,1790,143.5,1,0.0,0,0.0,1001.5
2025-07-01 13:09:13,0,1,1790,143.5,1,0.0,0,0.0,1001.5
2025-07-01 13:09:13,0,1,1790,143.5,1,0.0,0,0.0,1001.5
2025-07-01 13:09:13,0,1,1790,143.5,1,0.0,0,0.0,1001.5
2025-07-01 13:09:13,0,1,1790,143.5,1,0.0,0,0.0,1001.5
2025-07-01 13:09:14,0,0,1946,143.5,1,0.0,0,0.0,1005.4
2025-07-01 13:09:14,0,0,1946,143.5,1,0.0,0,0.0,1005.4
2025-07-01 13:09:14,0,0,1946,143.5,1,0.0,0,0.0,1005.4
2025-07-01 13:09:14,0,0,1946,143.5,1,0.0,0,0.0,1005.4
2025-07-01 13:09:14,0,0,1946,143.5,1,0.0,0,0.0,1005.4
2025-07-01 13:09:14,0,0,1946,143.5,1,0.0,0,0.0,1005.4
2025-07-01 13:09:14,0,0,1946,143.5,1,0.0,0,0.0,1005.4
2025-07-01 13:09:14,0,0,1946,143.5,1,0.0,0,0.0,1005.4
2025-07-01 13:09:15,0,0,1946,143.5,1,0.0,0,0.0,1005.4
2025-07-01 13:09:15,0,0,1946,143.5,1,0.0,0,0.0,1005.4
2025-07-01 13:09:15,0,0,1946,143.5,1,0.0,0,0.0,1005.4
2025-07-01 13:09:15,0,0,1946,143.5,1,0.0,0,0.0,1005.4
2025-07-01 13:09:15,0,0,1946,143.5,1,0.0,0,0.0,1005.4
2025-07-01 13:09:15,0,0,1946,143.5,1,0.0,0,0.0,1005.4
2025-07-01 13:09:15,0,0,1946,143.5,1,0.0,0,0.0,1005.4
2025-07-01 13:09:15,0,0,1946,143.5,1,0.0,0,0.0,1005.4
2025-07-01 13:09:16,0,0,1946,143.5,1,0.0,0,0.0,1005.4
2025-07-01 13:09:16,0,0,1946,143.5,1,0.0,0,0.0,1005.4
2025-07-01 13:09:16,0,0,1946,143.5,1,0.0,0,0.0,1005.4
2025-07-01 13:09:16,0,0,1946,143.5,1,0.0,0,0.0,1005.4
2025-07-01 13:09:16,0,0,1946,143.5,1,0.0,0,0.0,1005.4
2025-07-01 13:09:16,0,0,1946,143.5,1,0.0,0,0.0,1005.4
2025-07-01 13:09:16,0,0,1946,143.5,1,0.0,0,0.0,1005.4
2025-07-01 13:09:16,0,0,1946,143.5,1,0.0,0,0.0,1005.4
2025-07-01 13:09:17,0,0,1946,143.5,1,0.0,0,0.0,1005.4
2025-07-01 13:09:17,0,1,1789,178.0,1,0.0,0,0.0,1006.0
2025-07-01 13:09:17,0,1,1789,178.0,1,0.0,0,0.0,1006.0
2025-07-01 13:09:17,0,1,1789,178.0,1,0.0,0,0.0,1006.0
2025-07-01 13:09:17,0,1,1789,178.0,1,0.0,0,0.0,1006.0
2025-07-01 13:09:17,0,1,1789,178.0,1,0.0,0,0.0,1006.0
2025-07-01 13:09:17,0,1,1789,178.0,1,0.0,0,0.0,1006.0
2025-07-01 13:09:17,0,1,1789,178.0,1,0.0,0,0.0,1006.0
2025-07-01 13:09:18,0,1,1789,178.0,1,0.0,0,0.0,1006.0
2025-07-01 13:09:18,0,0,1561,178.0,1,0.0,0,0.0,1001.9
2025-07-01 13:09:18,0,0,1561,178.0,1,0.0,0,0.0,1001.9
2025-07-01 13:09:18,0,0,1561,178.0,1,0.0,0,0.0,1001.9
2025-07-01 13:09:18,0,0,1561,178.0,1,0.0,0,0.0,1001.9
2025-07-01 13:09:18,0,0,1561,178.0,1,0.0,0,0.0,1001.9
2025-07-01 13:09:18,0,0,1561,178.0,1,0.0,0,0.0,1001.9
2025-07-01 13:09:19,0,0,1561,178.0,1,0.0,0,0.0,1001.9
2025-07-01 13:09:19,0,0,1561,178.0,1,0.0,0,0.0,1001.9
2025-07-01 13:09:19,0,0,1927,178.0,1,0.0,0,0.0,1002.4
2025-07-01 13:09:19,0,0,1927,178.0,1,0.0,0,0.0,1002.4
2025-07-01 13:09:19,0,0,1927,178.0,1,0.0,0,0.0,1002.4
2025-07-01 13:09:19,0,0,1927,178.0,1,0.0,0,0.0,1002.4
2025-07-01 13:09:19,0,0,1927,178.0,1,0.0,0,0.0,1002.4
2025-07-01 13:09:20,0,0,1927,178.0,1,0.0,0,0.0,1002.4
2025-07-01 13:09:20,0,0,1927,178.0,1,0.0,0,0.0,1002.4
2025-07-01 13:09:20,0,1,1789,178.0,1,0.0,0,0.0,1007.0
2025-07-01 13:09:20,0,1,1789,178.0,1,0.0,0,0.0,1007.0
2025-07-01 13:09:20,0,1,1789,178.0,1,0.0,0,0.0,1007.0
2025-07-01 13:09:20,0,1,1789,178.0,1,0.0,0,0.0,1007.0
2025-07-01 13:09:20,0,1,1789,178.0,1,0.0,0,0.0,1007.0
2025-07-01 13:09:21,0,1,1789,178.0,1,0.0,0,0.0,1007.0
2025-07-01 13:09:21,0,1,1789,178.0,1,0.0,0,0.0,1007.0
2025-07-01 13:09:21,0,1,1789,178.0,1,0.0,0,0.0,1007.0
2025-07-01 13:09:21,0,1,1789,178.0,1,0.0,0,0.0,1007.0
2025-07-01 13:09:21,0,1,1770,178.0,1,0.0,0,0.0,1007.0
2025-07-01 13:09:21,0,1,1770,178.0,1,0.0,0,0.0,1007.0
2025-07-01 13:09:21,0,1,1770,178.0,1,0.0,0,0.0,1007.0
2025-07-01 13:09:21,0,1,1770,178.0,1,0.0,0,0.0,1007.0
2025-07-01 13:09:21,0,1,1770,178.0,1,0.0,0,0.0,1007.0
2025-07-01 13:09:22,0,1,1770,178.0,1,0.0,0,0.0,1007.0
2025-07-01 13:09:22,0,1,1770,178.0,1,0.0,0,0.0,1007.0
2025-07-01 13:09:23,0,1,1770,178.0,1,0.0,0,0.0,1007.0
2025-07-01 13:09:23,0,0,1593,178.0,1,0.0,0,0.0,1007.2
2025-07-01 13:09:23,0,0,1593,178.0,1,0.0,0,0.0,1007.2
2025-07-01 13:09:24,0,0,1593,178.0,1,0.0,0,0.0,1007.2
2025-07-01 13:09:24,0,0,1593,178.0,1,0.0,0,0.0,1007.2
2025-07-01 13:09:24,0,0,1593,178.0,1,0.0,0,0.0,1007.2
2025-07-01 13:09:24,0,0,1593,178.0,1,0.0,0,0.0,1007.2
2025-07-01 13:09:24,0,0,1593,178.0,1,0.0,0,0.0,1007.2
2025-07-01 13:09:24,0,0,1593,178.0,1,0.0,0,0.0,1007.2
2025-07-01 13:09:24,0,0,1593,178.0,1,0.0,0,0.0,1007.2
2025-07-01 13:09:24,0,0,1593,178.0,1,0.0,0,0.0,1007.2
2025-07-01 13:09:24,0,1,1786,178.0,1,0.0,0,0.0,1005.0
2025-07-01 13:09:25,0,1,1786,178.0,1,0.0,0,0.0,1005.0
2025-07-01 13:09:25,0,1,1786,178.0,1,0.0,0,0.0,1005.0
2025-07-01 13:09:25,0,1,1786,178.0,1,0.0,0,0.0,1005.0
2025-07-01 13:09:25,0,1,1786,178.0,1,0.0,0,0.0,1005.0
2025-07-01 13:09:25,0,1,1786,178.0,1,0.0,0,0.0,1005.0
2025-07-01 13:09:25,0,1,1786,178.0,1,0.0,0,0.0,1005.0
2025-07-01 13:09:25,0,1,1786,178.0,1,0.0,0,0.0,1005.0
2025-07-01 13:09:26,0,0,1940,178.0,1,0.0,0,0.0,1003.7
2025-07-01 13:09:26,0,0,1940,178.0,1,0.0,0,0.0,1003.7
2025-07-01 13:09:26,0,0,1940,178.0,1,0.0,0,0.0,1003.7
2025-07-01 13:09:26,0,0,1940,178.0,1,0.0,0,0.0,1003.7
2025-07-01 13:09:26,0,0,1940,178.0,1,0.0,0,0.0,1003.7
2025-07-01 13:09:26,0,0,1940,178.0,1,0.0,0,0.0,1003.7
2025-07-01 13:09:26,0,0,1940,178.0,1,0.0,0,0.0,1003.7
2025-07-01 13:09:26,0,0,1940,178.0,1,0.0,0,0.0,1003.7
2025-07-01 13:09:27,0,0,1651,178.0,1,0.0,0,0.0,1003.8
2025-07-01 13:09:27,0,0,1651,178.0,1,0.0,0,0.0,1003.8
2025-07-01 13:09:27,0,0,1651,178.0,1,0.0,0,0.0,1003.8
2025-07-01 13:09:27,0,0,1651,178.0,1,0.0,0,0.0,1003.8
2025-07-01 13:09:27,0,0,1651,178.0,1,0.0,0,0.0,1003.8
2025-07-01 13:09:27,0,0,1651,178.0,1,0.0,0,0.0,1003.8
2025-07-01 13:09:27,0,0,1651,178.0,1,0.0,0,0.0,1003.8
2025-07-01 13:09:27,0,0,1651,178.0,1,0.0,0,0.0,1003.8
2025-07-01 13:09:28,0,1,1800,178.0,1,0.0,0,0.0,1003.5
2025-07-01 13:09:28,0,1,1800,178.0,1,0.0,0,0.0,1003.5
2025-07-01 13:09:28,0,1,1800,178.0,1,0.0,0,0.0,1003.5
2025-07-01 13:09:28,0,1,1800,178.0,1,0.0,0,0.0,1003.5
2025-07-01 13:09:28,0,1,1800,178.0,1,0.0,0,0.0,1003.5
2025-07-01 13:09:28,0,1,1800,178.0,1,0.0,0,0.0,1003.5
2025-07-01 13:09:28,0,1,1800,178.0,1,0.0,0,0.0,1003.5
2025-07-01 13:09:28,0,1,1800,178.0,1,0.0,0,0.0,1003.5
2025-07-01 13:09:29,0,1,1800,178.0,1,0.0,0,0.0,1003.5
2025-07-01 13:09:29,0,0,1965,178.0,1,0.0,0,0.0,1006.2
2025-07-01 13:09:29,0,0,1965,178.0,1,0.0,0,0.0,1006.2
2025-07-01 13:09:29,0,0,1965,178.0,1,0.0,0,0.0,1006.2
2025-07-01 13:09:29,0,0,1965,178.0,1,0.0,0,0.0,1006.2
2025-07-01 13:09:29,0,0,1965,178.0,1,0.0,0,0.0,1006.2
2025-07-01 13:09:29,0,0,1965,178.0,1,0.0,0,0.0,1006.2
2025-07-01 13:09:29,0,0,1965,178.0,1,0.0,0,0.0,1006.2
2025-07-01 13:09:30,0,0,1965,178.0,1,0.0,0,0.0,1006.2
2025-07-01 13:09:30,0,0,1967,178.0,1,0.0,0,0.0,1003.1
2025-07-01 13:09:30,0,0,1967,178.0,1,0.0,0,0.0,1003.1
2025-07-01 13:09:30,0,0,1967,178.0,1,0.0,0,0.0,1003.1
2025-07-01 13:09:30,0,0,1967,178.0,1,0.0,0,0.0,1003.1
2025-07-01 13:09:30,0,0,1967,178.0,1,0.0,0,0.0,1003.1
2025-07-01 13:09:30,0,0,1967,178.0,1,0.0,0,0.0,1003.1
2025-07-01 13:09:30,0,0,1967,178.0,1,0.0,0,0.0,1003.1
2025-07-01 13:09:30,0,0,1967,178.0,1,0.0,0,0.0,1003.1
2025-07-01 13:09:31,0,0,1967,178.0,1,0.0,0,0.0,1003.1
2025-07-01 13:09:31,0,1,1794,125.3,1,0.0,0,0.0,1009.1
2025-07-01 13:09:31,0,1,1794,125.3,1,0.0,0,0.0,1009.1
2025-07-01 13:09:31,0,1,1794,125.3,1,0.0,0,0.0,1009.1
2025-07-01 13:09:31,0,1,1794,125.3,1,0.0,0,0.0,1009.1
2025-07-01 13:09:31,0,1,1794,125.3,1,0.0,0,0.0,1009.1
2025-07-01 13:09:31,0,1,1794,125.3,1,0.0,0,0.0,1009.1
2025-07-01 13:09:31,0,1,1794,125.3,1,0.0,0,0.0,1009.1
2025-07-01 13:09:32,0,1,1794,125.3,1,0.0,0,0.0,1009.1
2025-07-01 13:09:32,0,0,1972,125.3,1,0.0,0,0.0,1005.0
2025-07-01 13:09:32,0,0,1972,125.3,1,0.0,0,0.0,1005.0
2025-07-01 13:09:32,0,0,1972,125.3,1,0.0,0,0.0,1005.0
2025-07-01 13:09:32,0,0,1972,125.3,1,0.0,0,0.0,1005.0
2025-07-01 13:09:32,0,0,1972,125.3,1,0.0,0,0.0,1005.0
2025-07-01 13:09:32,0,0,1972,125.3,1,0.0,0,0.0,1005.0
2025-07-01 13:09:33,0,0,1972,125.3,1,0.0,0,0.0,1005.0
2025-07-01 13:09:33,0,0,1972,125.3,1,0.0,0,0.0,1005.0
2025-07-01 13:09:33,0,1,1791,125.3,1,0.0,0,0.0,1003.8
2025-07-01 13:09:33,0,1,1791,125.3,1,0.0,0,0.0,1003.8
2025-07-01 13:09:33,0,1,1791,125.3,1,0.0,0,0.0,1003.8
2025-07-01 13:09:33,0,1,1791,125.3,1,0.0,0,0.0,1003.8
2025-07-01 13:09:33,0,1,1791,125.3,1,0.0,0,0.0,1003.8
2025-07-01 13:09:33,0,1,1791,125.3,1,0.0,0,0.0,1003.8
2025-07-01 13:09:33,0,1,1791,125.3,1,0.0,0,0.0,1003.8
2025-07-01 13:09:34,0,1,1791,125.3,1,0.0,0,0.0,1003.8
2025-07-01 13:09:34,0,1,1791,125.3,1,0.0,0,0.0,1003.8
2025-07-01 13:09:34,0,1,1791,125.3,1,0.0,0,0.0,1003.8
2025-07-01 13:09:34,0,1,1791,125.3,1,0.0,0,0.0,1003.8
2025-07-01 13:09:34,0,1,1791,125.3,1,0.0,0,0.0,1003.8
2025-07-01 13:09:34,0,1,1791,125.3,1,0.0,0,0.0,1003.8
2025-07-01 13:09:34,0,1,1791,125.3,1,0.0,0,0.0,1003.8
2025-07-01 13:09:34,0,1,1791,125.3,1,0.0,0,0.0,1003.8
2025-07-01 13:09:35,0,1,1791,125.3,1,0.0,0,0.0,1003.8
2025-07-01 13:09:35,0,1,1791,125.3,1,0.0,0,0.0,1003.8
2025-07-01 13:09:35,0,1,1777,142.5,1,0.0,0,0.0,1008.0
2025-07-01 13:09:35,0,1,1777,142.5,1,0.0,0,0.0,1008.0
2025-07-01 13:09:35,0,1,1777,142.5,1,0.0,0,0.0,1008.0
2025-07-01 13:09:35,0,1,1777,142.5,1,0.0,0,0.0,1008.0
2025-07-01 13:09:35,0,1,1777,142.5,1,0.0,0,0.0,1008.0
2025-07-01 13:09:35,0,1,1777,142.5,1,0.0,0,0.0,1008.0
2025-07-01 13:09:36,0,1,1777,142.5,1,0.0,0,0.0,1008.0
2025-07-01 13:09:36,0,1,1777,142.5,1,0.0,0,0.0,1008.0
2025-07-01 13:09:36,0,1,1777,142.5,1,0.0,0,0.0,1008.0
2025-07-01 13:09:36,0,0,1847,142.9,1,0.0,0,0.0,1006.2
2025-07-01 13:09:36,0,0,1847,142.9,1,0.0,0,0.0,1006.2
2025-07-01 13:09:36,0,0,1847,142.9,1,0.0,0,0.0,1006.2
2025-07-01 13:09:36,0,0,1847,142.9,1,0.0,0,0.0,1006.2
2025-07-01 13:09:37,0,0,1847,142.9,1,0.0,0,0.0,1006.2
2025-07-01 13:09:37,0,0,1847,142.9,1,0.0,0,0.0,1006.2
2025-07-01 13:09:37,0,0,1847,142.9,1,0.0,0,0.0,1006.2
2025-07-01 13:09:37,0,0,1847,142.9,1,0.0,0,0.0,1006.2
2025-07-01 13:09:37,0,0,1847,142.9,1,0.0,0,0.0,1006.2
2025-07-01 13:09:37,0,0,1847,142.9,1,0.0,0,0.0,1006.2
2025-07-01 13:09:37,0,0,1847,142.9,1,0.0,0,0.0,1006.2
2025-07-01 13:09:37,0,0,1847,142.9,1,0.0,0,0.0,1006.2
2025-07-01 13:09:38,0,0,1847,142.9,1,0.0,0,0.0,1006.2
2025-07-01 13:09:38,0,0,1847,142.9,1,0.0,0,0.0,1006.2
2025-07-01 13:09:38,0,0,1847,142.9,1,0.0,0,0.0,1006.2
2025-07-01 13:09:38,0,0,1847,142.9,1,0.0,0,0.0,1006.2
2025-07-01 13:09:38,0,1,1795,142.9,1,0.0,0,0.0,1004.4
2025-07-01 13:09:38,0,1,1795,142.9,1,0.0,0,0.0,1004.4
2025-07-01 13:09:38,0,1,1795,142.9,1,0.0,0,0.0,1004.4
2025-07-01 13:09:38,0,1,1795,142.9,1,0.0,0,0.0,1004.4
2025-07-01 13:09:39,0,1,1795,142.9,1,0.0,0,0.0,1004.4
2025-07-01 13:09:39,0,1,1795,142.9,1,0.0,0,0.0,1004.4
2025-07-01 13:09:39,0,1,1795,142.9,1,0.0,0,0.0,1004.4
2025-07-01 13:09:39,0,1,1795,142.9,1,0.0,0,0.0,1004.4
2025-07-01 13:09:39,0,1,1799,142.9,1,0.0,0,0.0,1005.3
2025-07-01 13:09:39,0,1,1799,142.9,1,0.0,0,0.0,1005.3
2025-07-01 13:09:39,0,1,1799,142.9,1,0.0,0,0.0,1005.3
2025-07-01 13:09:39,0,1,1799,142.9,1,0.0,0,0.0,1005.3
2025-07-01 13:09:40,0,1,1799,142.9,1,0.0,0,0.0,1005.3
2025-07-01 13:09:40,0,1,1799,142.9,1,0.0,0,0.0,1005.3
2025-07-01 13:09:40,0,1,1799,142.9,1,0.0,0,0.0,1005.3
2025-07-01 13:09:40,0,1,1799,142.9,1,0.0,0,0.0,1005.3
2025-07-01 13:09:40,0,0,1863,142.9,1,0.0,0,0.0,1006.2
2025-07-01 13:09:40,0,0,1863,142.9,1,0.0,0,0.0,1006.2
2025-07-01 13:09:40,0,0,1863,142.9,1,0.0,0,0.0,1006.2
2025-07-01 13:09:40,0,0,1863,142.9,1,0.0,0,0.0,1006.2
2025-07-01 13:09:41,0,0,1863,142.9,1,0.0,0,0.0,1006.2
2025-07-01 13:09:41,0,0,1863,142.9,1,0.0,0,0.0,1006.2
2025-07-01 13:09:41,0,0,1863,142.9,1,0.0,0,0.0,1006.2
2025-07-01 13:09:41,0,0,1863,142.9,1,0.0,0,0.0,1006.2
2025-07-01 13:09:41,0,0,1863,142.9,1,0.0,0,0.0,1006.2
2025-07-01 13:09:41,0,0,1922,142.9,1,0.0,0,0.0,1006.4
2025-07-01 13:09:41,0,0,1922,142.9,1,0.0,0,0.0,1006.4
2025-07-01 13:09:41,0,0,1922,142.9,1,0.0,0,0.0,1006.4
2025-07-01 13:09:41,0,0,1922,142.9,1,0.0,0,0.0,1006.4
2025-07-01 13:09:42,0,0,1922,142.9,1,0.0,0,0.0,1006.4
2025-07-01 13:09:42,0,0,1922,142.9,1,0.0,0,0.0,1006.4
2025-07-01 13:09:42,0,0,1922,142.9,1,0.0,0,0.0,1006.4
2025-07-01 13:09:42,0,0,1922,142.9,1,0.0,0,0.0,1006.4
2025-07-01 13:09:42,0,0,1922,142.9,1,0.0,0,0.0,1006.4
2025-07-01 13:09:42,0,0,1977,142.9,1,0.0,0,0.0,1002.5
2025-07-01 13:09:42,0,0,1977,142.9,1,0.0,0,0.0,1002.5
2025-07-01 13:09:42,0,0,1977,142.9,1,0.0,0,0.0,1002.5
2025-07-01 13:09:42,0,0,1977,142.9,1,0.0,0,0.0,1002.5
2025-07-01 13:09:43,0,0,1977,142.9,1,0.0,0,0.0,1002.5
2025-07-01 13:09:43,0,0,1977,142.9,1,0.0,0,0.0,1002.5
2025-07-01 13:09:43,0,0,1977,142.9,1,0.0,0,0.0,1002.5
2025-07-01 13:09:43,0,0,1977,142.9,1,0.0,0,0.0,1002.5
2025-07-01 13:09:43,0,0,1977,142.9,1,0.0,0,0.0,1002.5
2025-07-01 13:09:43,0,1,1782,142.9,1,0.0,0,0.0,1001.7
2025-07-01 13:09:43,0,1,1782,142.9,1,0.0,0,0.0,1001.7
2025-07-01 13:09:43,0,1,1782,142.9,1,0.0,0,0.0,1001.7
2025-07-01 13:09:44,0,1,1782,142.9,1,0.0,0,0.0,1001.7
2025-07-01 13:09:44,0,1,1782,142.9,1,0.0,0,0.0,1001.7
2025-07-01 13:09:44,0,1,1782,142.9,1,0.0,0,0.0,1001.7
2025-07-01 13:09:44,0,1,1782,142.9,1,0.0,0,0.0,1001.7
2025-07-01 13:09:44,0,1,1782,142.9,1,0.0,0,0.0,1001.7
2025-07-01 13:09:44,0,1,1782,142.9,1,0.0,0,0.0,1001.7
2025-07-01 13:09:44,0,0,1723,142.9,1,0.0,0,0.0,997.6
2025-07-01 13:09:44,0,0,1723,142.9,1,0.0,0,0.0,997.6
2025-07-01 13:09:44,0,0,1723,142.9,1,0.0,0,0.0,997.6
2025-07-01 13:09:45,0,0,1723,142.9,1,0.0,0,0.0,997.6
2025-07-01 13:09:45,0,0,1723,142.9,1,0.0,0,0.0,997.6
2025-07-01 13:09:45,0,0,1723,142.9,1,0.0,0,0.0,997.6
2025-07-01 13:09:45,0,0,1723,142.9,1,0.0,0,0.0,997.6
2025-07-01 13:09:45,0,0,1723,142.9,1,0.0,0,0.0,997.6
2025-07-01 13:09:45,0,0,1723,142.9,1,0.0,0,0.0,997.6
2025-07-01 13:09:45,0,1,1790,178.0,1,0.0,0,0.0,1003.5
2025-07-01 13:09:46,0,1,1790,178.0,1,0.0,0,0.0,1003.5
2025-07-01 13:09:46,0,1,1790,178.0,1,0.0,0,0.0,1003.5
2025-07-01 13:09:46,0,1,1790,178.0,1,0.0,0,0.0,1003.5
2025-07-01 13:09:46,0,1,1790,178.0,1,0.0,0,0.0,1003.5
2025-07-01 13:09:46,0,1,1790,178.0,1,0.0,0,0.0,1003.5
2025-07-01 13:09:46,0,1,1790,178.0,1,0.0,0,0.0,1003.5
2025-07-01 13:09:46,0,1,1790,178.0,1,0.0,0,0.0,1003.5
2025-07-01 13:09:46,0,0,1911,178.0,1,0.0,0,0.0,1001.5
2025-07-01 13:09:46,0,0,1911,178.0,1,0.0,0,0.0,1001.5
2025-07-01 13:09:47,0,0,1911,178.0,1,0.0,0,0.0,1001.5
2025-07-01 13:09:47,0,0,1911,178.0,1,0.0,0,0.0,1001.5
2025-07-01 13:09:47,0,0,1911,178.0,1,0.0,0,0.0,1001.5
2025-07-01 13:09:47,0,0,1911,178.0,1,0.0,0,0.0,1001.5
2025-07-01 13:09:47,0,0,1911,178.0,1,0.0,0,0.0,1001.5
2025-07-01 13:09:47,0,0,1911,178.0,1,0.0,0,0.0,1001.5
2025-07-01 13:09:47,0,0,1875,178.0,1,0.0,0,0.0,1000.9
2025-07-01 13:09:48,0,0,1875,178.0,1,0.0,0,0.0,1000.9
2025-07-01 13:09:48,0,0,1875,178.0,1,0.0,0,0.0,1000.9
2025-07-01 13:09:48,0,0,1875,178.0,1,0.0,0,0.0,1000.9
2025-07-01 13:09:48,0,0,1875,178.0,1,0.0,0,0.0,1000.9
2025-07-01 13:09:48,0,0,1875,178.0,1,0.0,0,0.0,1000.9
2025-07-01 13:09:48,0,0,1875,178.0,1,0.0,0,0.0,1000.9
2025-07-01 13:09:48,0,0,1875,178.0,1,0.0,0,0.0,1000.9
2025-07-01 13:09:48,0,0,1875,178.0,1,0.0,0,0.0,1000.9
2025-07-01 13:09:48,0,0,1965,178.0,1,0.0,0,0.0,1003.6
2025-07-01 13:09:49,0,0,1965,178.0,1,0.0,0,0.0,1003.6
2025-07-01 13:09:49,0,0,1965,178.0,1,0.0,0,0.0,1003.6
2025-07-01 13:09:49,0,0,1965,178.0,1,0.0,0,0.0,1003.6
2025-07-01 13:09:49,0,0,1965,178.0,1,0.0,0,0.0,1003.6
2025-07-01 13:09:49,0,0,1965,178.0,1,0.0,0,0.0,1003.6
2025-07-01 13:09:49,0,0,1965,178.0,1,0.0,0,0.0,1003.6
2025-07-01 13:09:49,0,0,1965,178.0,1,0.0,0,0.0,1003.6
2025-07-01 13:09:49,0,0,1965,178.0,1,0.0,0,0.0,1003.6
2025-07-01 13:09:50,0,0,1675,178.0,1,0.0,0,0.0,1002.1
2025-07-01 13:09:50,0,0,1675,178.0,1,0.0,0,0.0,1002.1
2025-07-01 13:09:50,0,0,1675,178.0,1,0.0,0,0.0,1002.1
2025-07-01 13:09:50,0,0,1675,178.0,1,0.0,0,0.0,1002.1
2025-07-01 13:09:50,0,0,1675,178.0,1,0.0,0,0.0,1002.1
2025-07-01 13:09:50,0,0,1675,178.0,1,0.0,0,0.0,1002.1
2025-07-01 13:09:50,0,0,1675,178.0,1,0.0,0,0.0,1002.1
2025-07-01 13:09:50,0,0,1675,178.0,1,0.0,0,0.0,1002.1
2025-07-01 13:09:51,0,0,1675,178.0,1,0.0,0,0.0,1002.1
2025-07-01 13:09:51,0,0,1503,178.0,1,0.0,0,0.0,999.1
2025-07-01 13:09:51,0,0,1503,178.0,1,0.0,0,0.0,999.1
2025-07-01 13:09:51,0,0,1503,178.0,1,0.0,0,0.0,999.1
2025-07-01 13:09:51,0,0,1503,178.0,1,0.0,0,0.0,999.1
2025-07-01 13:09:51,0,0,1503,178.0,1,0.0,0,0.0,999.1
2025-07-01 13:09:51,0,0,1503,178.0,1,0.0,0,0.0,999.1
2025-07-01 13:09:51,0,0,1503,178.0,1,0.0,0,0.0,999.1
2025-07-01 13:09:52,0,0,1503,178.0,1,0.0,0,0.0,999.1
2025-07-01 13:09:52,0,0,1503,178.0,1,0.0,0,0.0,999.1
2025-07-01 13:09:52,0,0,1948,178.0,1,0.0,0,0.0,999.9
2025-07-01 13:09:52,0,0,1948,178.0,1,0.0,0,0.0,999.9
2025-07-01 13:09:52,0,0,1948,178.0,1,0.0,0,0.0,999.9
2025-07-01 13:09:52,0,0,1948,178.0,1,0.0,0,0.0,999.9
2025-07-01 13:09:52,0,0,1948,178.0,1,0.0,0,0.0,999.9
2025-07-01 13:09:52,0,0,1948,178.0,1,0.0,0,0.0,999.9
2025-07-01 13:09:53,0,0,1948,178.0,1,0.0,0,0.0,999.9
2025-07-01 13:09:53,0,0,1948,178.0,1,0.0,0,0.0,999.9
2025-07-01 13:09:53,0,1,1791,178.0,1,0.0,0,0.0,1002.7
2025-07-01 13:09:53,0,1,1791,178.0,1,0.0,0,0.0,1002.7
2025-07-01 13:09:53,0,1,1791,178.0,1,0.0,0,0.0,1002.7
2025-07-01 13:09:53,0,1,1791,178.0,1,0.0,0,0.0,1002.7
2025-07-01 13:09:53,0,1,1791,178.0,1,0.0,0,0.0,1002.7
2025-07-01 13:09:53,0,1,1791,178.0,1,0.0,0,0.0,1002.7
2025-07-01 13:09:53,0,1,1791,178.0,1,0.0,0,0.0,1002.7
2025-07-01 13:09:54,0,1,1791,178.0,1,0.0,0,0.0,1002.7
2025-07-01 13:09:54,0,1,1791,178.0,1,0.0,0,0.0,1002.7
2025-07-01 13:09:54,0,0,1699,178.0,1,0.0,0,0.0,1002.7
2025-07-01 13:09:54,0,0,1699,178.0,1,0.0,0,0.0,1002.7
2025-07-01 13:09:54,0,0,1699,178.0,1,0.0,0,0.0,1002.7
2025-07-01 13:09:54,0,0,1699,178.0,1,0.0,0,0.0,1002.7
2025-07-01 13:09:54,0,0,1699,178.0,1,0.0,0,0.0,1002.7
2025-07-01 13:09:54,0,0,1699,178.0,1,0.0,0,0.0,1002.7
2025-07-01 13:09:55,0,0,1699,178.0,1,0.0,0,0.0,1002.7
2025-07-01 13:09:55,0,0,1699,178.0,1,0.0,0,0.0,1002.7
2025-07-01 13:09:55,0,0,1699,178.0,1,0.0,0,0.0,1002.7
2025-07-01 13:09:55,0,1,1779,178.0,1,0.0,0,0.0,998.7
2025-07-01 13:09:55,0,1,1779,178.0,1,0.0,0,0.0,998.7
2025-07-01 13:09:55,0,1,1779,178.0,1,0.0,0,0.0,998.7
2025-07-01 13:09:55,0,1,1779,178.0,1,0.0,0,0.0,998.7
2025-07-01 13:09:55,0,1,1779,178.0,1,0.0,0,0.0,998.7
2025-07-01 13:09:56,0,1,1779,178.0,1,0.0,0,0.0,998.7
2025-07-01 13:09:56,0,1,1779,178.0,1,0.0,0,0.0,998.7
2025-07-01 13:09:56,0,1,1779,178.0,1,0.0,0,0.0,998.7
2025-07-01 13:09:56,0,1,1779,178.0,1,0.0,0,0.0,998.7
2025-07-01 13:09:56,0,0,1875,178.0,1,0.0,0,0.0,1002.3
2025-07-01 13:09:56,0,0,1875,178.0,1,0.0,0,0.0,1002.3
2025-07-01 13:09:56,0,0,1875,178.0,1,0.0,0,0.0,1002.3
2025-07-01 13:09:56,0,0,1875,178.0,1,0.0,0,0.0,1002.3
2025-07-01 13:09:57,0,0,1875,178.0,1,0.0,0,0.0,1002.3
2025-07-01 13:09:57,0,0,1875,178.0,1,0.0,0,0.0,1002.3
2025-07-01 13:09:57,0,0,1875,178.0,1,0.0,0,0.0,1002.3
2025-07-01 13:09:57,0,0,1875,178.0,1,0.0,0,0.0,1002.3
2025-07-01 13:09:57,0,0,1875,178.0,1,0.0,0,0.0,1002.3
2025-07-01 13:09:57,0,1,1787,178.0,1,0.0,0,0.0,999.3
2025-07-01 13:09:57,0,1,1787,178.0,1,0.0,0,0.0,999.3
2025-07-01 13:09:57,0,1,1787,178.0,1,0.0,0,0.0,999.3
2025-07-01 13:09:57,0,1,1787,178.0,1,0.0,0,0.0,999.3
2025-07-01 13:09:58,0,1,1787,178.0,1,0.0,0,0.0,999.3
2025-07-01 13:09:58,0,1,1787,178.0,1,0.0,0,0.0,999.3
2025-07-01 13:09:58,0,1,1787,178.0,1,0.0,0,0.0,999.3
2025-07-01 13:09:58,0,1,1787,178.0,1,0.0,0,0.0,999.3
2025-07-01 13:09:58,0,1,1787,178.0,1,0.0,0,0.0,999.3
2025-07-01 13:09:58,0,0,1437,178.0,1,0.0,0,0.0,1004.1
2025-07-01 13:09:58,0,0,1437,178.0,1,0.0,0,0.0,1004.1
2025-07-01 13:09:59,0,0,1437,178.0,1,0.0,0,0.0,1004.1
2025-07-01 13:09:59,0,0,1437,178.0,1,0.0,0,0.0,1004.1
2025-07-01 13:09:59,0,0,1437,178.0,1,0.0,0,0.0,1004.1
2025-07-01 13:09:59,0,0,1437,178.0,1,0.0,0,0.0,1004.1
2025-07-01 13:09:59,0,0,1437,178.0,1,0.0,0,0.0,1004.1
2025-07-01 13:09:59,0,0,1437,178.0,1,0.0,0,0.0,1004.1
2025-07-01 13:09:59,0,0,1776,178.0,1,0.0,0,0.0,1007.2
2025-07-01 13:09:59,0,0,1776,178.0,1,0.0,0,0.0,1007.2
2025-07-01 13:09:59,0,0,1776,178.0,1,0.0,0,0.0,1007.2
2025-07-01 13:10:00,0,0,1776,178.0,1,0.0,0,0.0,1007.2
2025-07-01 13:10:00,0,0,1776,178.0,1,0.0,0,0.0,1007.2
2025-07-01 13:10:00,0,0,1776,178.0,1,0.0,0,0.0,1007.2
2025-07-01 13:10:00,0,0,1776,178.0,1,0.0,0,0.0,1007.2
2025-07-01 13:10:00,0,0,1776,178.0,1,0.0,0,0.0,1007.2
2025-07-01 13:10:00,0,0,1964,178.0,1,0.0,0,0.0,1002.2
2025-07-01 13:10:00,0,0,1964,178.0,1,0.0,0,0.0,1002.2
2025-07-01 13:10:00,0,0,1964,178.0,1,0.0,0,0.0,1002.2
2025-07-01 13:10:01,0,0,1964,178.0,1,0.0,0,0.0,1002.2
2025-07-01 13:10:01,0,0,1964,178.0,1,0.0,0,0.0,1002.2
2025-07-01 13:10:01,0,0,1964,178.0,1,0.0,0,0.0,1002.2
2025-07-01 13:10:01,0,0,1964,178.0,1,0.0,0,0.0,1002.2
2025-07-01 13:10:01,0,0,1964,178.0,1,0.0,0,0.0,1002.2
2025-07-01 13:10:01,0,0,1964,178.0,1,0.0,0,0.0,1002.2
2025-07-01 13:10:01,0,1,1781,187.5,1,0.0,0,0.0,1001.0
2025-07-01 13:10:01,0,1,1781,187.5,1,0.0,0,0.0,1001.0
2025-07-01 13:10:02,0,1,1781,187.5,1,0.0,0,0.0,1001.0
2025-07-01 13:10:02,0,1,1781,187.5,1,0.0,0,0.0,1001.0
2025-07-01 13:10:02,0,1,1781,187.5,1,0.0,0,0.0,1001.0
2025-07-01 13:10:02,0,1,1781,187.5,1,0.0,0,0.0,1001.0
2025-07-01 13:10:02,0,1,1781,187.5,1,0.0,0,0.0,1001.0
2025-07-01 13:10:02,0,1,1781,187.5,1,0.0,0,0.0,1001.0
2025-07-01 13:10:02,0,1,1781,187.5,1,0.0,0,0.0,1001.0
2025-07-01 13:10:02,0,1,1789,187.5,1,0.0,0,0.0,1002.5
2025-07-01 13:10:02,0,1,1789,187.5,1,0.0,0,0.0,1002.5
2025-07-01 13:10:03,0,1,1789,187.5,1,0.0,0,0.0,1002.5
2025-07-01 13:10:03,0,1,1789,187.5,1,0.0,0,0.0,1002.5
2025-07-01 13:10:03,0,1,1789,187.5,1,0.0,0,0.0,1002.5
2025-07-01 13:10:03,0,1,1789,187.5,1,0.0,0,0.0,1002.5
2025-07-01 13:10:03,0,1,1789,187.5,1,0.0,0,0.0,1002.5
2025-07-01 13:10:03,0,1,1789,187.5,1,0.0,0,0.0,1002.5
2025-07-01 13:10:03,0,1,1789,187.5,1,0.0,0,0.0,1002.5
2025-07-01 13:10:03,0,0,1966,187.5,1,0.0,0,0.0,1004.1
2025-07-01 13:10:04,0,0,1966,187.5,1,0.0,0,0.0,1004.1
2025-07-01 13:10:04,0,0,1966,187.5,1,0.0,0,0.0,1004.1
2025-07-01 13:10:04,0,0,1966,187.5,1,0.0,0,0.0,1004.1
2025-07-01 13:10:04,0,0,1966,187.5,1,0.0,0,0.0,1004.1
2025-07-01 13:10:04,0,0,1966,187.5,1,0.0,0,0.0,1004.1
2025-07-01 13:10:04,0,0,1966,187.5,1,0.0,0,0.0,1004.1
2025-07-01 13:10:04,0,0,1966,187.5,1,0.0,0,0.0,1004.1
2025-07-01 13:10:05,0,0,1981,187.5,1,0.0,0,0.0,1005.5
2025-07-01 13:10:05,0,0,1981,187.5,1,0.0,0,0.0,1005.5
2025-07-01 13:10:05,0,0,1981,187.5,1,0.0,0,0.0,1005.5
2025-07-01 13:10:05,0,0,1981,187.5,1,0.0,0,0.0,1005.5
2025-07-01 13:10:05,0,0,1981,187.5,1,0.0,0,0.0,1005.5
2025-07-01 13:10:05,0,0,1981,187.5,1,0.0,0,0.0,1005.5
2025-07-01 13:10:05,0,0,1981,187.5,1,0.0,0,0.0,1005.5
2025-07-01 13:10:06,0,1,1795,187.5,1,0.0,0,0.0,998.8
2025-07-01 13:10:06,0,1,1795,187.5,1,0.0,0,0.0,998.8
2025-07-01 13:10:06,0,1,1795,187.5,1,0.0,0,0.0,998.8
2025-07-01 13:10:06,0,1,1795,187.5,1,0.0,0,0.0,998.8
2025-07-01 13:10:06,0,1,1795,187.5,1,0.0,0,0.0,998.8
2025-07-01 13:10:06,0,1,1795,187.5,1,0.0,0,0.0,998.8
2025-07-01 13:10:06,0,1,1795,187.5,1,0.0,0,0.0,998.8
2025-07-01 13:10:07,0,1,1795,187.5,1,0.0,0,0.0,998.8
2025-07-01 13:10:07,0,1,1792,187.5,1,0.0,0,0.0,1002.6
2025-07-01 13:10:07,0,1,1792,187.5,1,0.0,0,0.0,1002.6
2025-07-01 13:10:07,0,1,1792,187.5,1,0.0,0,0.0,1002.6
2025-07-01 13:10:07,0,1,1792,187.5,1,0.0,0,0.0,1002.6
2025-07-01 13:10:07,0,1,1792,187.5,1,0.0,0,0.0,1002.6
2025-07-01 13:10:07,0,1,1792,187.5,1,0.0,0,0.0,1002.6
2025-07-01 13:10:07,0,1,1792,187.5,1,0.0,0,0.0,1002.6
2025-07-01 13:10:07,0,1,1792,187.5,1,0.0,0,0.0,1002.6
2025-07-01 13:10:08,0,0,1731,187.5,1,0.0,0,0.0,1003.5
2025-07-01 13:10:08,0,0,1731,187.5,1,0.0,0,0.0,1003.5
2025-07-01 13:10:08,0,0,1731,187.5,1,0.0,0,0.0,1003.5
2025-07-01 13:10:08,0,0,1731,187.5,1,0.0,0,0.0,1003.5
2025-07-01 13:10:08,0,0,1731,187.5,1,0.0,0,0.0,1003.5
2025-07-01 13:10:08,0,0,1731,187.5,1,0.0,0,0.0,1003.5
2025-07-01 13:10:09,0,0,1731,187.5,1,0.0,0,0.0,1003.5
2025-07-01 13:10:09,0,1,1786,187.5,1,0.0,0,0.0,1000.9
2025-07-01 13:10:09,0,1,1786,187.5,1,0.0,0,0.0,1000.9
2025-07-01 13:10:09,0,1,1786,187.5,1,0.0,0,0.0,1000.9
2025-07-01 13:10:09,0,1,1786,187.5,1,0.0,0,0.0,1000.9
2025-07-01 13:10:09,0,1,1786,187.5,1,0.0,0,0.0,1000.9
2025-07-01 13:10:09,0,1,1786,187.5,1,0.0,0,0.0,1000.9
2025-07-01 13:10:09,0,1,1786,187.5,1,0.0,0,0.0,1000.9
2025-07-01 13:10:09,0,1,1786,187.5,1,0.0,0,0.0,1000.9
2025-07-01 13:10:10,0,1,1786,187.5,1,0.0,0,0.0,1000.9
2025-07-01 13:10:10,0,0,1691,187.5,1,0.0,0,0.0,1001.7
2025-07-01 13:10:10,0,0,1691,187.5,1,0.0,0,0.0,1001.7
2025-07-01 13:10:10,0,0,1691,187.5,1,0.0,0,0.0,1001.7
2025-07-01 13:10:10,0,0,1691,187.5,1,0.0,0,0.0,1001.7
2025-07-01 13:10:10,0,0,1691,187.5,1,0.0,0,0.0,1001.7
2025-07-01 13:10:10,0,0,1691,187.5,1,0.0,0,0.0,1001.7
2025-07-01 13:10:10,0,0,1691,187.5,1,0.0,0,0.0,1001.7
2025-07-01 13:10:11,0,0,1691,187.5,1,0.0,0,0.0,1001.7
2025-07-01 13:10:11,0,1,1787,187.5,1,0.0,0,0.0,1002.0
2025-07-01 13:10:11,0,1,1787,187.5,1,0.0,0,0.0,1002.0
2025-07-01 13:10:11,0,1,1787,187.5,1,0.0,0,0.0,1002.0
2025-07-01 13:10:11,0,1,1787,187.5,1,0.0,0,0.0,1002.0
2025-07-01 13:10:11,0,1,1787,187.5,1,0.0,0,0.0,1002.0
2025-07-01 13:10:11,0,1,1787,187.5,1,0.0,0,0.0,1002.0
2025-07-01 13:10:11,0,1,1787,187.5,1,0.0,0,0.0,1002.0
2025-07-01 13:10:12,0,1,1787,187.5,1,0.0,0,0.0,1002.0
2025-07-01 13:10:12,0,0,1785,187.5,1,0.0,0,0.0,1008.0
2025-07-01 13:10:12,0,0,1785,187.5,1,0.0,0,0.0,1008.0
2025-07-01 13:10:12,0,0,1785,187.5,1,0.0,0,0.0,1008.0
2025-07-01 13:10:12,0,0,1785,187.5,1,0.0,0,0.0,1008.0
2025-07-01 13:10:12,0,0,1785,187.5,1,0.0,0,0.0,1008.0
2025-07-01 13:10:12,0,0,1785,187.5,1,0.0,0,0.0,1008.0
2025-07-01 13:10:12,0,0,1785,187.5,1,0.0,0,0.0,1008.0
2025-07-01 13:10:12,0,0,1785,187.5,1,0.0,0,0.0,1008.0
2025-07-01 13:10:13,0,0,1785,187.5,1,0.0,0,0.0,1008.0
2025-07-01 13:10:13,0,1,1790,187.5,1,0.0,0,0.0,1006.2
2025-07-01 13:10:13,0,1,1790,187.5,1,0.0,0,0.0,1006.2
2025-07-01 13:10:13,0,1,1790,187.5,1,0.0,0,0.0,1006.2
2025-07-01 13:10:13,0,1,1790,187.5,1,0.0,0,0.0,1006.2
2025-07-01 13:10:13,0,1,1790,187.5,1,0.0,0,0.0,1006.2
2025-07-01 13:10:13,0,1,1790,187.5,1,0.0,0,0.0,1006.2
2025-07-01 13:10:13,0,1,1790,187.5,1,0.0,0,0.0,1006.2
2025-07-01 13:10:14,0,1,1790,187.5,1,0.0,0,0.0,1006.2
2025-07-01 13:10:14,0,1,1790,187.5,1,0.0,0,0.0,1006.2
2025-07-01 13:10:14,0,0,1965,187.5,1,0.0,0,0.0,1007.2
2025-07-01 13:10:14,0,0,1965,187.5,1,0.0,0,0.0,1007.2
2025-07-01 13:10:14,0,0,1965,187.5,1,0.0,0,0.0,1007.2
2025-07-01 13:10:14,0,0,1965,187.5,1,0.0,0,0.0,1007.2
2025-07-01 13:10:15,0,0,1965,187.5,1,0.0,0,0.0,1007.2
2025-07-01 13:10:15,0,0,1965,187.5,1,0.0,0,0.0,1007.2
2025-07-01 13:10:15,0,0,1965,187.5,1,0.0,0,0.0,1007.2
2025-07-01 13:10:15,0,1,1779,187.5,1,0.0,0,0.0,1005.7
2025-07-01 13:10:15,0,1,1779,187.5,1,0.0,0,0.0,1005.7
2025-07-01 13:10:15,0,1,1779,187.5,1,0.0,0,0.0,1005.7
2025-07-01 13:10:15,0,1,1779,187.5,1,0.0,0,0.0,1005.7
2025-07-01 13:10:17,0,0,1846,187.5,1,0.0,0,0.0,1002.8
2025-07-01 13:10:17,0,0,1846,187.5,1,0.0,0,0.0,1002.8
2025-07-01 13:10:17,0,0,1846,187.5,1,0.0,0,0.0,1002.8
2025-07-01 13:10:17,0,0,1846,187.5,1,0.0,0,0.0,1002.8
2025-07-01 13:10:17,0,0,1846,187.5,1,0.0,0,0.0,1002.8
2025-07-01 13:10:17,0,0,1846,187.5,1,0.0,0,0.0,1002.8
2025-07-01 13:10:17,0,0,1846,187.5,1,0.0,0,0.0,1002.8
2025-07-01 13:10:17,0,0,1846,187.5,1,0.0,0,0.0,1002.8
2025-07-01 13:10:17,0,0,1846,187.5,1,0.0,0,0.0,1002.8
2025-07-01 13:10:17,0,0,1872,187.5,1,0.0,0,0.0,1004.4
2025-07-01 13:10:18,0,0,1872,187.5,1,0.0,0,0.0,1004.4
2025-07-01 13:10:18,0,0,1872,187.5,1,0.0,0,0.0,1004.4
2025-07-01 13:10:18,0,0,1872,187.5,1,0.0,0,0.0,1004.4
2025-07-01 13:10:18,0,0,1872,187.5,1,0.0,0,0.0,1004.4
2025-07-01 13:10:18,0,0,1872,187.5,1,0.0,0,0.0,1004.4
2025-07-01 13:10:18,0,0,1872,187.5,1,0.0,0,0.0,1004.4
2025-07-01 13:10:18,0,0,1375,198.7,1,0.0,0,0.0,1002.5
2025-07-01 13:10:19,0,0,1375,198.7,1,0.0,0,0.0,1002.5
2025-07-01 13:10:19,0,0,1375,198.7,1,0.0,0,0.0,1002.5
2025-07-01 13:10:19,0,0,1375,198.7,1,0.0,0,0.0,1002.5
2025-07-01 13:10:19,0,0,1375,198.7,1,0.0,0,0.0,1002.5
2025-07-01 13:10:19,0,0,1375,198.7,1,0.0,0,0.0,1002.5
2025-07-01 13:10:19,0,0,1375,198.7,1,0.0,0,0.0,1002.5
2025-07-01 13:10:19,0,0,1375,198.7,1,0.0,0,0.0,1002.5
2025-07-01 13:10:19,0,0,1375,198.7,1,0.0,0,0.0,1002.5
2025-07-01 13:10:20,0,0,1967,158.7,1,0.0,0,0.0,1004.6
2025-07-01 13:10:20,0,0,1967,158.7,1,0.0,0,0.0,1004.6
2025-07-01 13:10:20,0,0,1967,158.7,1,0.0,0,0.0,1004.6
2025-07-01 13:10:20,0,0,1967,158.7,1,0.0,0,0.0,1004.6
2025-07-01 13:10:20,0,0,1967,158.7,1,0.0,0,0.0,1004.6
2025-07-01 13:10:20,0,0,1967,158.7,1,0.0,0,0.0,1004.6
2025-07-01 13:10:20,0,0,1967,158.7,1,0.0,0,0.0,1004.6
2025-07-01 13:10:20,0,0,1967,158.7,1,0.0,0,0.0,1004.6
2025-07-01 13:10:20,0,0,1967,158.7,1,0.0,0,0.0,1004.6
2025-07-01 13:10:21,0,0,1962,158.7,1,0.0,0,0.0,1002.7
2025-07-01 13:10:21,0,0,1962,158.7,1,0.0,0,0.0,1002.7
2025-07-01 13:10:21,0,0,1962,158.7,1,0.0,0,0.0,1002.7
2025-07-01 13:10:21,0,0,1962,158.7,1,0.0,0,0.0,1002.7
2025-07-01 13:10:21,0,0,1962,158.7,1,0.0,0,0.0,1002.7
2025-07-01 13:10:21,0,0,1962,158.7,1,0.0,0,0.0,1002.7
2025-07-01 13:10:21,0,0,1962,158.7,1,0.0,0,0.0,1002.7
2025-07-01 13:10:21,0,0,1962,158.7,1,0.0,0,0.0,1002.7
2025-07-01 13:10:22,0,0,1962,158.7,1,0.0,0,0.0,1002.7
2025-07-01 13:10:22,0,0,1973,158.7,1,0.0,0,0.0,1005.4
2025-07-01 13:10:22,0,0,1973,158.7,1,0.0,0,0.0,1005.4
2025-07-01 13:10:22,0,0,1973,158.7,1,0.0,0,0.0,1005.4
2025-07-01 13:10:22,0,0,1973,158.7,1,0.0,0,0.0,1005.4
2025-07-01 13:10:22,0,0,1973,158.7,1,0.0,0,0.0,1005.4
2025-07-01 13:10:22,0,0,1973,158.7,1,0.0,0,0.0,1005.4
2025-07-01 13:10:22,0,0,1973,158.7,1,0.0,0,0.0,1005.4
2025-07-01 13:10:23,0,0,1973,158.7,1,0.0,0,0.0,1005.4
2025-07-01 13:10:23,0,0,1973,158.7,1,0.0,0,0.0,1005.4
2025-07-01 13:10:23,0,1,1776,158.7,1,0.0,0,0.0,1004.4
2025-07-01 13:10:23,0,1,1776,158.7,1,0.0,0,0.0,1004.4
2025-07-01 13:10:23,0,1,1776,158.7,1,0.0,0,0.0,1004.4
2025-07-01 13:10:23,0,1,1776,158.7,1,0.0,0,0.0,1004.4
2025-07-01 13:10:23,0,1,1776,158.7,1,0.0,0,0.0,1004.4
2025-07-01 13:10:23,0,1,1776,158.7,1,0.0,0,0.0,1004.4
2025-07-01 13:10:24,0,1,1776,158.7,1,0.0,0,0.0,1004.4
2025-07-01 13:10:24,0,1,1776,158.7,1,0.0,0,0.0,1004.4
2025-07-01 13:10:24,0,0,1910,158.7,1,0.0,0,0.0,999.3
2025-07-01 13:10:24,0,0,1910,158.7,1,0.0,0,0.0,999.3
2025-07-01 13:10:24,0,0,1910,158.7,1,0.0,0,0.0,999.3
2025-07-01 13:10:24,0,0,1910,158.7,1,0.0,0,0.0,999.3
2025-07-01 13:10:24,0,0,1910,158.7,1,0.0,0,0.0,999.3
2025-07-01 13:10:24,0,0,1910,158.7,1,0.0,0,0.0,999.3
2025-07-01 13:10:25,0,0,1910,158.7,1,0.0,0,0.0,999.3
2025-07-01 13:10:25,0,0,1910,158.7,1,0.0,0,0.0,999.3
2025-07-01 13:10:25,0,0,1910,158.7,1,0.0,0,0.0,999.3
2025-07-01 13:10:25,0,0,1969,158.7,1,0.0,0,0.0,1002.7
2025-07-01 13:10:25,0,0,1969,158.7,1,0.0,0,0.0,1002.7
2025-07-01 13:10:25,0,0,1969,158.7,1,0.0,0,0.0,1002.7
2025-07-01 13:10:25,0,0,1969,158.7,1,0.0,0,0.0,1002.7
2025-07-01 13:10:25,0,0,1969,158.7,1,0.0,0,0.0,1002.7
2025-07-01 13:10:26,0,0,1969,158.7,1,0.0,0,0.0,1002.7
2025-07-01 13:10:26,0,0,1969,158.7,1,0.0,0,0.0,1002.7
2025-07-01 13:10:26,0,0,1969,158.7,1,0.0,0,0.0,1002.7
2025-07-01 13:10:26,0,0,1969,158.7,1,0.0,0,0.0,1002.7
2025-07-01 13:10:26,0,0,1957,158.7,1,0.0,0,0.0,999.3
2025-07-01 13:10:26,0,0,1957,158.7,1,0.0,0,0.0,999.3
2025-07-01 13:10:26,0,0,1957,158.7,1,0.0,0,0.0,999.3
2025-07-01 13:10:26,0,0,1957,158.7,1,0.0,0,0.0,999.3
2025-07-01 13:10:27,0,0,1957,158.7,1,0.0,0,0.0,999.3
2025-07-01 13:10:27,0,0,1957,158.7,1,0.0,0,0.0,999.3
2025-07-01 13:10:27,0,0,1957,158.7,1,0.0,0,0.0,999.3
2025-07-01 13:10:27,0,0,1957,158.7,1,0.0,0,0.0,999.3
2025-07-01 13:10:27,0,0,1957,158.7,1,0.0,0,0.0,999.3
2025-07-01 13:10:27,0,1,1795,158.7,1,0.0,0,0.0,1002.5
2025-07-01 13:10:27,0,1,1795,158.7,1,0.0,0,0.0,1002.5
2025-07-01 13:10:27,0,1,1795,158.7,1,0.0,0,0.0,1002.5
2025-07-01 13:10:28,0,1,1795,158.7,1,0.0,0,0.0,1002.5
2025-07-01 13:10:28,0,1,1795,158.7,1,0.0,0,0.0,1002.5
2025-07-01 13:10:28,0,1,1795,158.7,1,0.0,0,0.0,1002.5
2025-07-01 13:10:28,0,1,1795,158.7,1,0.0,0,0.0,1002.5
2025-07-01 13:10:28,0,1,1795,158.7,1,0.0,0,0.0,1002.5
2025-07-01 13:10:28,0,1,1805,158.7,1,0.0,0,0.0,1005.9
2025-07-01 13:10:28,0,1,1805,158.7,1,0.0,0,0.0,1005.9
2025-07-01 13:10:28,0,1,1805,158.7,1,0.0,0,0.0,1005.9
2025-07-01 13:10:29,0,1,1805,158.7,1,0.0,0,0.0,1005.9
2025-07-01 13:10:29,0,1,1805,158.7,1,0.0,0,0.0,1005.9
2025-07-01 13:10:29,0,1,1805,158.7,1,0.0,0,0.0,1005.9
2025-07-01 13:10:29,0,1,1805,158.7,1,0.0,0,0.0,1005.9
2025-07-01 13:10:29,0,1,1805,158.7,1,0.0,0,0.0,1005.9
2025-07-01 13:10:29,0,0,1911,158.7,1,0.0,0,0.0,1005.2
2025-07-01 13:10:29,0,0,1911,158.7,1,0.0,0,0.0,1005.2
2025-07-01 13:10:30,0,0,1911,158.7,1,0.0,0,0.0,1005.2
2025-07-01 13:10:30,0,0,1911,158.7,1,0.0,0,0.0,1005.2
2025-07-01 13:10:30,0,0,1911,158.7,1,0.0,0,0.0,1005.2
2025-07-01 13:10:30,0,0,1911,158.7,1,0.0,0,0.0,1005.2
2025-07-01 13:10:30,0,0,1911,158.7,1,0.0,0,0.0,1005.2
2025-07-01 13:10:30,0,0,1911,158.7,1,0.0,0,0.0,1005.2
2025-07-01 13:10:30,0,0,1911,158.7,1,0.0,0,0.0,1005.2
2025-07-01 13:10:30,0,0,1649,158.7,1,0.0,0,0.0,1002.1
2025-07-01 13:10:30,0,0,1649,158.7,1,0.0,0,0.0,1002.1
2025-07-01 13:10:31,0,0,1649,158.7,1,0.0,0,0.0,1002.1
2025-07-01 13:10:31,0,0,1649,158.7,1,0.0,0,0.0,1002.1
2025-07-01 13:10:31,0,0,1649,158.7,1,0.0,0,0.0,1002.1
2025-07-01 13:10:31,0,0,1649,158.7,1,0.0,0,0.0,1002.1
2025-07-01 13:10:31,0,0,1649,158.7,1,0.0,0,0.0,1002.1
2025-07-01 13:10:31,0,0,1649,158.7,1,0.0,0,0.0,1002.1
2025-07-01 13:10:31,0,0,1649,158.7,1,0.0,0,0.0,1002.1
2025-07-01 13:10:31,0,0,1857,158.7,1,0.0,0,0.0,1002.2
2025-07-01 13:10:32,0,0,1857,158.7,1,0.0,0,0.0,1002.2
2025-07-01 13:10:32,0,0,1857,158.7,1,0.0,0,0.0,1002.2
2025-07-01 13:10:32,0,0,1857,158.7,1,0.0,0,0.0,1002.2
2025-07-01 13:10:32,0,0,1857,158.7,1,0.0,0,0.0,1002.2
2025-07-01 13:10:32,0,0,1857,158.7,1,0.0,0,0.0,1002.2
2025-07-01 13:10:32,0,0,1857,158.7,1,0.0,0,0.0,1002.2
2025-07-01 13:10:32,0,0,1857,158.7,1,0.0,0,0.0,1002.2
2025-07-01 13:10:32,0,0,1513,158.7,1,0.0,0,0.0,1003.7
2025-07-01 13:10:33,0,0,1513,158.7,1,0.0,0,0.0,1003.7
2025-07-01 13:10:33,0,0,1513,158.7,1,0.0,0,0.0,1003.7
2025-07-01 13:10:33,0,0,1513,158.7,1,0.0,0,0.0,1003.7
2025-07-01 13:10:33,0,0,1513,158.7,1,0.0,0,0.0,1003.7
2025-07-01 13:10:33,0,0,1513,158.7,1,0.0,0,0.0,1003.7
2025-07-01 13:10:33,0,0,1513,158.7,1,0.0,0,0.0,1003.7
2025-07-01 13:10:33,0,0,1513,158.7,1,0.0,0,0.0,1003.7
2025-07-01 13:10:33,0,1,1793,158.7,1,0.0,0,0.0,1003.6
2025-07-01 13:10:34,0,1,1793,158.7,1,0.0,0,0.0,1003.6
2025-07-01 13:10:34,0,1,1793,158.7,1,0.0,0,0.0,1003.6
2025-07-01 13:10:34,0,1,1793,158.7,1,0.0,0,0.0,1003.6
2025-07-01 13:10:34,0,1,1793,158.7,1,0.0,0,0.0,1003.6
2025-07-01 13:10:34,0,1,1793,158.7,1,0.0,0,0.0,1003.6
2025-07-01 13:10:34,0,1,1793,158.7,1,0.0,0,0.0,1003.6
2025-07-01 13:10:34,0,1,1793,158.7,1,0.0,0,0.0,1003.6
2025-07-01 13:10:34,0,1,1793,158.7,1,0.0,0,0.0,1003.6
2025-07-01 13:10:35,0,0,1956,158.7,1,0.0,0,0.0,1004.1
2025-07-01 13:10:35,0,0,1956,158.7,1,0.0,0,0.0,1004.1
2025-07-01 13:10:35,0,0,1956,158.7,1,0.0,0,0.0,1004.1
2025-07-01 13:10:35,0,0,1956,158.7,1,0.0,0,0.0,1004.1
2025-07-01 13:10:35,0,0,1956,158.7,1,0.0,0,0.0,1004.1
2025-07-01 13:10:35,0,0,1956,158.7,1,0.0,0,0.0,1004.1
2025-07-01 13:10:35,0,0,1956,158.7,1,0.0,0,0.0,1004.1
2025-07-01 13:10:35,0,0,1956,158.7,1,0.0,0,0.0,1004.1
2025-07-01 13:10:36,0,1,1923,158.7,1,0.0,0,0.0,1003.6
2025-07-01 13:10:36,0,1,1923,158.7,1,0.0,0,0.0,1003.6
2025-07-01 13:10:36,0,1,1923,158.7,1,0.0,0,0.0,1003.6
2025-07-01 13:10:36,0,1,1923,158.7,1,0.0,0,0.0,1003.6
2025-07-01 13:10:36,0,1,1923,158.7,1,0.0,0,0.0,1003.6
2025-07-01 13:10:36,0,1,1923,158.7,1,0.0,0,0.0,1003.6
2025-07-01 13:10:36,0,1,1923,158.7,1,0.0,0,0.0,1003.6
2025-07-01 13:10:36,0,1,1923,158.7,1,0.0,0,0.0,1003.6
2025-07-01 13:10:36,0,1,1923,158.7,1,0.0,0,0.0,1003.6
2025-07-01 13:10:37,0,0,1863,158.7,1,0.0,0,0.0,1004.6
2025-07-01 13:10:37,0,0,1863,158.7,1,0.0,0,0.0,1004.6
2025-07-01 13:10:37,0,0,1863,158.7,1,0.0,0,0.0,1004.6
2025-07-01 13:10:37,0,0,1863,158.7,1,0.0,0,0.0,1004.6
2025-07-01 13:10:37,0,0,1863,158.7,1,0.0,0,0.0,1004.6
2025-07-01 13:10:37,0,0,1863,158.7,1,0.0,0,0.0,1004.6
2025-07-01 13:10:37,0,0,1863,158.7,1,0.0,0,0.0,1004.6
2025-07-01 13:10:37,0,0,1863,158.7,1,0.0,0,0.0,1004.6
2025-07-01 13:10:38,0,0,1863,158.7,1,0.0,0,0.0,1004.6
2025-07-01 13:10:38,0,0,1739,157.5,1,0.0,0,0.0,1005.4
2025-07-01 13:10:38,0,0,1739,157.5,1,0.0,0,0.0,1005.4
2025-07-01 13:10:38,0,0,1739,157.5,1,0.0,0,0.0,1005.4
2025-07-01 13:10:38,0,0,1739,157.5,1,0.0,0,0.0,1005.4
2025-07-01 13:10:38,0,0,1739,157.5,1,0.0,0,0.0,1005.4
2025-07-01 13:10:38,0,0,1739,157.5,1,0.0,0,0.0,1005.4
2025-07-01 13:10:38,0,0,1739,157.5,1,0.0,0,0.0,1005.4
2025-07-01 13:10:39,0,0,1739,157.5,1,0.0,0,0.0,1005.4
2025-07-01 13:10:39,0,0,1776,125.3,1,0.0,0,0.0,999.1
2025-07-01 13:10:39,0,0,1776,125.3,1,0.0,0,0.0,999.1
2025-07-01 13:10:39,0,0,1776,125.3,1,0.0,0,0.0,999.1
2025-07-01 13:10:39,0,0,1776,125.3,1,0.0,0,0.0,999.1
2025-07-01 13:10:39,0,0,1776,125.3,1,0.0,0,0.0,999.1
2025-07-01 13:10:39,0,0,1776,125.3,1,0.0,0,0.0,999.1
2025-07-01 13:10:39,0,0,1776,125.3,1,0.0,0,0.0,999.1
2025-07-01 13:10:39,0,0,1776,125.3,1,0.0,0,0.0,999.1
2025-07-01 13:10:40,0,0,1776,125.3,1,0.0,0,0.0,999.1
2025-07-01 13:10:40,0,0,1973,125.3,1,0.0,0,0.0,1002.2
2025-07-01 13:10:40,0,0,1973,125.3,1,0.0,0,0.0,1002.2
2025-07-01 13:10:40,0,0,1973,125.3,1,0.0,0,0.0,1002.2
2025-07-01 13:10:40,0,0,1973,125.3,1,0.0,0,0.0,1002.2
2025-07-01 13:10:40,0,0,1973,125.3,1,0.0,0,0.0,1002.2
2025-07-01 13:10:40,0,0,1973,125.3,1,0.0,0,0.0,1002.2
2025-07-01 13:10:40,0,0,1973,125.3,1,0.0,0,0.0,1002.2
2025-07-01 13:10:40,0,0,1973,125.3,1,0.0,0,0.0,1002.2
2025-07-01 13:10:41,0,0,1973,125.3,1,0.0,0,0.0,1002.2
2025-07-01 13:10:41,0,0,1954,125.3,1,0.0,0,0.0,1001.2
2025-07-01 13:10:41,0,0,1954,125.3,1,0.0,0,0.0,1001.2
2025-07-01 13:10:41,0,0,1954,125.3,1,0.0,0,0.0,1001.2
2025-07-01 13:10:41,0,0,1954,125.3,1,0.0,0,0.0,1001.2
2025-07-01 13:10:41,0,0,1954,125.3,1,0.0,0,0.0,1001.2
2025-07-01 13:10:41,0,0,1954,125.3,1,0.0,0,0.0,1001.2
2025-07-01 13:10:41,0,0,1954,125.3,1,0.0,0,0.0,1001.2
2025-07-01 13:10:42,0,0,1954,125.3,1,0.0,0,0.0,1001.2
2025-07-01 13:10:42,0,0,1954,125.3,1,0.0,0,0.0,1001.2
2025-07-01 13:10:42,0,1,1793,125.3,1,0.0,0,0.0,998.6
2025-07-01 13:10:42,0,1,1793,125.3,1,0.0,0,0.0,998.6
2025-07-01 13:10:42,0,1,1793,125.3,1,0.0,0,0.0,998.6
2025-07-01 13:10:42,0,1,1793,125.3,1,0.0,0,0.0,998.6
2025-07-01 13:10:42,0,1,1793,125.3,1,0.0,0,0.0,998.6
2025-07-01 13:10:42,0,1,1793,125.3,1,0.0,0,0.0,998.6
2025-07-01 13:10:43,0,1,1793,125.3,1,0.0,0,0.0,998.6
2025-07-01 13:10:43,0,1,1793,125.3,1,0.0,0,0.0,998.6
2025-07-01 13:10:43,0,1,1762,125.3,1,0.0,0,0.0,1006.9
2025-07-01 13:10:43,0,1,1762,125.3,1,0.0,0,0.0,1006.9
2025-07-01 13:10:43,0,1,1762,125.3,1,0.0,0,0.0,1006.9
2025-07-01 13:10:43,0,1,1762,125.3,1,0.0,0,0.0,1006.9
2025-07-01 13:10:43,0,1,1762,125.3,1,0.0,0,0.0,1006.9
2025-07-01 13:10:43,0,1,1762,125.3,1,0.0,0,0.0,1006.9
2025-07-01 13:10:44,0,1,1762,125.3,1,0.0,0,0.0,1006.9
2025-07-01 13:10:44,0,1,1762,125.3,1,0.0,0,0.0,1006.9
2025-07-01 13:10:44,0,1,1762,125.3,1,0.0,0,0.0,1006.9
2025-07-01 13:10:44,0,0,1973,125.3,1,0.0,0,0.0,1008.0
2025-07-01 13:10:44,0,0,1973,125.3,1,0.0,0,0.0,1008.0
2025-07-01 13:10:44,0,0,1973,125.3,1,0.0,0,0.0,1008.0
2025-07-01 13:10:44,0,0,1973,125.3,1,0.0,0,0.0,1008.0
2025-07-01 13:10:44,0,0,1973,125.3,1,0.0,0,0.0,1008.0
2025-07-01 13:10:44,0,0,1973,125.3,1,0.0,0,0.0,1008.0
2025-07-01 13:10:45,0,0,1973,125.3,1,0.0,0,0.0,1008.0
2025-07-01 13:10:45,0,0,1973,125.3,1,0.0,0,0.0,1008.0
2025-07-01 13:10:45,0,1,1794,125.3,1,0.0,0,0.0,1002.1
2025-07-01 13:10:45,0,1,1794,125.3,1,0.0,0,0.0,1002.1
2025-07-01 13:10:45,0,1,1794,125.3,1,0.0,0,0.0,1002.1
2025-07-01 13:10:45,0,1,1794,125.3,1,0.0,0,0.0,1002.1
2025-07-01 13:10:45,0,1,1794,125.3,1,0.0,0,0.0,1002.1
2025-07-01 13:10:45,0,1,1794,125.3,1,0.0,0,0.0,1002.1
2025-07-01 13:10:46,0,1,1794,125.3,1,0.0,0,0.0,1002.1
2025-07-01 13:10:46,0,1,1794,125.3,1,0.0,0,0.0,1002.1
2025-07-01 13:10:46,0,1,1794,125.3,1,0.0,0,0.0,1002.1
2025-07-01 13:10:46,0,0,1943,125.3,1,0.0,0,0.0,1001.0
2025-07-01 13:10:46,0,0,1943,125.3,1,0.0,0,0.0,1001.0
2025-07-01 13:10:46,0,0,1943,125.3,1,0.0,0,0.0,1001.0
2025-07-01 13:10:46,0,0,1943,125.3,1,0.0,0,0.0,1001.0
2025-07-01 13:10:47,0,0,1943,125.3,1,0.0,0,0.0,1001.0
2025-07-01 13:10:47,0,0,1943,125.3,1,0.0,0,0.0,1001.0
2025-07-01 13:10:47,0,0,1943,125.3,1,0.0,0,0.0,1001.0
2025-07-01 13:10:47,0,0,1943,125.3,1,0.0,0,0.0,1001.0
2025-07-01 13:10:47,0,0,1943,125.3,1,0.0,0,0.0,1001.0
2025-07-01 13:10:47,0,1,1777,189.9,1,0.0,0,0.0,1005.5
2025-07-01 13:10:47,0,1,1777,189.9,1,0.0,0,0.0,1005.5
2025-07-01 13:10:47,0,1,1777,189.9,1,0.0,0,0.0,1005.5
2025-07-01 13:10:47,0,1,1777,189.9,1,0.0,0,0.0,1005.5
2025-07-01 13:10:48,0,1,1777,189.9,1,0.0,0,0.0,1005.5
2025-07-01 13:10:48,0,1,1777,189.9,1,0.0,0,0.0,1005.5
2025-07-01 13:10:48,0,1,1777,189.9,1,0.0,0,0.0,1005.5
2025-07-01 13:10:48,0,1,1777,189.9,1,0.0,0,0.0,1005.5
2025-07-01 13:10:48,0,1,1777,189.9,1,0.0,0,0.0,1005.5
2025-07-01 13:10:48,0,0,1967,167.6,1,0.0,0,0.0,1002.1
2025-07-01 13:10:48,0,0,1967,167.6,1,0.0,0,0.0,1002.1
2025-07-01 13:10:48,0,0,1967,167.6,1,0.0,0,0.0,1002.1
2025-07-01 13:10:48,0,0,1967,167.6,1,0.0,0,0.0,1002.1
2025-07-01 13:10:49,0,0,1967,167.6,1,0.0,0,0.0,1002.1
2025-07-01 13:10:49,0,0,1967,167.6,1,0.0,0,0.0,1002.1
2025-07-01 13:10:49,0,0,1967,167.6,1,0.0,0,0.0,1002.1
2025-07-01 13:10:49,0,0,1967,167.6,1,0.0,0,0.0,1002.1
2025-07-01 13:10:49,0,0,1967,167.6,1,0.0,0,0.0,1002.1
2025-07-01 13:10:49,0,0,1851,167.6,1,0.0,0,0.0,1000.6
2025-07-01 13:10:49,0,0,1851,167.6,1,0.0,0,0.0,1000.6
2025-07-01 13:10:49,0,0,1851,167.6,1,0.0,0,0.0,1000.6
2025-07-01 13:10:49,0,0,1851,167.6,1,0.0,0,0.0,1000.6
2025-07-01 13:10:50,0,0,1851,167.6,1,0.0,0,0.0,1000.6
2025-07-01 13:10:50,0,0,1851,167.6,1,0.0,0,0.0,1000.6
2025-07-01 13:10:50,0,0,1851,167.6,1,0.0,0,0.0,1000.6
2025-07-01 13:10:50,0,0,1851,167.6,1,0.0,0,0.0,1000.6
2025-07-01 13:10:50,0,0,1851,167.6,1,0.0,0,0.0,1000.6
2025-07-01 13:10:50,0,0,1717,188.1,1,0.0,0,0.0,999.5
2025-07-01 13:10:50,0,0,1717,188.1,1,0.0,0,0.0,999.5
2025-07-01 13:10:50,0,0,1717,188.1,1,0.0,0,0.0,999.5
2025-07-01 13:10:51,0,0,1717,188.1,1,0.0,0,0.0,999.5
2025-07-01 13:10:51,0,0,1717,188.1,1,0.0,0,0.0,999.5
2025-07-01 13:10:51,0,0,1717,188.1,1,0.0,0,0.0,999.5
2025-07-01 13:10:51,0,0,1717,188.1,1,0.0,0,0.0,999.5
2025-07-01 13:10:51,0,0,1717,188.1,1,0.0,0,0.0,999.5
2025-07-01 13:10:51,0,0,1717,188.1,1,0.0,0,0.0,999.5
2025-07-01 13:10:51,0,1,1794,188.1,1,0.0,0,0.0,1006.4
2025-07-01 13:10:51,0,1,1794,188.1,1,0.0,0,0.0,1006.4
2025-07-01 13:10:51,0,1,1794,188.1,1,0.0,0,0.0,1006.4
2025-07-01 13:10:52,0,1,1794,188.1,1,0.0,0,0.0,1006.4
1751368253.438832,0,1,1776,137.9,1,0,0,0,1002.5941352312011
1751368253.551171,0,1,1776,137.9,1,0,0,0,1002.5941352312011
1751368253.6124952,0,1,1776,137.9,1,0,0,0,1002.5941352312011
1751368253.678043,0,1,1776,137.9,1,0,0,0,1002.5941352312011
1751368253.822011,0,1,1776,137.9,1,0,0,0,1002.5941352312011
1751368253.918468,0,1,1776,137.9,1,0,0,0,1002.5941352312011
1751368254.0475981,0,1,1776,137.9,1,0,0,0,1002.5941352312011
1751368254.193999,0,1,1776,137.9,1,0,0,0,1002.5941352312011
1751368254.315983,0,1,1776,137.9,1,0,0,0,1002.5941352312011
1751368254.436312,0,0,1449,137.9,1,0,0,0,1004.1409263644222
1751368254.5557718,0,0,1449,137.9,1,0,0,0,1004.1409263644222
1751368254.687767,0,0,1449,137.9,1,0,0,0,1004.1409263644222
1751368254.799428,0,0,1449,137.9,1,0,0,0,1004.1409263644222
1751368254.938887,0,0,1449,137.9,1,0,0,0,1004.1409263644222
1751368255.039274,0,0,1449,137.9,1,0,0,0,1004.1409263644222
1751368255.15241,0,0,1449,137.9,1,0,0,0,1004.1409263644222
1751368255.278133,0,0,1449,137.9,1,0,0,0,1004.1409263644222
1751368255.392475,0,0,1449,137.9,1,0,0,0,1004.1409263644222
1751368255.516331,0,1,1769,137.9,1,0,0,0,1008.2112873797834
1751368255.6461382,0,1,1769,137.9,1,0,0,0,1008.2112873797834
1751368255.7729762,0,1,1769,137.9,1,0,0,0,1008.2112873797834
1751368255.872971,0,1,1769,137.9,1,0,0,0,1008.2112873797834
1751368256.001791,0,1,1769,137.9,1,0,0,0,1008.2112873797834
1751368256.118476,0,1,1769,137.9,1,0,0,0,1008.2112873797834
1751368256.2377028,0,1,1769,137.9,1,0,0,0,1008.2112873797834
1751368256.359127,0,1,1769,137.9,1,0,0,0,1008.2112873797834
1751368256.482084,0,1,1769,137.9,1,0,0,0,1008.2112873797834
1751368256.6799161,0,1,1790,120.0,1,0,0,0,1002.5298000558388
1751368256.7942898,0,1,1790,120.0,1,0,0,0,1002.5298000558388
1751368256.928607,0,1,1790,120.0,1,0,0,0,1002.5298000558388
1751368257.036593,0,1,1790,120.0,1,0,0,0,1002.5298000558388
1751368257.179569,0,1,1790,120.0,1,0,0,0,1002.5298000558388
1751368257.279008,0,1,1790,120.0,1,0,0,0,1002.5298000558388
1751368257.4113522,0,1,1790,120.0,1,0,0,0,1002.5298000558388
1751368257.5234828,0,1,1790,120.0,1,0,0,0,1002.5298000558388
1751368257.654026,0,1,1795,120.0,1,0,0,0,1004.687513608087
1751368257.8406248,0,1,1795,120.0,1,0,0,0,1004.687513608087
1751368257.958136,0,1,1795,120.0,1,0,0,0,1004.687513608087
1751368258.078869,0,1,1795,120.0,1,0,0,0,1004.687513608087
1751368258.196285,0,1,1795,120.0,1,0,0,0,1004.687513608087
1751368258.321055,0,1,1795,120.0,1,0,0,0,1004.687513608087
1751368258.430709,0,1,1795,120.0,1,0,0,0,1004.687513608087
1751368258.5638552,0,1,1795,120.0,1,0,0,0,1004.687513608087
1751368258.67779,0,0,1793,120.0,1,0,0,0,1002.7467277433519
1751368258.8047318,0,0,1793,120.0,1,0,0,0,1002.7467277433519
1751368258.908903,0,0,1793,120.0,1,0,0,0,1002.7467277433519
1751368259.04114,0,0,1793,120.0,1,0,0,0,1002.7467277433519
1751368259.174004,0,0,1793,120.0,1,0,0,0,1002.7467277433519
1751368259.2828228,0,0,1793,120.0,1,0,0,0,1002.7467277433519
1751368259.394976,0,0,1793,120.0,1,0,0,0,1002.7467277433519
1751368259.515578,0,0,1793,120.0,1,0,0,0,1002.7467277433519
1751368259.638453,0,0,1793,120.0,1,0,0,0,1002.7467277433519
1751368259.759464,0,1,1781,120.0,1,0,0,0,1001.9905189172201
1751368259.893877,0,1,1781,120.0,1,0,0,0,1001.9905189172201
1751368259.991039,0,1,1781,120.0,1,0,0,0,1001.9905189172201
1751368260.1211038,0,1,1781,120.0,1,0,0,0,1001.9905189172201
1751368260.2468019,0,1,1781,120.0,1,0,0,0,1001.9905189172201
1751368260.366569,0,1,1781,120.0,1,0,0,0,1001.9905189172201
1751368260.483381,0,1,1781,120.0,1,0,0,0,1001.9905189172201
1751368260.604226,0,1,1781,120.0,1,0,0,0,1001.9905189172201
1751368260.724,0,1,1781,120.0,1,0,0,0,1001.9905189172201
1751368260.846163,0,0,1535,120.0,1,0,0,0,999.998499998875
1751368260.946409,0,0,1535,120.0,1,0,0,0,999.998499998875
1751368261.070763,0,0,1535,120.0,1,0,0,0,999.998499998875
1751368261.207723,0,0,1535,120.0,1,0,0,0,999.998499998875
1751368261.316254,0,0,1535,120.0,1,0,0,0,999.998499998875
1751368261.445333,0,0,1535,120.0,1,0,0,0,999.998499998875
1751368261.555323,0,0,1535,120.0,1,0,0,0,999.998499998875
1751368261.686174,0,0,1535,120.0,1,0,0,0,999.998499998875
1751368261.7953029,0,0,1535,120.0,1,0,0,0,999.998499998875
1751368261.918725,0,1,1786,120.0,1,0,0,0,1001.4679226016178
1751368262.0339358,0,1,1786,120.0,1,0,0,0,1001.4679226016178
1751368262.153331,0,1,1786,120.0,1,0,0,0,1001.4679226016178
1751368262.282479,0,1,1786,120.0,1,0,0,0,1001.4679226016178
1751368262.3958242,0,1,1786,120.0,1,0,0,0,1001.4679226016178
1751368262.52585,0,1,1786,120.0,1,0,0,0,1001.4679226016178
1751368262.626634,0,1,1786,120.0,1,0,0,0,1001.4679226016178
1751368262.767852,0,1,1786,120.0,1,0,0,0,1001.4679226016178
1751368262.871026,0,1,1786,120.0,1,0,0,0,1001.4679226016178
1751368262.989423,0,1,1794,150.8,1,0,0,0,1000.2189760247503
1751368263.076164,0,1,1794,150.8,1,0,0,0,1000.2189760247503
1751368263.190363,0,1,1794,150.8,1,0,0,0,1000.2189760247503
1751368263.284171,0,1,1794,150.8,1,0,0,0,1000.2189760247503
1751368263.398759,0,1,1794,150.8,1,0,0,0,1000.2189760247503
1751368263.525347,0,1,1794,150.8,1,0,0,0,1000.2189760247503
1751368263.631795,0,1,1794,150.8,1,0,0,0,1000.2189760247503
1751368263.754001,0,1,1794,150.8,1,0,0,0,1000.2189760247503
1751368263.876221,0,1,1794,150.8,1,0,0,0,1000.2189760247503
1751368263.990292,0,1,1784,150.8,1,0,0,0,1007.4294019930131
1751368264.120032,0,1,1784,150.8,1,0,0,0,1007.4294019930131
1751368264.228062,0,1,1784,150.8,1,0,0,0,1007.4294019930131
1751368264.3679302,0,1,1784,150.8,1,0,0,0,1007.4294019930131
1751368264.4702542,0,1,1784,150.8,1,0,0,0,1007.4294019930131
1751368264.586464,0,1,1784,150.8,1,0,0,0,1007.4294019930131
1751368264.7163699,0,1,1784,150.8,1,0,0,0,1007.4294019930131
1751368264.834395,0,1,1784,150.8,1,0,0,0,1007.4294019930131
1751368264.9578938,0,1,1784,150.8,1,0,0,0,1007.4294019930131
1751368265.0744278,0,0,1396,188.1,1,0,0,0,1003.5063527452131
1751368265.205874,0,0,1396,188.1,1,0,0,0,1003.5063527452131
1751368265.310882,0,0,1396,188.1,1,0,0,0,1003.5063527452131
1751368265.428461,0,0,1396,188.1,1,0,0,0,1003.5063527452131
1751368265.554683,0,0,1396,188.1,1,0,0,0,1003.5063527452131
1751368265.640907,0,0,1396,188.1,1,0,0,0,1003.5063527452131
1751368265.801794,0,0,1396,188.1,1,0,0,0,1003.5063527452131
1751368265.914836,0,0,1396,188.1,1,0,0,0,1003.5063527452131
1751368266.079403,0,0,1396,188.1,1,0,0,0,1003.5063527452131
1751368266.18885,0,0,1533,188.1,1,0,0,0,1001.7509670571824
1751368266.32052,0,0,1533,188.1,1,0,0,0,1001.7509670571824
1751368266.455293,0,0,1533,188.1,1,0,0,0,1001.7509670571824
1751368266.5634902,0,0,1533,188.1,1,0,0,0,1001.7509670571824
1751368266.680335,0,0,1533,188.1,1,0,0,0,1001.7509670571824
1751368266.7916942,0,0,1533,188.1,1,0,0,0,1001.7509670571824
1751368266.923768,0,0,1533,188.1,1,0,0,0,1001.7509670571824
1751368267.024981,0,0,1533,188.1,1,0,0,0,1001.7509670571824
1751368267.162931,0,0,1533,188.1,1,0,0,0,1001.7509670571824
1751368267.2730281,0,1,1790,188.1,1,0,0,0,999.7504688671069
1751368267.396051,0,1,1790,188.1,1,0,0,0,999.7504688671069
1751368267.533752,0,1,1790,188.1,1,0,0,0,999.7504688671069
1751368267.6328819,0,1,1790,188.1,1,0,0,0,999.7504688671069
1751368267.758942,0,1,1790,188.1,1,0,0,0,999.7504688671069
1751368267.876277,0,1,1790,188.1,1,0,0,0,999.7504688671069
1751368268.0074859,0,1,1790,188.1,1,0,0,0,999.7504688671069
1751368268.11268,0,1,1790,188.1,1,0,0,0,999.7504688671069
1751368268.2390862,0,1,1790,188.1,1,0,0,0,999.7504688671069
1751368268.355007,0,1,1797,188.1,1,0,0,0,1002.4594754901567
1751368268.477078,0,1,1797,188.1,1,0,0,0,1002.4594754901567
1751368268.590794,0,1,1797,188.1,1,0,0,0,1002.4594754901567
1751368268.718068,0,1,1797,188.1,1,0,0,0,1002.4594754901567
1751368268.8325372,0,1,1797,188.1,1,0,0,0,1002.4594754901567
1751368268.959856,0,1,1797,188.1,1,0,0,0,1002.4594754901567
1751368269.068181,0,1,1797,188.1,1,0,0,0,1002.4594754901567
1751368269.1870148,0,1,1797,188.1,1,0,0,0,1002.4594754901567
1751368269.375402,0,1,1797,188.1,1,0,0,0,1002.4594754901567
1751368269.551139,0,1,1779,188.1,1,0,0,0,1001.4459546076363
1751368269.678686,0,1,1779,188.1,1,0,0,0,1001.4459546076363
1751368269.809529,0,1,1779,188.1,1,0,0,0,1001.4459546076363
1751368269.9196212,0,1,1779,188.1,1,0,0,0,1001.4459546076363
1751368270.030188,0,1,1779,188.1,1,0,0,0,1001.4459546076363
1751368270.165521,0,1,1779,188.1,1,0,0,0,1001.4459546076363
1751368270.2727401,0,1,1779,188.1,1,0,0,0,1001.4459546076363
1751368270.400533,0,1,1779,188.1,1,0,0,0,1001.4459546076363
1751368270.555177,0,1,1788,188.1,1,0,0,0,999.0325320028372
1751368270.6869419,0,1,1788,188.1,1,0,0,0,999.0325320028372
1751368270.899953,0,1,1788,188.1,1,0,0,0,999.0325320028372
1751368271.088369,0,1,1788,188.1,1,0,0,0,999.0325320028372
1751368271.292928,0,1,1788,188.1,1,0,0,0,999.0325320028372
1751368271.397294,0,1,1788,188.1,1,0,0,0,999.0325320028372
1751368271.51331,0,0,1935,157.9,1,0,0,0,1000.5443518405368
1751368271.6408808,0,0,1935,157.9,1,0,0,0,1000.5443518405368
1751368271.759834,0,0,1935,157.9,1,0,0,0,1000.5443518405368
1751368271.872298,0,0,1935,157.9,1,0,0,0,1000.5443518405368
1751368272.001947,0,0,1935,157.9,1,0,0,0,1000.5443518405368
1751368272.1023219,0,0,1935,157.9,1,0,0,0,1000.5443518405368
1751368272.228294,0,0,1935,157.9,1,0,0,0,1000.5443518405368
1751368272.362476,0,0,1935,157.9,1,0,0,0,1000.5443518405368
1751368272.4794612,0,0,1935,157.9,1,0,0,0,1000.5443518405368
1751368272.5984058,0,0,1890,157.9,1,0,0,0,999.014514409075
1751368272.722441,0,0,1890,157.9,1,0,0,0,999.014514409075
1751368272.821433,0,0,1890,157.9,1,0,0,0,999.014514409075
1751368272.9465659,0,0,1890,157.9,1,0,0,0,999.014514409075
1751368273.075115,0,0,1890,157.9,1,0,0,0,999.014514409075
1751368273.1886668,0,0,1890,157.9,1,0,0,0,999.014514409075
1751368273.316461,0,0,1890,157.9,1,0,0,0,999.014514409075
1751368273.447705,0,0,1890,157.9,1,0,0,0,999.014514409075
1751368273.554052,0,0,1890,157.9,1,0,0,0,999.014514409075
1751368273.6731122,0,1,1794,157.9,1,0,0,0,1004.3550169138401
1751368273.79368,0,1,1794,157.9,1,0,0,0,1004.3550169138401
1751368273.9186502,0,1,1794,157.9,1,0,0,0,1004.3550169138401
1751368274.029096,0,1,1794,157.9,1,0,0,0,1004.3550169138401
1751368274.147532,0,1,1794,157.9,1,0,0,0,1004.3550169138401
1751368274.274915,0,1,1794,157.9,1,0,0,0,1004.3550169138401
1751368274.410092,0,1,1794,157.9,1,0,0,0,1004.3550169138401
1751368274.520662,0,1,1794,157.9,1,0,0,0,1004.3550169138401
1751368274.6321092,0,1,1794,157.9,1,0,0,0,1004.3550169138401
1751368274.751383,0,1,1790,157.9,1,0,0,0,997.9073103249619
1751368274.877273,0,1,1790,157.9,1,0,0,0,997.9073103249619
1751368274.986953,0,1,1790,157.9,1,0,0,0,997.9073103249619
1751368275.1116989,0,1,1790,157.9,1,0,0,0,997.9073103249619
1751368275.239043,0,1,1790,157.9,1,0,0,0,997.9073103249619
1751368275.3625758,0,1,1790,157.9,1,0,0,0,997.9073103249619
1751368275.4896839,0,1,1790,157.9,1,0,0,0,997.9073103249619
1751368275.6514409,0,1,1790,157.9,1,0,0,0,997.9073103249619
1751368275.812803,0,0,1631,157.9,1,0,0,0,1000.3769289622787
1751368275.912574,0,0,1631,157.9,1,0,0,0,1000.3769289622787
1751368276.0329769,0,0,1631,157.9,1,0,0,0,1000.3769289622787
1751368276.1522849,0,0,1631,157.9,1,0,0,0,1000.3769289622787
1751368276.308359,0,0,1631,157.9,1,0,0,0,1000.3769289622787
1751368276.370091,0,0,1631,157.9,1,0,0,0,1000.3769289622787
1751368276.552274,0,0,1631,157.9,1,0,0,0,1000.3769289622787
1751368276.67577,0,0,1631,157.9,1,0,0,0,1000.3769289622787
1751368276.793279,0,0,1960,157.9,1,0,0,0,1105.9299254473585
1751368276.9077141,0,0,1960,157.9,1,0,0,0,1105.9299254473585
1751368277.02811,0,0,1960,157.9,1,0,0,0,1105.9299254473585
1751368277.167785,0,0,1960,157.9,1,0,0,0,1105.9299254473585
1751368277.280554,0,0,1960,157.9,1,0,0,0,1105.9299254473585
1751368277.3956969,0,0,1960,157.9,1,0,0,0,1105.9299254473585
1751368277.513709,0,0,1960,157.9,1,0,0,0,1105.9299254473585
1751368277.6362848,0,0,1960,157.9,1,0,0,0,1105.9299254473585
1751368277.750682,0,0,1960,157.9,1,0,0,0,1105.9299254473585
1751368277.877862,0,0,1966,157.9,1,0,0,0,1020.8378911462877
1751368277.985834,0,0,1966,157.9,1,0,0,0,1020.8378911462877
1751368278.108623,0,0,1966,157.9,1,0,0,0,1020.8378911462877
1751368278.231035,0,0,1966,157.9,1,0,0,0,1020.8378911462877
1751368278.360485,0,0,1966,157.9,1,0,0,0,1020.8378911462877
1751368278.482603,0,0,1966,157.9,1,0,0,0,1020.8378911462877
1751368278.6049979,0,0,1966,157.9,1,0,0,0,1020.8378911462877
1751368278.706243,0,0,1966,157.9,1,0,0,0,1020.8378911462877
1751368278.90872,0,0,1966,157.9,1,0,0,0,1020.8378911462877
1751368279.020361,0,0,1872,157.9,1,0,0,0,1026.856367755491
1751368279.149347,0,0,1872,157.9,1,0,0,0,1026.856367755491
1751368333.947186,0,0,1739,62.8,56,0,0,0,1013.7139636011728
1751368334.061756,73,0,1739,62.8,56,0,827.5,0,1013.7139636011728
1751368334.130639,83,0,1739,62.8,56,43.52683649043185,775.0,-52.5,1013.7139636011728
1751368334.228857,53,0,1739,62.8,56,1764.2158641401873,13.5,-761.5,1013.7139636011728
1751368334.3310442,108,0,1739,62.8,56,1635.7792151406322,323.5,310.0,1013.7139636011728
1751368334.44744,53,0,1739,62.8,56,76.84963659365889,72.0,-251.5,1013.7139636011728
1751368334.585334,53,0,1739,62.8,56,0,0,0,1013.7139636011728
1751368334.6986392,58,0,1739,62.8,56,11.260016556025807,13.5,-58.5,1013.7139636011728
1751368334.8197608,58,0,1571,62.8,65,0,0,0,1008.6352165178449
1751368334.944757,58,0,1571,62.8,65,0,0,0,1008.6352165178449
1751368335.05726,83,0,1571,62.8,65,69.77736087268018,12.5,-1.0,1008.6352165178449
1751368335.179424,83,0,1571,62.8,65,517.7698460874634,18.5,6.0,1008.6352165178449
1751368335.3026938,83,0,1571,62.8,65,0,0,0,1008.6352165178449
1751368335.411901,86,0,1571,62.8,65,246.32398197271618,46.5,28.0,1008.6352165178449
1751368335.542465,81,0,1571,62.8,65,1317.8286512778927,32.5,-14.0,1008.6352165178449
1751368335.674159,81,0,1571,62.8,65,0,0,0,1008.6352165178449
1751368335.779003,81,0,1571,62.8,65,0,0,0,1008.6352165178449
1751368335.9556532,81,1,1793,62.8,62,0,0,0,996.7472096775591
1751368336.052562,117,1,1793,62.8,62,393.2174141272379,129.5,97.0,996.7472096775591
1751368336.182533,104,1,1793,62.8,62,48.657253946490904,117.5,-12.0,996.7472096775591
1751368336.287641,107,1,1793,62.8,62,57.091640823326834,125.0,7.5,996.7472096775591
1751368336.418556,95,1,1793,62.8,62,17.086848226136304,100.0,-25.0,996.7472096775591
1751368336.5330439,107,1,1793,62.8,62,44.53874640386574,117.5,17.5,996.7472096775591
1751368336.62513,139,1,1793,62.8,62,48.53206551305329,378.0,260.5,996.7472096775591
1751368336.727314,138,1,1793,62.8,62,29.360225867419558,611.5,233.5,996.7472096775591
1751368336.8461928,105,1,1793,62.8,62,0.0,630.0,18.5,996.7472096775591
1751368336.989334,67,0,1712,62.8,70,409.9822032702475,134.0,-496.0,996.2073077427208
1751368337.189312,118,0,1712,62.8,70,55.90341880285919,346.5,212.5,996.2073077427208
1751368337.298655,63,0,1712,62.8,70,220.34622155513702,65.5,-281.0,996.2073077427208
1751368337.430364,73,0,1712,62.8,70,15.184979762068542,38.5,-27.0,996.2073077427208
1751368337.538032,88,0,1712,62.8,70,669.7480994908597,84.0,45.5,996.2073077427208
1751368337.663142,118,0,1712,62.8,70,51.16439154512791,337.0,253.0,996.2073077427208
1751368337.7745621,69,0,1712,62.8,70,599.9556089018452,143.5,-193.5,996.2073077427208
1751368337.950697,72,0,1712,62.8,70,948.9687173361594,30.5,-113.0,996.2073077427208
1751368338.056424,99,0,1659,62.8,65,1544.0033451165596,140.0,109.5,1008.8538050679098
1751368338.1770701,84,0,1659,62.8,65,16.574837237332176,153.5,13.5,1008.8538050679098
1751368338.295706,74,0,1659,62.8,65,25.288473094508365,89.0,-64.5,1008.8538050679098
1751368338.4248111,77,0,1659,62.8,65,45.15571140923769,24.5,-64.5,1008.8538050679098
1751368338.541364,73,0,1659,62.8,65,8.581625930427167,28.0,3.5,1008.8538050679098
1751368338.651951,72,0,1659,62.8,65,9.043638755026574,22.5,-5.5,1008.8538050679098
1751368338.7769651,84,0,1659,62.8,65,32.97006693310047,32.0,9.5,1008.8538050679098
1751368338.903636,84,0,1659,62.8,65,39.492305490482615,42.0,10.0,1008.8538050679098
1751368339.0204601,74,0,1659,62.8,65,12.098872447325773,41.5,-0.5,1008.8538050679098
1751368339.139311,75,0,1705,62.8,61,11.904353221646124,45.5,4.0,1005.5575567813113
1751368339.2960541,73,0,1705,62.8,61,9.018696226295562,49.5,4.0,1005.5575567813113
1751368339.421522,80,0,1705,62.8,61,23.92365973903008,50.0,0.5,1005.5575567813113
1751368339.54862,76,0,1705,62.8,61,15.732927222668177,47.5,-2.5,1005.5575567813113
1751368339.6583848,78,0,1705,62.8,61,18.22489207726551,57.5,10.0,1005.5575567813113
1751368339.7788491,72,0,1705,62.8,61,8.297238806265405,51.0,-6.5,1005.5575567813113
1751368339.885849,88,0,1705,62.8,61,570.8938273164572,98.5,47.5,1005.5575567813113
1751368340.0205472,76,0,1705,62.8,61,458.3690688935357,23.0,-75.5,1005.5575567813113
1751368340.1442869,79,0,1973,137.0,88,11.422005444681615,64.0,41.0,1010.4464359875788
1751368340.264352,84,0,1973,137.0,88,26.356475853633327,84.5,20.5,1010.4464359875788
1751368340.383651,73,0,1973,137.0,88,8.380545914829934,81.5,-3.0,1010.4464359875788
1751368340.506937,79,0,1973,137.0,88,1411.7143240169478,30.5,-51.0,1010.4464359875788
1751368340.623878,91,0,1973,137.0,88,1497.098183923777,94.5,64.0,1010.4464359875788
1751368340.79597,77,0,1973,137.0,88,16.429956849411738,85.0,-9.5,1010.4464359875788
1751368340.892988,84,0,1973,137.0,88,166.49766910251003,82.5,-2.5,1010.4464359875788
1751368341.017749,76,0,1973,137.0,88,24.05850714991788,33.0,-49.5,1010.4464359875788
1751368341.143195,82,0,1980,143.5,88,25.192413605490845,35.0,2.0,1007.9370019996289
1751368341.24755,73,0,1980,143.5,88,9.5848992790137,26.5,-8.5,1007.9370019996289
1751368341.376021,83,0,1980,143.5,88,140.1181337495569,15.5,-11.0,1007.9370019996289
1751368341.548785,86,0,1980,143.5,88,36.60400808371648,33.0,17.5,1007.9370019996289
1751368341.654599,85,0,1980,143.5,88,188.35598859043841,36.5,3.5,1007.9370019996289
1751368341.824061,82,0,1980,143.5,88,23.611258725512272,47.0,10.5,1007.9370019996289
1751368341.933672,85,0,1980,143.5,88,121.69152286937354,54.0,7.0,1007.9370019996289
1751368342.0605419,86,0,1980,143.5,88,405.17748148035804,75.5,21.5,1007.9370019996289
1751368342.2265,139,1,1785,143.5,88,238.75292638840057,346.0,270.5,1013.2694607062822
1751368342.3352451,139,1,1785,143.5,88,55.97560968583997,714.5,368.5,1013.2694607062822
1751368342.458496,105,1,1785,143.5,88,11.473349932234523,668.0,-46.5,1013.2694607062822
1751368342.590257,108,1,1785,143.5,88,10.729497230666876,661.5,-6.5,1013.2694607062822
1751368342.686859,84,1,1785,143.5,88,440.111672309815,84.0,-577.5,1013.2694607062822
1751368342.809739,97,1,1785,143.5,88,499.00005555939885,17.5,-66.5,1013.2694607062822
1751368342.9461372,104,1,1785,143.5,88,1261.7712579119516,21.5,4.0,1013.2694607062822
1751368343.0538921,89,1,1785,143.5,88,0.0,26.0,4.5,1013.2694607062822
1751368343.1754198,113,1,1791,143.5,88,1440.9604527849613,109.5,83.5,1002.2719191915934
1751368343.303618,106,1,1791,143.5,88,49.3067082990579,114.0,4.5,1002.2719191915934
1751368343.621305,123,1,1791,143.5,88,17.8094484097253,224.5,110.5,1002.2719191915934
1751368343.7444758,86,1,1791,143.5,88,1444.582690615115,53.0,-171.5,1002.2719191915934
1751368343.84641,139,1,1791,143.5,88,1749.8136652288877,785.0,732.0,1002.2719191915934
1751368343.972736,111,1,1791,143.5,88,11.196022645410283,804.5,19.5,1002.2719191915934
1751368344.092618,120,1,1791,143.5,88,42.52693460927751,822.0,17.5,1002.2719191915934
1751368344.2144551,94,0,1723,143.5,88,29.590540078587804,783.0,-39.0,1003.8236896985446
1751368344.347529,76,0,1723,143.5,88,328.2964609145309,208.5,-574.5,1003.8236896985446
1751368344.4499981,71,0,1723,143.5,88,600.8154517368871,85.0,-123.5,1003.8236896985446
1751368344.583081,113,0,1723,143.5,88,61.98108126650021,234.5,149.5,1003.8236896985446
1751368344.6930208,99,0,1723,143.5,88,83.8248399038429,245.5,11.0,1003.8236896985446
1751368344.905317,78,0,1723,143.5,88,9.424449213000932,187.0,-58.5,1003.8236896985446
1751368345.011801,95,0,1723,143.5,88,38.70476160389308,194.5,7.5,1003.8236896985446
1751368345.137392,86,0,1723,143.5,88,7.966283449222897,206.5,12.0,1003.8236896985446
1751368345.269088,87,1,1796,143.5,13,7.590992096456889,212.5,6.0,1014.2544059554289
1751368345.376191,87,1,1796,143.5,13,18.664412029084826,194.5,-18.0,1014.2544059554289
1751368345.492615,80,1,1796,143.5,13,0.0,195.5,1.0,1014.2544059554289
1751368345.614363,83,1,1796,143.5,13,8.215314163044734,188.0,-7.5,1014.2544059554289
1751368345.7337868,94,1,1796,143.5,13,16.747505924489953,218.5,30.5,1014.2544059554289
1751368345.865083,97,1,1796,143.5,13,22.858654303808045,233.5,15.0,1014.2544059554289
1751368346.008516,80,1,1796,143.5,13,6.970698265761461,197.5,-36.0,1014.2544059554289
1751368346.1339478,98,1,1796,143.5,13,56.33237732357292,212.0,14.5,1014.2544059554289
1751368346.285774,70,0,1745,143.5,54,39.53403365898948,136.0,-76.0,1013.4155120186389
1751368346.411652,64,0,1745,143.5,54,17.762210046834248,99.0,-37.0,1013.4155120186389
1751368346.670161,60,0,1745,143.5,54,8.649421031501998,75.0,-24.0,1013.4155120186389
1751368346.785944,65,0,1745,143.5,54,12.219632114762138,80.5,5.5,1013.4155120186389
1751368346.942451,62,0,1745,143.5,54,9.031728071788796,67.5,-13.0,1013.4155120186389
1751368347.068058,63,0,1745,143.5,54,11.266282873561424,52.0,-15.5,1013.4155120186389
1751368347.178077,70,0,1745,143.5,54,20.321435392397465,66.0,14.0,1013.4155120186389
1751368347.30725,64,0,1200,100.3,57,15.490054436541175,66.5,0.5,1013.5985398568804
1751368347.467755,63,0,1200,100.3,57,12.456096481719612,67.0,0.5,1013.5985398568804
1751368347.574031,66,0,1200,100.3,57,1524.9806277745754,15.5,-51.5,1013.5985398568804
1751368347.6896021,77,0,1200,100.3,57,1400.7796513140117,73.5,58.0,1013.5985398568804
1751368347.804258,65,0,1200,100.3,57,17.444539410613615,75.0,1.5,1013.5985398568804
1751368347.9304268,57,0,1200,100.3,57,0.0,77.5,2.5,1013.5985398568804
1751368348.0660522,72,0,1200,100.3,57,29.496534724834998,88.5,11.0,1013.5985398568804
1751368348.1722398,69,0,1200,100.3,57,47.08109394433294,68.5,-20.0,1013.5985398568804
1751368348.2929542,72,0,1959,100.3,68,8.2811681247495,51.5,-17.0,1009.817805349064
1751368348.4105651,80,0,1959,100.3,68,1411.5673412923725,13.0,-38.5,1009.817805349064
1751368348.5335438,88,0,1959,100.3,68,1350.8786486836796,48.0,35.0,1009.817805349064
1751368348.6682692,73,0,1959,100.3,68,7.4180194934394015,48.5,0.5,1009.817805349064
1751368348.7636569,67,0,1959,100.3,68,0.0,26.0,-22.5,1009.817805349064
1751368348.898551,80,0,1959,100.3,68,23.450330513602985,20.0,-6.0,1009.817805349064
1751368349.019856,79,0,1959,100.3,68,18.432206150455322,29.0,9.0,1009.817805349064
1751368349.128375,77,0,1959,100.3,68,13.027269755703557,40.5,11.5,1009.817805349064
1751368349.257823,76,0,1959,100.3,68,17.279066257476366,26.0,-14.5,1009.817805349064
1751368349.378232,69,0,1910,100.3,68,0.0,27.5,1.5,1009.1996829171123
1751368349.507783,69,0,1910,100.3,68,0,0,0,1009.1996829171123
1751368349.709441,83,0,1910,100.3,68,58.326030025214514,12.5,-15.0,1009.1996829171123
1751368349.819606,88,0,1910,100.3,68,136.42192802465382,48.5,36.0,1009.1996829171123
1751368349.936615,81,0,1910,100.3,68,448.4886705907589,23.0,-25.5,1009.1996829171123
1751368350.0561879,85,0,1910,100.3,68,545.0335713635267,28.0,5.0,1009.1996829171123
1751368350.221056,73,0,1910,100.3,68,8.578790365945007,23.5,-4.5,1009.1996829171123
1751368350.3273659,86,0,1910,100.3,68,63.07910732926762,43.0,19.5,1009.1996829171123
1751368350.4589598,72,0,1862,100.3,68,7.602646413746851,38.5,-4.5,1009.2819229531459
1751368350.566785,75,0,1862,100.3,68,13.10379308699068,37.0,-1.5,1009.2819229531459
1751368350.749738,82,0,1862,100.3,68,337.77931681905403,23.0,-14.0,1009.2819229531459
1751368350.892108,82,0,1862,100.3,68,0,0,0,1009.2819229531459
1751368351.010506,82,0,1862,100.3,68,0,0,0,1009.2819229531459
1751368351.1287732,82,0,1862,100.3,68,0,0,0,1009.2819229531459
1751368351.257546,82,0,1862,100.3,68,0,0,0,1009.2819229531459
1751368351.361166,85,0,1862,100.3,68,78.01850217961788,38.0,15.0,1009.2819229531459
1751368351.499969,94,1,1771,100.3,68,7.206324061776778,58.5,20.5,1008.7432775488519
1751368351.606542,105,1,1771,100.3,68,489.31469365755225,76.5,18.0,1008.7432775488519
1751368351.7362292,100,1,1771,100.3,68,398.0177374703888,39.0,-37.5,1008.7432775488519
1751368351.8589098,108,1,1771,100.3,68,413.7957335619228,86.5,47.5,1008.7432775488519
1751368351.9741702,97,1,1771,100.3,68,19.417900521328953,72.0,-14.5,1008.7432775488519
1751368352.0927732,104,1,1771,100.3,68,446.4436076484493,76.0,4.0,1008.7432775488519
1751368352.246908,106,1,1771,100.3,68,358.3591968860091,97.5,21.5,1008.7432775488519
1751368352.376275,103,1,1771,100.3,68,403.2357457014403,93.5,-4.0,1008.7432775488519
1751368352.5232792,101,1,1792,186.9,68,21.515746148407313,103.0,9.5,1010.0108910303888
1751368352.649117,107,1,1792,186.9,68,372.4243595718139,115.5,12.5,1010.0108910303888
1751368352.788071,102,1,1792,186.9,68,353.4188796509002,97.0,-18.5,1010.0108910303888
1751368352.8853061,96,1,1792,186.9,68,10.278141540874339,108.0,11.0,1010.0108910303888
1751368353.010156,106,1,1792,186.9,68,386.46691551590743,114.5,6.5,1010.0108910303888
1751368353.135742,111,1,1792,186.9,68,333.4307773650788,141.0,26.5,1010.0108910303888
1751368353.2547672,109,1,1792,186.9,68,67.75334688321652,141.0,0.0,1010.0108910303888
1751368353.3917298,116,1,1792,186.9,68,30.10161498391776,175.5,34.5,1010.0108910303888
1751368353.4935591,92,0,1604,186.9,68,21.947424138599104,195.0,19.5,999.5649053463212
1751368353.622336,109,0,1604,186.9,68,47.27151236843411,302.5,107.5,999.5649053463212
1751368353.721104,97,0,1604,186.9,68,31.983645542430576,294.0,-8.5,999.5649053463212
1751368353.853846,92,0,1604,186.9,68,60.74724234311716,234.5,-59.5,999.5649053463212
1751368353.971926,104,0,1604,186.9,68,59.291829233813964,300.0,65.5,999.5649053463212
1751368354.08775,81,0,1604,186.9,68,44.026493791203016,180.5,-119.5,999.5649053463212
1751368354.2104168,104,0,1604,186.9,68,73.7921444142162,243.0,62.5,999.5649053463212
1751368354.388628,90,0,1604,186.9,68,7.939076888041441,270.5,27.5,999.5649053463212
1751368354.542782,89,0,1973,186.9,68,43.50465887719788,199.0,-71.5,1014.0759340404445
1751368354.6435242,102,0,1973,186.9,68,28.064893823011683,239.0,40.0,1014.0759340404445
1751368354.7341282,103,0,1973,186.9,68,89.0166603647993,276.5,37.5,1014.0759340404445
1751368354.893412,99,0,1973,186.9,68,39.69145273136258,269.5,-7.0,1014.0759340404445
1751368355.043978,89,0,1973,186.9,68,9.395394840323636,271.5,2.0,1014.0759340404445
1751368355.1708212,101,0,1973,186.9,68,39.440018656014686,286.5,15.0,1014.0759340404445
1751368355.2930188,95,0,1973,186.9,68,8.182219690526168,348.5,62.0,1014.0759340404445
1751368355.409984,91,0,1973,186.9,68,65.07663767142185,268.5,-80.0,1014.0759340404445
1751368355.522172,103,1,1804,186.9,68,57.073804831608186,173.5,-95.0,1009.8286983444272
1751368355.646156,124,1,1804,186.9,68,22.81782375711214,267.0,93.5,1009.8286983444272
1751368355.767901,123,1,1804,186.9,68,41.890047227660276,307.5,40.5,1009.8286983444272
1751368355.909823,115,1,1804,186.9,68,28.18208175503725,284.5,-23.0,1009.8286983444272
1751368356.009501,118,1,1804,186.9,68,30.08092717701565,273.5,-11.0,1009.8286983444272
1751368356.126255,109,1,1804,186.9,68,61.763313274360115,205.0,-68.5,1009.8286983444272
1751368356.251799,122,1,1804,186.9,68,23.903027079395535,271.5,66.5,1009.8286983444272
1751368356.4129002,114,1,1804,186.9,68,62.38315213899951,223.5,-48.0,1009.8286983444272
1751368356.527104,104,0,1755,177.5,68,78.77399765861232,279.0,55.5,1009.6722240410498
1751368356.6752782,96,0,1755,177.5,68,27.826680469256406,270.0,-9.0,1009.6722240410498
1751368356.844234,89,0,1755,177.5,68,5.920696090139382,293.0,23.0,1009.6722240410498
1751368357.0427089,96,0,1755,177.5,68,40.31346880714325,269.0,-24.0,1009.6722240410498
1751368357.126348,100,0,1755,177.5,68,47.788533406252846,287.0,18.0,1009.6722240410498
1751368357.251189,104,0,1755,177.5,68,32.066666921509636,344.5,57.5,1009.6722240410498
1751368357.3824651,89,0,1755,177.5,68,10.76808301567334,347.5,3.0,1009.6722240410498
1751368357.499128,87,0,1755,177.5,68,8.574047499315189,337.5,-10.0,1009.6722240410498
1751368357.6255019,70,0,1643,136.7,7,63.78260502352948,261.0,-76.5,1010.9609290175363
1751368357.7170691,70,0,1643,136.7,7,0,0,0,1010.9609290175363
1751368357.846817,45,0,1643,136.7,7,193.39012264287206,82.5,-178.5,1010.9609290175363
1751368357.960705,57,0,1643,136.7,7,520.0144858995462,27.0,-55.5,1010.9609290175363
1751368358.087764,63,0,1643,136.7,7,1362.1737389426232,22.5,-4.5,1010.9609290175363
1751368358.206156,52,0,1643,136.7,7,8.448456868456143,20.5,-2.0,1010.9609290175363
1751368358.328214,63,0,1643,136.7,7,1409.6974488135688,21.0,0.5,1010.9609290175363
1751368358.455742,53,0,1643,136.7,7,7.844380565150957,33.0,12.0,1010.9609290175363
1751368358.5655649,52,0,1643,136.7,7,9.100504028102334,24.5,-8.5,1010.9609290175363
1751368358.6784909,75,0,1809,136.7,63,12.51836947780498,25.5,1.0,1010.8021567052575
1751368358.797824,74,0,1809,136.7,63,11.852876377571937,20.5,-5.0,1010.8021567052575
1751368358.927677,72,0,1809,136.7,63,7.700831350430364,18.5,-2.0,1010.8021567052575
1751368359.055611,75,0,1809,136.7,63,11.055110411508526,24.5,6.0,1010.8021567052575
1751368359.169367,73,0,1809,136.7,63,8.794141018947757,23.5,-1.0,1010.8021567052575
1751368359.292866,73,0,1809,136.7,63,8.092253492594216,26.0,2.5,1010.8021567052575
1751368359.399783,74,0,1809,136.7,63,9.35533186270027,32.0,6.0,1010.8021567052575
1751368359.52317,74,0,1809,136.7,63,11.459762061327964,28.5,-3.5,1010.8021567052575
1751368359.659342,77,0,1809,136.7,63,16.420786906263455,30.5,2.0,1010.8021567052575
1751368359.77005,94,1,1791,103.8,73,9.037831594779382,38.5,8.0,1005.5714793091538
1751368359.897548,92,1,1791,103.8,73,7.845158201093828,32.5,-6.0,1005.5714793091538
1751368360.0082922,102,1,1791,103.8,73,27.069980573501223,30.5,-2.0,1005.5714793091538
1751368360.1313229,96,1,1791,103.8,73,16.266638743130617,28.5,-2.0,1005.5714793091538
1751368360.309199,95,1,1791,103.8,73,11.23943431744947,33.5,5.0,1005.5714793091538
1751368360.407737,102,1,1791,103.8,73,1727.2260905030562,13.0,-20.5,1005.5714793091538
1751368360.532367,106,1,1791,103.8,73,1380.1666817771552,37.0,24.0,1005.5714793091538
1751368360.6514628,93,1,1791,103.8,73,8.399914284627108,41.5,4.5,1005.5714793091538
1751368360.771306,76,0,1535,177.0,73,16.68030343703085,38.5,-3.0,1008.6679334647256
1751368360.8845818,79,0,1535,177.0,73,19.749557496776642,50.5,12.0,1008.6679334647256
1751368360.9968572,74,0,1535,177.0,73,12.585916165595263,53.0,2.5,1008.6679334647256
1751368361.127831,72,0,1535,177.0,73,7.634863714636251,56.0,3.0,1008.6679334647256
1751368361.239365,72,0,1535,177.0,73,0,0,0,1008.6679334647256
1751368361.376766,72,0,1535,177.0,73,0,0,0,1008.6679334647256
1751368361.486837,70,0,1535,177.0,73,13.930519842411206,12.5,-43.5,1008.6679334647256
1751368361.6057029,70,0,1535,177.0,73,0,0,0,1008.6679334647256
1751368361.7226932,72,0,1535,177.0,73,8.480648477930986,14.5,2.0,1008.6679334647256
1751368361.843009,83,0,1716,137.0,73,35.23293992762746,12.0,-2.5,1000.2739624722819
1751368361.956884,69,0,1716,137.0,73,0.0,21.5,9.5,1000.2739624722819
1751368362.091489,91,0,1716,137.0,73,481.75375419643103,99.5,78.0,1000.2739624722819
1751368362.204612,77,0,1716,137.0,73,579.0253540024968,41.0,-58.5,1000.2739624722819
1751368362.411294,94,0,1716,137.0,73,21.634496313339003,141.5,100.5,1000.2739624722819
1751368362.531473,79,0,1716,137.0,73,34.32664624420032,101.5,-40.0,1000.2739624722819
1751368362.699042,76,0,1716,137.0,73,1044.2914144582212,33.5,-68.0,1000.2739624722819
1751368362.829022,109,1,1792,137.0,73,1347.2351926970407,91.0,57.5,1005.6226926636053
1751368362.92237,94,1,1792,137.0,73,10.717334811949192,88.0,-3.0,1005.6226926636053
1751368363.047267,93,1,1792,137.0,73,8.006841783750763,92.5,4.5,1005.6226926636053
1751368363.176587,97,1,1792,137.0,73,1330.1941012961486,31.5,-61.0,1005.6226926636053
1751368363.2891011,94,1,1792,137.0,73,12.577509666980605,25.5,-6.0,1005.6226926636053
1751368363.433971,94,1,1792,137.0,73,9.763569089022601,26.5,1.0,1005.6226926636053
1751368363.567521,109,1,1792,137.0,73,1280.9252561142152,80.0,53.5,1005.6226926636053
1751368363.735292,95,1,1792,137.0,73,13.330095870529137,75.0,-5.0,1005.6226926636053
1751368363.84172,79,0,1532,137.0,73,1626.501092099385,34.0,-41.0,998.2755130724183
1751368363.966911,74,0,1532,137.0,73,11.301055682811569,39.0,5.0,998.2755130724183
1751368364.098005,87,0,1532,137.0,73,1327.1396388698015,81.0,42.0,998.2755130724183
1751368364.2108731,78,0,1532,137.0,73,19.818417236080414,90.5,9.5,998.2755130724183
1751368364.33885,77,0,1532,137.0,73,1354.3183021863147,30.0,-60.5,998.2755130724183
1751368364.452524,86,0,1532,137.0,73,1504.4361628675815,59.5,29.5,998.2755130724183
1751368364.575903,79,0,1532,137.0,73,1386.6494457170375,26.0,-33.5,998.2755130724183
1751368364.675971,90,0,1532,137.0,73,1760.0000463695849,100.5,74.5,998.2755130724183
1751368364.827253,78,0,1532,137.0,73,33.706281645784706,51.5,-49.0,998.2755130724183
1751368364.9864519,80,0,1872,130.7,73,331.640589700446,16.0,-35.5,1005.3606318132812
1751368365.083296,98,0,1872,130.7,73,540.597947293284,126.5,110.5,1005.3606318132812
1751368365.2162912,111,0,1872,130.7,73,76.6896923063748,246.5,120.0,1005.3606318132812
1751368365.3315241,119,0,1872,130.7,73,200.34889209595192,641.5,395.0,1005.3606318132812
1751368365.466188,94,0,1872,130.7,73,30.644570289833123,593.5,-48.0,1005.3606318132812
1751368365.565963,96,0,1872,130.7,73,36.11332087640794,567.5,-26.0,1005.3606318132812
1751368365.684557,86,0,1872,130.7,73,8.42862712157323,551.5,-16.0,1005.3606318132812
1751368365.799525,87,0,1872,130.7,73,17.395269941003868,498.5,-53.0,1005.3606318132812
1751368365.926923,81,0,1872,130.7,73,28.297923397978177,325.0,-173.5,1005.3606318132812
1751368366.039374,81,0,1890,130.7,73,0,0,0,1003.6005181345813
1751368366.160845,81,0,1890,130.7,73,0,0,0,1003.6005181345813
1751368366.278483,64,0,1890,130.7,73,74.82742694297642,23.0,-302.0,1003.6005181345813
1751368366.399596,77,0,1890,130.7,73,16.51609651411189,24.5,1.5,1003.6005181345813
1751368366.519209,75,0,1890,130.7,73,11.825724701379862,31.0,6.5,1003.6005181345813
1751368366.651755,76,0,1890,130.7,73,15.094455870630384,26.5,-4.5,1003.6005181345813
1751368366.782434,74,0,1890,130.7,73,7.6510470631156515,41.0,14.5,1003.6005181345813
1751368366.881238,81,0,1890,130.7,73,1720.568622613098,10.5,-30.5,1003.6005181345813
1751368367.016772,87,0,1890,130.7,73,1247.2725138757187,40.0,29.5,1003.6005181345813
1751368367.1186671,61,0,1907,130.7,8,1669.7652058214203,14.0,-26.0,994.865317517904
1751368367.241894,67,0,1907,130.7,8,1396.8196720123508,48.0,34.0,994.865317517904
1751368367.375246,53,0,1907,130.7,8,7.499001457139537,50.5,2.5,994.865317517904
1751368367.4896991,53,0,1907,130.7,8,8.744400153443301,45.0,-5.5,994.865317517904
1751368367.6675708,54,0,1907,130.7,8,11.238410391962734,41.5,-3.5,994.865317517904
1751368367.807366,61,0,1907,130.7,8,1224.4981647527113,12.5,-29.0,994.865317517904
1751368367.92203,67,0,1907,130.7,8,1491.6529775858019,41.5,29.0,994.865317517904
1751368368.0501099,49,0,1907,130.7,8,0.0,46.0,4.5,994.865317517904
1751368368.159816,88,1,1785,168.1,50,18.230040877708067,48.5,2.5,993.0629385894935
1751368368.322675,81,1,1785,168.1,50,0.0,68.5,20.0,993.0629385894935
1751368368.4433432,78,1,1785,168.1,50,0.0,66.0,-2.5,993.0629385894935
1751368368.5858061,88,1,1785,168.1,50,1208.1991027765275,12.5,-53.5,993.0629385894935
1751368368.683768,99,1,1785,168.1,50,1768.4393568510313,69.0,56.5,993.0629385894935
1751368368.796185,88,1,1785,168.1,50,17.777785312985447,73.5,4.5,993.0629385894935
1751368368.949217,79,1,1785,168.1,50,0.0,74.0,0.5,993.0629385894935
1751368369.045217,92,1,1785,168.1,50,107.2259576113524,55.5,-18.5,993.0629385894935
1751368369.170156,100,1,1800,168.1,65,25.310821463693426,42.0,-13.5,1003.5616572986435
1751368369.288408,100,1,1800,168.1,65,0,0,0,1003.5616572986435
1751368369.4975889,100,1,1800,168.1,65,0,0,0,1003.5616572986435
1751368369.600739,100,1,1800,168.1,65,0,0,0,1003.5616572986435
1751368369.741062,100,1,1800,168.1,65,104.77664930598114,11.0,-31.0,1003.5616572986435
1751368369.850065,100,1,1800,168.1,65,0,0,0,1003.5616572986435
1751368369.954448,105,1,1800,168.1,65,293.47280161274495,29.5,18.5,1003.5616572986435
1751368370.073215,90,1,1800,168.1,65,0.0,39.0,9.5,1003.5616572986435
1751368370.215335,136,1,1791,168.1,65,452.60851939390767,217.5,178.5,1001.0049949925325
1751368370.326259,85,1,1791,168.1,65,376.2165496577357,32.0,-185.5,1001.0049949925325
1751368370.442008,126,1,1791,168.1,65,375.3233040169534,171.0,139.0,1001.0049949925325
1751368370.567463,105,1,1791,168.1,65,48.479016797297085,139.0,-32.0,1001.0049949925325
1751368370.6864052,117,1,1791,168.1,65,1418.179705052765,181.0,42.0,1001.0049949925325
1751368370.80463,117,1,1791,168.1,65,1677.4543706032257,199.0,18.0,1001.0049949925325
1751368370.913706,139,1,1791,168.1,65,333.7974982842667,562.5,363.5,1001.0049949925325
1751368371.052154,99,1,1791,168.1,65,46.25799126665831,309.5,-253.0,1001.0049949925325
1751368371.151186,113,1,1791,168.1,65,28.55347409484891,266.0,-43.5,1001.0049949925325
1751368371.3017302,113,0,1982,168.1,65,0,0,0,1012.4238242949442
1751368371.407968,113,0,1982,168.1,65,0,0,0,1012.4238242949442
1751368371.5225039,64,0,1982,168.1,65,77.13013812920454,39.0,-227.0,1012.4238242949442
1751368371.634353,80,0,1982,168.1,65,17.87072570594689,56.5,17.5,1012.4238242949442
1751368371.75724,73,0,1982,168.1,65,8.139348588816096,49.5,-7.0,1012.4238242949442
1751368371.9055629,75,0,1982,168.1,65,9.53450052001807,62.5,13.0,1012.4238242949442
1751368372.0026639,74,0,1982,168.1,65,10.298633823428307,61.0,-1.5,1012.4238242949442
1751368372.131087,77,0,1982,168.1,65,15.583373737936672,59.0,-2.0,1012.4238242949442
1751368372.244353,75,0,1982,168.1,65,12.477736877843995,55.0,-4.0,1012.4238242949442
1751368372.3667688,84,0,1890,168.1,65,25.843848024244767,78.0,23.0,969.6855160308419
1751368372.482663,75,0,1890,168.1,65,8.626935726376887,94.0,16.0,969.6855160308419
1751368372.611059,76,0,1890,168.1,65,1364.9709381493144,13.5,-80.5,969.6855160308419
1751368372.733504,89,0,1890,168.1,65,1423.7457782886584,69.0,55.5,969.6855160308419
1751368372.83764,79,0,1890,168.1,65,1690.8556361380963,19.5,-49.5,969.6855160308419
1751368372.9672651,89,0,1890,168.1,65,1352.081492884531,72.0,52.5,969.6855160308419
1751368373.0708978,76,0,1890,168.1,65,13.63739982047693,75.0,3.0,969.6855160308419
1751368373.324609,79,0,1890,168.1,65,694.3555753948516,23.5,-51.5,969.6855160308419
1751368373.455301,65,0,1958,168.1,12,1273.2308527106793,35.5,12.0,1019.5042913102426
1751368373.563757,54,0,1958,168.1,12,9.215739007391392,39.5,4.0,1019.5042913102426
1751368373.6840808,53,0,1958,168.1,12,8.31109869358364,35.0,-4.5,1019.5042913102426
1751368373.8078961,65,0,1958,168.1,12,41.17358791050259,44.5,9.5,1019.5042913102426
1751368373.9269462,63,0,1958,168.1,12,1430.5954392646665,28.5,-16.0,1019.5042913102426
1751368374.051918,49,0,1958,168.1,12,0.0,27.5,-1.0,1019.5042913102426
1751368374.1600199,58,0,1958,168.1,12,18.496625294087814,23.0,-4.5,1019.5042913102426
1751368374.288258,70,0,1958,168.1,12,1350.366763184601,76.0,53.0,1019.5042913102426
1751368374.517298,71,0,1385,168.1,75,8.735449002650228,74.5,-1.5,1017.7278614639574
1751368374.643976,71,0,1385,168.1,75,7.890244384204853,72.0,-2.5,1017.7278614639574
1751368374.8927171,78,0,1385,168.1,75,700.2559704919772,27.0,-45.0,1017.7278614639574
1751368375.0033212,87,0,1385,168.1,75,1574.9566261415555,71.0,44.0,1017.7278614639574
1751368375.12517,75,0,1385,168.1,75,16.41754052223879,63.5,-7.5,1017.7278614639574
1751368375.258604,71,0,1385,168.1,75,7.49186207684943,68.0,4.5,1017.7278614639574
1751368375.356456,71,0,1385,168.1,75,0,0,0,1017.7278614639574
1751368375.4764328,110,1,1795,115.4,62,81.72295940113408,116.5,48.5,1003.5511945087804
1751368375.606859,91,1,1795,115.4,62,15.338159225175577,62.5,-54.0,1003.5511945087804
1751368375.732432,99,1,1795,115.4,62,42.89592005990549,15.5,-47.0,1003.5511945087804
1751368375.852608,104,1,1795,115.4,62,50.599056780757415,15.5,0.0,1003.5511945087804
1751368375.957215,103,1,1795,115.4,62,1534.0069022341286,14.5,-1.0,1003.5511945087804
1751368376.089275,110,1,1795,115.4,62,1303.6481235064916,79.0,64.5,1003.5511945087804
1751368376.200962,93,1,1795,115.4,62,8.953597937021959,73.5,-5.5,1003.5511945087804
1751368376.3140302,99,1,1795,115.4,62,26.53268162668005,46.5,-27.0,1003.5511945087804
1751368376.445533,93,1,1795,115.4,62,7.606134517633021,57.5,11.0,1003.5511945087804
1751368376.556226,93,1,1795,115.4,62,9.031954089817717,58.0,0.5,1003.5511945087804
1751368376.724749,94,1,1795,115.4,62,8.39360281867155,71.5,13.5,1003.5511945087804
1751368376.84179,94,1,1795,115.4,62,12.080367405304772,69.5,-2.0,1003.5511945087804
1751368377.0043561,99,1,1795,115.4,62,1071.576255298487,26.0,-43.5,1003.5511945087804
1751368377.151037,108,1,1795,115.4,62,1180.4098709644666,68.0,42.0,1003.5511945087804
1751368377.300799,108,1,1795,115.4,62,0,0,0,1003.5511945087804
1751368377.453484,108,1,1795,115.4,62,0,0,0,1003.5511945087804
1751368377.556579,98,1,1806,130.7,66,394.8877885267136,16.0,-52.0,997.4672926968583
1751368377.688401,104,1,1806,130.7,66,1236.9278725736133,17.5,1.5,997.4672926968583
1751368377.79741,119,1,1806,130.7,66,528.2518131386879,130.5,113.0,997.4672926968583
1751368377.931684,96,1,1806,130.7,66,431.88183590819386,53.5,-77.0,997.4672926968583
1751368378.037666,102,1,1806,130.7,66,48.09305649001516,41.0,-12.5,997.4672926968583
1751368378.177435,127,1,1806,130.7,66,407.720406488668,180.5,139.5,997.4672926968583
1751368378.3256829,89,1,1806,130.7,66,28.61527656117884,42.0,-138.5,997.4672926968583
1751368378.489661,108,1,1806,130.7,66,1240.15205999689,81.5,39.5,997.4672926968583
1751368378.604368,84,0,1919,130.7,107,1526.3832337312394,138.0,56.5,1000.4548965345714
1751368378.7277,69,0,1919,130.7,107,18.118879691009244,123.5,-14.5,1000.4548965345714
1751368378.840294,64,0,1919,130.7,107,387.31953621597563,22.5,-101.0,1000.4548965345714
1751368378.975765,95,0,1919,130.7,107,324.1114244606345,160.5,138.0,1000.4548965345714
1751368379.1602612,71,0,1919,130.7,107,10.840053601911475,157.0,-3.5,1000.4548965345714
1751368379.280905,69,0,1919,130.7,107,0.0,169.5,12.5,1000.4548965345714
1751368379.441309,73,0,1919,130.7,107,12.471411346853456,165.0,-4.5,1000.4548965345714
1751368379.581692,67,0,1919,130.7,107,0.0,166.5,1.5,1000.4548965345714
1751368379.680513,86,1,1792,188.1,47,22.620598253059562,157.0,-9.5,1000.8481403289911
1751368379.805557,99,1,1792,188.1,47,418.56185348429676,194.5,37.5,1000.8481403289911
1751368379.9197109,97,1,1792,188.1,47,27.70981813599008,209.5,15.0,1000.8481403289911
1751368380.053327,93,1,1792,188.1,47,26.996765512047613,200.0,-9.5,1000.8481403289911
1751368380.156715,88,1,1792,188.1,47,9.664740310613393,211.0,11.0,1000.8481403289911
1751368380.278524,98,1,1792,188.1,47,25.955616905289094,227.0,16.0,1000.8481403289911
1751368380.391501,85,1,1792,188.1,47,8.852459154792834,213.5,-13.5,1000.8481403289911
1751368380.542877,88,1,1792,188.1,47,23.812886100023636,186.0,-27.5,1000.8481403289911
1751368380.643301,82,1,1792,188.1,47,19.920892148108745,156.0,-30.0,1000.8481403289911
1751368380.768563,84,1,1792,188.1,47,15.978513999234275,157.5,1.5,1000.8481403289911
1751368380.877455,85,1,1792,188.1,47,33.103949934841225,131.0,-26.5,1000.8481403289911
1751368381.010081,77,1,1792,188.1,47,7.535120025007456,136.5,5.5,1000.8481403289911
1751368381.1105,91,1,1792,188.1,47,19.92131792242458,173.5,37.0,1000.8481403289911
1751368381.246861,85,1,1792,188.1,47,16.399223752145083,170.0,-3.5,1000.8481403289911
1751368381.360517,94,1,1792,188.1,47,26.392217565849915,188.5,18.5,1000.8481403289911
1751368381.4920828,78,1,1792,188.1,47,0.0,184.0,-4.5,1000.8481403289911
1751368381.6069891,72,1,1792,188.1,47,498.4498607237081,63.5,-120.5,1000.8481403289911
1751368381.736486,74,1,1792,188.1,47,7.719980489780142,84.0,20.5,1000.8481403289911
1751368381.83923,113,1,1792,188.1,47,545.3828640259783,224.5,140.5,1000.8481403289911
1751368381.961935,65,1,1792,188.1,47,313.48652303443754,41.5,-183.0,1000.8481403289911
1751368382.0837162,97,1,1792,188.1,47,340.5242153887901,134.5,93.0,1000.8481403289911
1751368382.1938891,75,1,1792,188.1,47,1599.9190562640824,53.0,-81.5,1000.8481403289911
1751368382.3247209,69,1,1792,188.1,47,0.0,60.5,7.5,1000.8481403289911
1751368382.498105,75,1,1792,188.1,47,11.52982927798097,66.5,6.0,1000.8481403289911
1751368382.60301,103,1,1792,188.1,47,1736.8467728700703,171.5,105.0,1000.8481403289911
1751368382.719702,94,1,1792,188.1,47,24.2396222506195,193.0,21.5,1000.8481403289911
1751368382.844537,78,1,1792,188.1,47,0.0,183.5,-9.5,1000.8481403289911
1751368382.951092,82,1,1792,188.1,47,13.272385865611708,168.0,-15.5,1000.8481403289911
1751368383.093369,76,1,1792,188.1,47,1258.478322939979,88.5,-79.5,1000.8481403289911
1751368383.2077591,97,1,1792,188.1,47,1558.3261565554862,156.0,67.5,1000.8481403289911
1751368383.3254242,86,1,1792,188.1,47,18.98885797010633,160.5,4.5,1000.8481403289911
1751368383.438554,75,1,1792,188.1,47,1548.7732862170083,72.5,-88.0,1000.8481403289911
1751368383.567384,75,1,1792,188.1,47,10.980007481212764,80.0,7.5,1000.8481403289911
1751368383.676547,98,1,1792,188.1,47,1639.8243540851406,158.0,78.0,1000.8481403289911
1751368383.790317,82,1,1792,188.1,47,31.691314019329223,117.5,-40.5,1000.8481403289911
1751368383.91533,114,1,1792,188.1,47,400.02842742470483,274.0,156.5,1000.8481403289911
1751368383.99646,64,1,1792,188.1,47,645.0304531472192,66.5,-207.5,1000.8481403289911
1751368384.176532,89,1,1792,188.1,47,7.853857522410696,162.0,95.5,1000.8481403289911
1751368384.323354,84,1,1792,188.1,47,13.626231681129005,169.5,7.5,1000.8481403289911
1751368384.4427369,71,1,1792,188.1,47,1557.9189649129844,48.0,-121.5,1000.8481403289911
1751368384.5560582,91,1,1792,188.1,47,1572.8468713895352,111.5,63.5,1000.8481403289911
1751368384.681685,95,1,1792,188.1,47,68.40980407844579,159.5,48.0,1000.8481403289911
1751368384.7987788,106,1,1792,188.1,47,413.5045289719029,235.0,75.5,1000.8481403289911
1751368384.927864,98,1,1792,188.1,47,47.140409325513744,226.5,-8.5,1000.8481403289911
1751368385.034932,86,1,1792,188.1,47,13.216581888970712,208.5,-18.0,1000.8481403289911
1751368385.16784,88,1,1792,188.1,47,0.0,250.0,41.5,1000.8481403289911
1751368385.267968,86,1,1792,188.1,47,9.983847049218179,224.0,-26.0,1000.8481403289911
1751368385.40106,85,1,1792,188.1,47,7.514842260667651,212.0,-12.0,1000.8481403289911
1751368385.5161211,105,1,1792,188.1,47,345.95939683103825,281.0,69.0,1000.8481403289911
1751368385.653451,80,1,1792,188.1,47,254.38086878765236,165.5,-115.5,1000.8481403289911
1751368385.786031,108,1,1792,188.1,47,69.5253314408307,257.0,91.5,1000.8481403289911
1751368385.885947,65,1,1792,188.1,47,463.68098070290597,69.0,-188.0,1000.8481403289911
1751368385.994219,83,1,1792,188.1,47,29.194363077826097,67.5,-1.5,1000.8481403289911
1751368386.124573,68,1,1792,188.1,47,0.0,61.0,-6.5,1000.8481403289911
1751368386.225787,74,1,1792,188.1,47,9.878131439808763,62.0,1.0,1000.8481403289911
1751368386.356242,82,1,1792,188.1,47,1191.4124261835386,44.0,-18.0,1000.8481403289911
1751368386.486567,89,1,1792,188.1,47,1352.3598728235002,101.5,57.5,1000.8481403289911
1751368386.5939221,82,1,1792,188.1,47,20.823894415208528,115.5,14.0,1000.8481403289911
1751368386.7247841,74,1,1792,188.1,47,15.28792727643847,97.0,-18.5,1000.8481403289911
1751368386.8346329,72,1,1792,188.1,47,9.102419757373207,88.0,-9.0,1000.8481403289911
1751368386.959438,79,1,1792,188.1,47,1411.0794128297612,38.0,-50.0,1000.8481403289911
1751368387.083084,76,1,1792,188.1,47,16.174177949336922,31.5,-6.5,1000.8481403289911
1751368387.24244,71,1,1792,188.1,47,6.275375350663924,27.5,-4.0,1000.8481403289911
1751368387.374356,69,1,1792,188.1,47,0.0,36.5,9.0,1000.8481403289911
1751368387.4764988,87,1,1792,188.1,47,1712.8783967530264,73.0,36.5,1000.8481403289911
1751368387.628726,75,1,1792,188.1,47,13.13912396525934,75.5,2.5,1000.8481403289911
1751368387.718923,78,1,1792,188.1,47,1932.8694587884952,18.5,-57.0,1000.8481403289911
1751368387.836376,78,1,1792,188.1,47,0,0,0,1000.8481403289911
1751368388.000746,85,1,1792,188.1,47,590.0137098009676,33.0,14.5,1000.8481403289911
1751368388.192394,70,1,1792,188.1,47,5.215472691008749,21.5,-11.5,1000.8481403289911
1751368388.326199,87,1,1792,188.1,47,90.00160078016933,51.0,29.5,1000.8481403289911
1751368388.4360151,119,1,1792,188.1,47,184.48651579994328,512.0,461.0,1000.8481403289911
1751368388.583723,88,1,1792,188.1,47,6.769974739526588,521.5,9.5,1000.8481403289911
1751368388.673963,98,1,1792,188.1,47,45.69394374103459,517.5,-4.0,1000.8481403289911
1751368388.79909,93,1,1792,188.1,47,17.86881031251589,525.5,8.0,1000.8481403289911
1751368388.9325068,93,1,1792,188.1,47,14.992159533039159,542.0,16.5,1000.8481403289911
1751368389.030174,89,1,1792,188.1,47,10.230708438625078,545.5,3.5,1000.8481403289911
1751368389.1663392,86,1,1792,188.1,47,7.347870340685927,538.0,-7.5,1000.8481403289911
1751368389.275522,94,1,1792,188.1,47,12.949712263052497,582.5,44.5,1000.8481403289911
1751368389.401201,83,1,1792,188.1,47,7.954182375385923,536.0,-46.5,1000.8481403289911
1751368389.569576,103,1,1792,188.1,47,23.75551826915589,609.5,73.5,1000.8481403289911
1751368389.672121,95,1,1792,188.1,47,39.01832398025038,569.5,-40.0,1000.8481403289911
1751368389.81032,86,1,1792,188.1,47,7.234315144218745,562.5,-7.0,1000.8481403289911
1751368389.91479,92,1,1792,188.1,47,9.581461649518449,602.5,40.0,1000.8481403289911
1751368390.0497978,85,1,1792,188.1,47,7.40834995116213,580.5,-22.0,1000.8481403289911
1751368390.144756,98,1,1792,188.1,47,23.51724751894865,603.5,23.0,1000.8481403289911
1751368390.270644,92,1,1792,188.1,47,23.83447774227216,571.5,-32.0,1000.8481403289911
1751368390.38876,97,1,1792,188.1,47,26.777477089092766,569.0,-2.5,1000.8481403289911
1751368390.5144992,91,1,1792,188.1,47,17.77897831604033,558.5,-10.5,1000.8481403289911
1751368390.651497,105,1,1792,188.1,47,51.631842385546754,626.5,68.0,1000.8481403289911
1751368390.764131,83,1,1792,188.1,47,79.9260125006352,474.0,-152.5,1000.8481403289911
1751368390.884337,64,1,1792,188.1,47,358.9554214868404,98.0,-376.0,1000.8481403289911
1751368390.99422,106,1,1792,188.1,47,454.64861322594373,200.0,102.0,1000.8481403289911
1751368391.114342,68,1,1792,188.1,47,1548.8489110293074,43.0,-157.0,1000.8481403289911
1751368391.223822,83,1,1792,188.1,47,1845.6812176291191,39.5,-3.5,1000.8481403289911
1751368391.346509,81,1,1792,188.1,47,467.13341148348815,14.0,-25.5,1000.8481403289911
1751368391.473357,118,1,1792,188.1,47,79.23947950441732,223.0,209.0,1000.8481403289911
1751368391.593854,95,1,1792,188.1,47,18.557374992677524,247.0,24.0,1000.8481403289911
1751368391.715422,71,1,1792,188.1,47,1465.2848497132532,109.5,-137.5,1000.8481403289911
1751368391.835701,81,1,1792,188.1,47,1388.6799299760705,84.5,-25.0,1000.8481403289911
1751368391.960572,73,1,1792,188.1,47,8.004106721321174,85.5,1.0,1000.8481403289911
1751368392.1072042,83,1,1792,188.1,47,34.10641014173382,83.5,-2.0,1000.8481403289911
1751368392.23408,117,1,1792,188.1,47,511.0122537678683,267.5,184.0,1000.8481403289911
1751368392.402285,84,1,1792,188.1,47,5.946786217613348,245.0,-22.5,1000.8481403289911
1751368392.563529,66,1,1792,188.1,47,445.3188633259047,66.0,-179.0,1000.8481403289911
1751368392.6759539,81,1,1792,188.1,47,509.63452728354883,41.5,-24.5,1000.8481403289911
1751368392.808769,92,1,1792,188.1,47,387.5751463210955,110.0,68.5,1000.8481403289911
1751368392.9174662,83,1,1792,188.1,47,46.92689368234259,102.5,-7.5,1000.8481403289911
1751368393.037545,93,1,1792,188.1,47,37.24045878701921,145.0,42.5,1000.8481403289911
1751368393.153174,68,1,1792,188.1,47,8.648958962695046,99.5,-45.5,1000.8481403289911
1751368393.265068,71,1,1792,188.1,47,12.632770521007025,58.0,-41.5,1000.8481403289911
1751368393.39028,70,1,1792,188.1,47,0.0,74.5,16.5,1000.8481403289911
1751368393.5087109,72,1,1792,188.1,47,11.938015178046014,48.5,-26.0,1000.8481403289911
1751368393.715429,82,1,1792,188.1,47,804.3555181764984,37.5,-11.0,1000.8481403289911
1751368393.8377879,93,1,1792,188.1,47,1422.7872839743657,113.5,76.0,1000.8481403289911
1751368393.951512,76,1,1792,188.1,47,1540.6123688263908,37.0,-76.5,1000.8481403289911
1751368394.077683,74,1,1792,188.1,47,7.919354564627558,49.5,12.5,1000.8481403289911
1751368394.193912,96,1,1792,188.1,47,1532.407066392192,133.5,84.0,1000.8481403289911
1751368394.3152099,75,1,1792,188.1,47,8.246601521794695,124.5,-9.0,1000.8481403289911
1751368394.4314828,76,1,1792,188.1,47,1514.7394567708714,44.5,-80.0,1000.8481403289911
1751368394.566349,93,1,1792,188.1,47,1306.0319023028076,118.0,73.5,1000.8481403289911
1751368394.671516,79,1,1792,188.1,47,19.01049263249498,113.0,-5.0,1000.8481403289911
1751368394.7946339,85,1,1792,188.1,47,33.48765030121192,114.5,1.5,1000.8481403289911
1751368394.922003,77,1,1792,188.1,47,1382.8295829328874,44.5,-70.0,1000.8481403289911
1751368394.989463,93,1,1792,188.1,47,2636.0894851613857,118.5,74.0,1000.8481403289911
1751368395.106451,81,1,1792,188.1,47,34.186610807043856,91.0,-27.5,1000.8481403289911
1751368395.23678,65,1,1792,188.1,47,0.0,57.5,-33.5,1000.8481403289911
1751368395.3567302,82,1,1792,188.1,47,50.70363809999631,38.5,-19.0,1000.8481403289911
1751368395.482601,71,1,1792,188.1,47,7.945849380802901,28.0,-10.5,1000.8481403289911
1751368395.691799,69,1,1792,188.1,47,4.779882642670979,13.0,-15.0,1000.8481403289911
1751368395.8253791,77,1,1792,188.1,47,16.744656103686598,16.0,3.0,1000.8481403289911
1751368395.9584692,79,1,1792,188.1,47,16.796926831027378,32.0,16.0,1000.8481403289911
1751368396.085238,78,1,1792,188.1,47,15.771261835109383,45.0,13.0,1000.8481403289911
1751368396.183529,80,1,1792,188.1,47,1771.6612362019666,11.0,-34.0,1000.8481403289911
1751368396.336688,89,1,1792,188.1,47,1144.0521137609505,67.5,56.5,1000.8481403289911
1751368396.43028,78,1,1792,188.1,47,1872.587830652777,12.5,-55.0,1000.8481403289911
1751368396.577035,88,1,1792,188.1,47,1179.447670294394,57.0,44.5,1000.8481403289911
1751368396.6715388,90,1,1792,188.1,47,47.31019227903258,108.0,51.0,1000.8481403289911
1751368396.8014421,83,1,1792,188.1,47,7.699233987249642,151.5,43.5,1000.8481403289911
1751368396.906982,111,1,1792,188.1,47,170.84680316329042,277.5,126.0,1000.8481403289911
1751368397.042607,83,1,1792,188.1,47,1282.580623391961,176.0,-101.5,1000.8481403289911
1751368397.152454,83,1,1792,188.1,47,9.109695018917428,181.5,5.5,1000.8481403289911
1751368397.2973819,119,1,1792,188.1,47,1276.4792537845706,476.0,294.5,1000.8481403289911
1751368397.398218,64,1,1792,188.1,47,2078.9255769191445,81.0,-395.0,1000.8481403289911
1751368397.5154219,102,1,1792,188.1,47,1510.804678641613,173.5,92.5,1000.8481403289911
1751368397.625537,75,1,1792,188.1,47,12.843165346292151,134.0,-39.5,1000.8481403289911
1751368397.835052,92,1,1792,188.1,47,19.111602713432173,179.5,45.5,1000.8481403289911
1751368397.90445,76,1,1792,188.1,47,0.0,168.5,-11.0,1000.8481403289911
1751368398.075809,88,1,1792,188.1,47,13.053543176803457,188.0,19.5,1000.8481403289911
1751368398.191369,81,1,1792,188.1,47,63.002787575333755,128.5,-59.5,1000.8481403289911
1751368398.3602402,77,1,1792,188.1,47,8.373376927095162,131.0,2.5,1000.8481403289911
1751368398.516329,75,1,1792,188.1,47,12.814939290799211,115.5,-15.5,1000.8481403289911
1751368398.640801,77,1,1792,188.1,47,405.8392666977346,48.5,-67.0,1000.8481403289911
1751368398.743194,97,1,1792,188.1,47,462.26663706965377,139.5,91.0,1000.8481403289911
1751368398.869969,85,1,1792,188.1,47,17.636984805909513,153.5,14.0,1000.8481403289911
1751368399.005173,71,1,1792,188.1,47,335.0592036997564,31.5,-122.0,1000.8481403289911
1751368399.111337,86,1,1792,188.1,47,464.8836604296933,59.0,27.5,1000.8481403289911
1751368399.25144,72,1,1792,188.1,47,7.1398971139474945,55.0,-4.0,1000.8481403289911
1751368399.350794,69,1,1792,188.1,47,0.0,61.0,6.0,1000.8481403289911
1751368399.465416,69,1,1792,188.1,47,0.0,63.5,2.5,1000.8481403289911
1751368399.597001,80,1,1792,188.1,47,1316.3054557576015,24.5,-39.0,1000.8481403289911
1751368399.710059,82,1,1792,188.1,47,1959.3810622676947,13.5,-11.0,1000.8481403289911
1751368399.845432,87,1,1792,188.1,47,353.52094407936704,49.0,35.5,1000.8481403289911
1751368399.95263,79,1,1792,188.1,47,20.8633620349592,45.5,-3.5,1000.8481403289911
1751368400.077439,73,1,1792,188.1,47,8.011338067715158,49.0,3.5,1000.8481403289911
1751368400.1938639,84,1,1792,188.1,47,38.39799575968687,58.0,9.0,1000.8481403289911
1751368400.323412,82,1,1792,188.1,47,27.850933050118254,56.0,-2.0,1000.8481403289911
1751368400.486159,74,1,1792,188.1,47,12.290424478266221,50.5,-5.5,1000.8481403289911
1751368400.597557,73,1,1792,188.1,47,8.971754071114287,53.5,3.0,1000.8481403289911
1751368400.720285,81,1,1792,188.1,47,1410.3442522203957,28.0,-25.5,1000.8481403289911
1751368400.83317,85,1,1792,188.1,47,1541.577541363038,45.5,17.5,1000.8481403289911
1751368400.950112,77,1,1792,188.1,47,17.105714134233825,43.5,-2.0,1000.8481403289911
1751368401.095928,69,1,1792,188.1,47,0.0,51.0,7.5,1000.8481403289911
1751368401.1834161,68,1,1792,188.1,47,0.0,48.0,-3.0,1000.8481403289911
1751368401.3102431,80,1,1792,188.1,47,11.15169363235112,102.0,54.0,1000.8481403289911
1751368401.429157,70,1,1792,188.1,47,8.410019910692624,77.0,-25.0,1000.8481403289911
1751368401.557933,81,1,1792,188.1,47,1368.6568118528448,54.0,-23.0,1000.8481403289911
1751368401.712821,69,1,1792,188.1,47,0.0,53.5,-0.5,1000.8481403289911
1751368401.83443,118,1,1792,188.1,47,1734.16915838828,244.0,190.5,1000.8481403289911
1751368402.045179,67,0,1531,0.0,0,918.0656296546928,186.0,-58.0,1003.672257263296
1751368402.159301,98,0,1531,0.0,0,1510.622552835088,1023.0,837.0,1003.672257263296
1751368402.279945,56,0,1531,0.0,0,78.5783489884408,210.0,-813.0,1003.672257263296
1751368402.394376,59,0,1531,0.0,0,1460.8732776026377,134.0,-76.0,1003.672257263296
1751368402.518993,84,0,1531,0.0,0,1534.5439389444136,214.0,80.0,1003.672257263296
1751368402.646956,59,0,1531,0.0,0,11.04420107453931,177.5,-36.5,1003.672257263296
1751368402.7586,47,0,1531,0.0,0,1869.1008281212921,25.0,-152.5,1003.672257263296
1751368402.892071,52,0,1531,0.0,0,7.492370625748022,30.0,5.0,1003.672257263296
1751368403.029196,73,1,1809,0.0,0,7.291449074814511,37.0,7.0,996.1380426426851
1751368403.163745,72,1,1809,0.0,0,7.430688254375444,36.5,-0.5,996.1380426426851
1751368403.2683442,80,1,1809,0.0,0,21.375870903283566,43.5,7.0,996.1380426426851
1751368403.390432,99,1,1809,0.0,0,1508.120341739649,146.0,102.5,996.1380426426851
1751368403.515156,80,1,1809,0.0,0,16.032598017667453,136.0,-10.0,996.1380426426851
1751368403.645492,80,1,1809,0.0,0,10.852343954311511,142.0,6.0,996.1380426426851
1751368403.7632692,82,1,1809,0.0,0,16.985285750442927,143.5,1.5,996.1380426426851
1751368403.87025,82,1,1809,0.0,0,13.214138114166452,149.5,6.0,996.1380426426851
1751368403.997845,80,1,1808,0.0,0,7.836070964174152,154.5,5.0,998.2003806851608
1751368404.112631,82,1,1808,0.0,0,12.326872213226466,155.5,1.0,998.2003806851608
1751368404.2562408,86,1,1808,0.0,0,15.571608841967395,168.5,13.0,998.2003806851608
1751368404.352011,84,1,1808,0.0,0,14.758594817050845,168.0,-0.5,998.2003806851608
1751368404.526401,81,1,1808,0.0,0,20.67390868361157,139.5,-28.5,998.2003806851608
1751368404.632858,80,1,1808,0.0,0,9.392244458328015,148.0,8.5,998.2003806851608
1751368404.765313,75,1,1808,0.0,0,1361.2327097491825,60.0,-88.0,998.2003806851608
1751368404.873334,98,1,1808,0.0,0,1659.2443985403333,147.5,87.5,998.2003806851608
1751368405.0248,81,1,1808,0.0,0,9.338991229627933,158.0,10.5,998.2003806851608
1751368405.127669,62,0,1874,77.0,9,13.747326853673721,155.0,-3.0,1005.0084576758546
1751368405.255754,66,0,1874,77.0,9,23.424668397978277,148.5,-6.5,1005.0084576758546
1751368405.35374,63,0,1874,77.0,9,22.81101510956896,134.0,-14.5,1005.0084576758546
1751368405.4909172,52,0,1874,77.0,9,326.06140931899625,18.5,-115.5,1005.0084576758546
1751368405.599072,84,0,1874,77.0,9,367.88854788749984,156.0,137.5,1005.0084576758546
1751368405.733227,55,0,1874,77.0,9,10.553808819894247,128.5,-27.5,1005.0084576758546
1751368405.83507,58,0,1874,77.0,9,59.64092237965651,72.0,-56.5,1005.0084576758546
1751368405.977972,63,0,1874,77.0,9,29.70975443151729,62.0,-10.0,1005.0084576758546
1751368406.074473,65,0,1874,77.0,9,60.40367818428563,77.5,15.5,1005.0084576758546
1751368406.219481,92,0,1957,77.0,64,56.83940147821273,126.5,49.0,1024.327096195351
1751368406.30942,98,0,1957,77.0,64,133.8789676614222,174.5,48.0,1024.327096195351
1751368406.429941,91,0,1957,77.0,64,75.15595345609061,162.5,-12.0,1024.327096195351
1751368406.5579798,83,0,1957,77.0,64,15.623658777799921,156.5,-6.0,1024.327096195351
1751368406.676939,76,0,1957,77.0,64,42.026925743784595,78.5,-78.0,1024.327096195351
1751368406.7634351,82,0,1957,77.0,64,115.55638820164974,56.0,-22.5,1024.327096195351
1751368406.869206,77,0,1957,77.0,64,13.370635124417811,63.0,7.0,1024.327096195351
1751368407.007638,91,0,1957,77.0,64,22.84849929225646,129.0,66.0,1024.327096195351
1751368407.1147351,95,0,1957,77.0,64,56.781006075553705,162.0,33.0,1024.327096195351
1751368407.2374122,97,1,1802,158.3,58,18.225318426543488,169.0,7.0,1002.2220312884765
1751368407.347657,102,1,1802,158.3,58,28.68614142664474,170.5,1.5,1002.2220312884765
1751368407.518167,97,1,1802,158.3,58,18.543189215893204,171.5,1.0,1002.2220312884765
1751368407.62993,95,1,1802,158.3,58,28.310982698118178,142.5,-29.0,1002.2220312884765
1751368407.76107,88,1,1802,158.3,58,7.624329920144841,143.0,0.5,1002.2220312884765
1751368407.8664901,91,1,1802,158.3,58,18.963605988882183,133.5,-9.5,1002.2220312884765
1751368407.99121,90,1,1802,158.3,58,17.933043961512006,127.5,-6.0,1002.2220312884765
1751368408.116736,95,1,1802,158.3,58,32.84370717180743,121.0,-6.5,1002.2220312884765
1751368408.2256,90,0,1387,143.5,65,29.04692874712264,146.0,25.0,1007.3003524272192
1751368408.359162,83,0,1387,143.5,65,16.741159046696353,156.5,10.5,1007.3003524272192
1751368408.469364,76,0,1387,143.5,65,9.07565309023713,147.5,-9.0,1007.3003524272192
1751368408.60246,88,0,1387,143.5,65,38.31173766810264,148.5,1.0,1007.3003524272192
1751368408.723434,70,0,1387,143.5,65,1406.553450975238,23.5,-125.0,1007.3003524272192
1751368408.840544,100,0,1387,143.5,65,1460.3386257054922,144.5,121.0,1007.3003524272192
1751368408.947197,79,0,1387,143.5,65,9.378069339915841,152.0,7.5,1007.3003524272192
1751368409.087517,77,0,1387,143.5,65,10.079272184856258,148.0,-4.0,1007.3003524272192
1751368409.276308,78,0,1387,143.5,65,7.490808431729661,152.5,4.5,1007.3003524272192
1751368409.412698,94,1,1792,111.5,56,16.39455107776088,157.0,4.5,1008.3734427284368
1751368409.509446,97,1,1792,111.5,56,20.673613233308032,164.5,7.5,1008.3734427284368
1751368409.631341,89,1,1792,111.5,56,11.597968085116324,151.0,-13.5,1008.3734427284368
1751368409.746882,129,1,1792,111.5,56,484.44755359894026,433.0,282.0,1008.3734427284368
1751368409.87534,83,1,1792,111.5,56,1477.3493834480882,175.5,-257.5,1008.3734427284368
1751368409.995327,129,1,1792,111.5,56,1409.1770646399464,967.5,792.0,1008.3734427284368
1751368410.126176,111,1,1792,111.5,56,10.80838484241203,1084.5,117.0,1008.3734427284368
1751368410.237621,111,1,1792,111.5,56,28.35795389786362,1112.5,28.0,1008.3734427284368
1751368410.3491461,112,1,1792,111.5,56,17.92836014840905,1209.0,96.5,1008.3734427284368
1751368410.476745,79,0,1965,150.4,66,1325.680173448187,288.0,-921.0,1001.472415995568
1751368410.5920231,119,0,1965,150.4,66,1466.7294604031522,1160.0,872.0,1001.472415995568
1751368410.721877,85,0,1965,150.4,66,10.894400581698656,1118.5,-41.5,1001.472415995568
1751368410.838752,96,0,1965,150.4,66,19.128553403520037,1143.5,25.0,1001.472415995568
1751368411.056491,87,0,1965,150.4,66,9.1858980185172,1124.0,-19.5,1001.472415995568
1751368411.146086,107,0,1965,150.4,66,78.89793727043093,1198.5,74.5,1001.472415995568
1751368411.271138,100,0,1965,150.4,66,17.882813548322982,1265.5,67.0,1001.472415995568
1751368411.389209,86,0,1965,150.4,66,8.474146030027093,1243.0,-22.5,1001.472415995568
1751368411.5148458,86,0,1958,188.1,65,7.958242179421258,1219.5,-23.5,1012.4095021284619
1751368411.6462479,96,0,1958,188.1,65,17.01165918869912,1252.5,33.0,1012.4095021284619
1751368411.803699,90,0,1958,188.1,65,12.700679046458285,1246.5,-6.0,1012.4095021284619
1751368411.9270048,79,0,1958,188.1,65,360.1799964183567,644.0,-602.5,1012.4095021284619
1751368412.073983,68,0,1958,188.1,65,455.1808864890284,131.0,-513.0,1012.4095021284619
1751368412.201765,77,0,1958,188.1,65,11.070770990878422,123.5,-7.5,1012.4095021284619
1751368412.309799,75,0,1958,188.1,65,417.5920117431728,28.5,-95.0,1012.4095021284619
1751368412.453705,98,0,1958,188.1,65,382.90653543615986,128.0,99.5,1012.4095021284619
1751368412.5542521,85,0,1933,188.1,65,29.83111153258022,119.0,-9.0,996.7717893279283
1751368412.675679,72,0,1933,188.1,65,8.237644919210547,101.5,-17.5,996.7717893279283
1751368412.7975948,77,0,1933,188.1,65,16.40351120766693,95.0,-6.5,996.7717893279283
1751368412.9102569,89,0,1933,188.1,65,35.49877066697135,121.0,26.0,996.7717893279283
1751368413.035486,92,0,1933,188.1,65,56.47762468784727,146.0,25.0,996.7717893279283
1751368413.144583,78,0,1933,188.1,65,12.95961477449459,133.0,-13.0,996.7717893279283
1751368413.269156,88,0,1933,188.1,65,25.389213890179676,145.5,12.5,996.7717893279283
1751368413.3863192,84,0,1933,188.1,65,17.067430589748078,152.0,6.5,996.7717893279283
1751368413.508529,119,0,1933,188.1,65,464.7572711444225,408.5,256.5,996.7717893279283
1751368413.6241128,101,0,1938,158.3,66,25.95849252782981,448.5,40.0,1006.2062412845589
1751368413.7493382,93,0,1938,158.3,66,31.940236336048766,391.0,-57.5,1006.2062412845589
1751368413.865403,79,0,1938,158.3,66,8.618072806547124,294.5,-96.5,1006.2062412845589
1751368413.993521,86,0,1938,158.3,66,11.037686340160146,255.5,-39.0,1006.2062412845589
1751368414.122633,90,0,1938,158.3,66,17.316968391946126,229.5,-26.0,1006.2062412845589
1751368414.227325,64,0,1938,158.3,66,2110.9904267684033,15.0,-214.5,1006.2062412845589
1751368414.363786,116,0,1938,158.3,66,1590.6515402446955,206.0,191.0,1006.2062412845589
1751368414.5092921,96,0,1938,158.3,66,299.3323408672153,203.5,-2.5,1006.2062412845589
1751368414.639925,118,0,1723,158.3,66,106.33907356562437,1035.0,831.5,1010.4662290249981
1751368414.7472372,91,0,1723,158.3,66,27.968366162996947,974.5,-60.5,1010.4662290249981
1751368414.871943,81,0,1723,158.3,66,11.336845447816632,896.0,-78.5,1010.4662290249981
1751368414.991613,78,0,1723,158.3,66,44.99970771475998,360.0,-536.0,1010.4662290249981
1751368415.121653,81,0,1723,158.3,66,1356.5413466106627,207.0,-153.0,1010.4662290249981
1751368415.228338,105,0,1723,158.3,66,1511.9793893698618,269.5,62.5,1010.4662290249981
1751368415.354207,73,0,1723,158.3,66,332.7594833526528,132.0,-137.5,1010.4662290249981
1751368415.484004,78,0,1723,158.3,66,58.69671114956839,74.5,-57.5,1010.4662290249981
1751368415.600874,119,0,1934,158.3,79,335.44875882817723,542.0,467.5,1001.0819147302582
1751368415.723712,76,0,1934,158.3,79,18.197629456732717,366.0,-176.0,1001.0819147302582
1751368415.8386571,90,0,1934,158.3,79,27.515520194745395,283.0,-83.0,1001.0819147302582
1751368415.9604638,92,0,1934,158.3,79,18.35159709994204,271.5,-11.5,1001.0819147302582
1751368416.073167,96,0,1934,158.3,79,31.992473285022808,236.0,-35.5,1001.0819147302582
1751368416.187385,96,0,1934,158.3,79,0,0,0,1001.0819147302582
1751368416.320317,64,0,1934,158.3,79,102.36761110078308,36.0,-200.0,1001.0819147302582
1751368416.4330251,79,0,1934,158.3,79,17.746869453183013,49.0,13.0,1001.0819147302582
1751368416.563603,86,0,1934,158.3,79,87.35965704934081,67.5,18.5,1001.0819147302582
1751368416.741259,72,0,1984,158.3,79,5.625943457598564,65.0,-2.5,1007.1136976528519
1751368416.8589902,84,0,1984,158.3,79,68.49303621314542,63.0,-2.0,1007.1136976528519
1751368416.957661,82,0,1984,158.3,79,32.05561061939419,45.0,-18.0,1007.1136976528519
1751368417.094456,86,0,1984,158.3,79,36.565434656009934,60.5,15.5,1007.1136976528519
1751368417.192482,84,0,1984,158.3,79,50.96892263347081,60.5,0.0,1007.1136976528519
1751368417.333977,77,0,1984,158.3,79,21.207738864721556,32.0,-28.5,1007.1136976528519
1751368417.443618,76,0,1984,158.3,79,12.900313613819138,32.0,0.0,1007.1136976528519
1751368417.566696,90,0,1984,158.3,79,41.42921499874139,94.0,62.0,1007.1136976528519
1751368417.6807098,88,1,1806,158.3,51,87.70236051547018,41.0,-53.0,1014.6181547754801
1751368417.7964249,94,1,1806,158.3,51,95.45646934094455,41.0,0.0,1014.6181547754801
1751368417.911287,93,1,1806,158.3,51,17.401115598674888,96.0,55.0,1014.6181547754801
1751368418.0366058,86,1,1806,158.3,51,1253.829172747051,23.0,-73.0,1014.6181547754801
1751368418.16543,95,1,1806,158.3,51,94.46548655339012,34.5,11.5,1014.6181547754801
1751368418.278925,106,1,1806,158.3,51,1525.2794201089164,126.5,92.0,1014.6181547754801
1751368418.395821,89,1,1806,158.3,51,68.49031362583305,79.5,-47.0,1014.6181547754801
1751368418.526766,91,1,1806,158.3,51,91.62753797057019,52.5,-27.0,1014.6181547754801
1751368418.646086,91,1,1806,158.3,51,0,0,0,1014.6181547754801
1751368418.772096,92,0,1847,158.3,66,12.88888678908302,154.5,102.0,996.7090849390307
1751368418.885917,72,0,1847,158.3,66,1424.1593925313923,39.5,-115.0,996.7090849390307
1751368419.001369,88,0,1847,158.3,66,1533.2608555927668,83.0,43.5,996.7090849390307
1751368419.122444,74,0,1847,158.3,66,18.45621841518901,47.0,-36.0,996.7090849390307
1751368419.230547,83,0,1847,158.3,66,27.753382901432122,54.5,7.5,996.7090849390307
1751368419.356591,75,0,1847,158.3,66,15.866239966106054,39.5,-15.0,996.7090849390307
1751368419.475913,81,0,1847,158.3,66,18.74306556411419,71.0,31.5,996.7090849390307
1751368419.600391,103,0,1847,158.3,66,104.45804796652803,175.5,104.5,996.7090849390307
1751368419.733803,111,0,1847,158.3,66,61.80497882641398,296.0,120.5,996.7090849390307
1751368419.838208,61,0,1906,158.3,57,134.38214653609722,126.5,-169.5,1142.9286941887494
1751368420.0454452,69,0,1906,158.3,57,56.4887457087588,70.5,-56.0,1142.9286941887494
1751368420.154965,72,0,1906,158.3,57,64.57178440425035,47.0,-23.5,1142.9286941887494
1751368420.2975519,81,0,1906,158.3,57,50.569819633615765,107.0,60.0,1142.9286941887494
1751368420.423575,81,0,1906,158.3,57,0,0,0,1142.9286941887494
1751368420.5575428,65,0,1906,158.3,57,639.2164515428119,12.0,-95.0,1142.9286941887494
1751368420.7329412,109,0,1906,158.3,57,1010.0475409233961,912.5,900.5,1142.9286941887494
1751368420.8334851,88,1,1818,143.2,63,320.919858038187,135.0,-777.5,1096.8071845133036
1751368420.961277,139,1,1818,143.2,63,273.8332571652412,1077.0,942.0,1096.8071845133036
1751368421.075732,119,1,1818,143.2,63,27.627051090423887,1090.0,13.0,1096.8071845133036
1751368421.2026849,89,1,1818,143.2,63,120.22472335429315,145.5,-944.5,1096.8071845133036
1751368421.3153229,100,1,1818,143.2,63,88.78487421996054,105.0,-40.5,1096.8071845133036
1751368421.4419808,99,1,1818,143.2,63,48.02510948283446,55.0,-50.0,1096.8071845133036
1751368421.549428,106,1,1818,143.2,63,594.0553153004666,72.5,17.5,1096.8071845133036
1751368421.687039,106,1,1818,143.2,63,0,0,0,1096.8071845133036
1751368421.794071,98,1,1818,143.2,63,223.03029910636556,11.5,-61.0,1096.8071845133036
1751368422.003007,100,1,1799,143.2,57,28.70949430049922,83.0,71.5,990.2974300683609
1751368422.105561,91,1,1799,143.2,57,214.5359196304227,53.0,-30.0,990.2974300683609
1751368422.23967,83,1,1799,143.2,57,16.675109989153114,18.0,-35.0,990.2974300683609
1751368422.34934,83,1,1799,143.2,57,0,0,0,990.2974300683609
1751368422.480587,109,1,1799,143.2,57,59.86628809864924,134.5,116.5,990.2974300683609
1751368422.6417542,88,1,1799,143.2,57,13.88130179326427,128.0,-6.5,990.2974300683609
1751368422.76763,89,1,1799,143.2,57,35.52024928959219,86.0,-42.0,990.2974300683609
1751368422.8665001,88,1,1799,143.2,57,50.54571923008325,30.5,-55.5,990.2974300683609
1751368423.0078158,108,1,1801,143.2,61,49.52570906134346,72.5,42.0,1046.422954641191
1751368423.1146398,99,1,1801,143.2,61,38.6094492597858,24.5,-48.0,1046.422954641191
1751368423.241278,113,1,1801,143.2,61,42.51529979449821,106.5,82.0,1046.422954641191
1751368423.3514938,101,1,1801,143.2,61,9.073022369414407,139.5,33.0,1046.422954641191
1751368423.4717069,120,1,1801,143.2,61,26.31417338726004,200.5,61.0,1046.422954641191
1751368423.606134,109,1,1801,143.2,61,16.643594754792378,199.5,-1.0,1046.422954641191
1751368423.724121,86,1,1801,143.2,61,452.84253899707676,26.5,-173.0,1046.422954641191
1751368423.8410392,116,1,1801,143.2,61,486.3530753630174,122.5,96.0,1046.422954641191
1751368423.956519,99,1,1801,143.2,61,27.389436703482183,89.0,-33.5,1046.422954641191
1751368424.070208,82,0,1737,143.2,65,31.706130899797493,74.0,-15.0,1001.7120344689885
1751368424.2453818,75,0,1737,143.2,65,18.052381213071097,55.0,-19.0,1001.7120344689885
1751368424.362729,80,0,1737,143.2,65,24.109914039287563,55.5,0.5,1001.7120344689885
1751368424.489095,78,0,1737,143.2,65,15.824277980041877,72.0,16.5,1001.7120344689885
1751368424.595037,78,0,1737,143.2,65,42.21704554827262,18.0,-54.0,1001.7120344689885
1751368424.709645,80,0,1737,143.2,65,19.507198372448496,32.5,14.5,1001.7120344689885
1751368424.854709,82,0,1737,143.2,65,1199.6017199889543,23.5,-9.0,1001.7120344689885
1751368424.955465,89,0,1737,143.2,65,1717.0064546934138,80.5,57.0,1001.7120344689885
1751368425.086763,73,0,1890,143.2,65,7.621780648912876,85.0,4.5,1005.5386616137641
1751368425.203434,84,0,1890,143.2,65,43.68547920586536,87.5,2.5,1005.5386616137641
1751368425.312674,77,0,1890,143.2,65,12.943467325187656,101.0,13.5,1005.5386616137641
1751368425.430437,83,0,1890,143.2,65,37.98179166880675,88.5,-12.5,1005.5386616137641
1751368425.553013,73,0,1890,143.2,65,11.537734486753216,76.0,-12.5,1005.5386616137641
1751368425.67518,79,0,1890,143.2,65,1416.3259129268627,27.0,-49.0,1005.5386616137641
1751368425.807254,90,0,1890,143.2,65,1309.4073524041407,90.5,63.5,1005.5386616137641
1751368425.914398,78,0,1890,143.2,65,1624.5725865333216,33.5,-57.0,1005.5386616137641
1751368426.028812,90,0,1890,143.2,65,1511.59005704634,90.5,57.0,1005.5386616137641
1751368426.1585221,54,0,1953,143.2,32,10.90220980029614,88.0,-2.5,1010.0524738844017
1751368428.3772538,50,0,1953,143.2,32,0.6374057952537611,88.5,0.5,1010.0524738844017
1751368428.565548,78,0,1904,143.2,66,924.0922441135232,27.5,-61.0,1005.6286590983772
1751368428.6744142,119,0,1904,143.2,66,1991.1657696497293,378.5,351.0,1005.6286590983772
1751368428.794147,68,0,1904,143.2,66,557.3806918175333,133.0,-245.5,1005.6286590983772
1751368428.913992,76,0,1904,143.2,66,1476.806176942578,55.0,-78.0,1005.6286590983772
1751368429.0408,73,0,1904,143.2,66,7.888864228831953,53.0,-2.0,1005.6286590983772
1751368429.164264,102,0,1904,143.2,66,1433.184023902701,159.5,106.5,1005.6286590983772
1751368429.276011,85,0,1904,143.2,66,20.00996121709923,152.5,-7.0,1005.6286590983772
1751368429.4071412,80,0,1904,143.2,66,7.632057412785408,156.5,4.0,1005.6286590983772
1751368429.507082,95,1,1795,150.4,75,0.0,156.5,0.0,1000.5018740612134
1751368429.636714,101,1,1795,150.4,75,15.431496882835452,146.5,-10.0,1000.5018740612134
1751368429.748964,107,1,1795,150.4,75,17.817244177106033,162.5,16.0,1000.5018740612134
1751368429.8792288,94,1,1795,150.4,75,1359.128024071185,63.5,-99.0,1000.5018740612134
1751368429.9931982,103,1,1795,150.4,75,27.739547835085673,65.5,2.0,1000.5018740612134
1751368430.114184,103,1,1795,150.4,75,52.2634690695965,58.0,-7.5,1000.5018740612134
1751368430.241855,106,1,1795,150.4,75,1426.134841923433,83.5,25.5,1000.5018740612134
1751368430.398918,94,1,1795,150.4,75,14.243352133065962,69.0,-14.5,1000.5018740612134
1751368430.5054789,98,0,1878,150.4,31,625.4470187997521,259.5,190.5,1009.1674786674411
1751368430.634881,45,0,1878,150.4,31,1522.8569745404457,70.5,-189.0,1009.1674786674411
1751368430.755649,62,0,1878,150.4,31,1357.818472797227,49.5,-21.0,1009.1674786674411
1751368430.8725262,65,0,1878,150.4,31,1412.653051680561,58.0,8.5,1009.1674786674411
1751368431.021238,63,0,1878,150.4,31,1122.794122961176,49.0,-9.0,1009.1674786674411
1751368431.148396,86,0,1878,150.4,31,503.50207446913925,178.5,129.5,1009.1674786674411
1751368431.3094242,50,0,1878,150.4,31,271.1224252053591,39.0,-139.5,1009.1674786674411
1751368431.448052,70,0,1878,150.4,31,304.4824280742107,98.0,59.0,1009.1674786674411
1751368431.5632179,102,1,1805,150.4,60,55.56529032981585,79.0,-19.0,1006.9006902371257
1751368431.6797068,105,1,1805,150.4,60,30.951117958755205,90.5,11.5,1006.9006902371257
1751368431.787741,97,1,1805,150.4,60,20.69971012633204,72.5,-18.0,1006.9006902371257
1751368431.913109,110,1,1805,150.4,60,32.88667825029173,116.0,43.5,1006.9006902371257
1751368432.0334039,100,1,1805,150.4,60,29.97583372193743,84.0,-32.0,1006.9006902371257
1751368432.152502,110,1,1805,150.4,60,34.608989717402714,120.0,36.0,1006.9006902371257
1751368432.318996,99,1,1805,150.4,60,1069.4348561303916,75.0,-45.0,1006.9006902371257
1751368432.441976,91,1,1805,150.4,60,8.134186902076841,57.0,-18.0,1006.9006902371257
1751368432.642952,97,0,1535,150.4,60,875.6172534281974,148.0,91.0,1003.1595087522223
1751368432.767298,73,0,1535,150.4,60,1424.6356437672289,49.0,-99.0,1003.1595087522223
1751368432.870395,73,0,1535,150.4,60,9.693576679786174,51.0,2.0,1003.1595087522223
1751368433.003447,97,0,1535,150.4,60,1338.155559302494,143.0,92.0,1003.1595087522223
1751368433.107975,81,0,1535,150.4,60,13.530050071316984,149.5,6.5,1003.1595087522223
1751368433.231683,75,0,1535,150.4,60,16.175830956692103,121.0,-28.5,1003.1595087522223
1751368433.357412,75,0,1535,150.4,60,1272.8269953346705,41.5,-79.5,1003.1595087522223
1751368433.478339,82,0,1535,150.4,60,26.14703438646805,57.5,16.0,1003.1595087522223
1751368433.607274,74,0,1691,150.4,60,10.96833303719459,63.5,6.0,1011.5206374563003
1751368433.715025,85,0,1691,150.4,60,33.45969453035315,83.0,19.5,1011.5206374563003
1751368433.831888,84,0,1691,150.4,60,1437.9375710383306,86.0,3.0,1011.5206374563003
1751368433.966971,79,0,1691,150.4,60,16.550139428466295,105.5,19.5,1011.5206374563003
1751368434.073388,82,0,1691,150.4,60,26.57521707473823,104.0,-1.5,1011.5206374563003
1751368434.202219,77,0,1691,150.4,60,15.527069524318982,105.0,1.0,1011.5206374563003
1751368434.309782,76,0,1691,150.4,60,13.14584436240514,106.0,1.0,1011.5206374563003
1751368434.435446,72,0,1691,150.4,60,11.25149444412651,87.5,-18.5,1011.5206374563003
1751368434.5428412,73,0,1691,150.4,60,9.30985543468369,89.5,2.0,1011.5206374563003
1751368434.625956,74,0,1080,150.4,60,17.016000371539572,87.5,-2.0,1008.2316202143236
1751368434.744873,116,0,1080,150.4,60,442.5576594971101,331.0,243.5,1008.2316202143236
1751368434.882506,80,0,1080,150.4,60,59.9715927624107,199.5,-131.5,1008.2316202143236
1751368435.035564,68,0,1080,150.4,60,301.9486681268628,72.0,-127.5,1008.2316202143236
1751368435.1626098,103,0,1080,150.4,60,372.8033117466411,187.5,115.5,1008.2316202143236
1751368435.304936,95,0,1080,150.4,60,1181.6630181005248,202.0,14.5,1008.2316202143236
1751368435.432074,76,0,1080,150.4,60,1369.6693512555873,124.0,-78.0,1008.2316202143236
1751368435.559387,75,0,1080,150.4,60,7.8548548998456855,132.0,8.0,1008.2316202143236
1751368435.706636,100,1,1798,150.4,60,6.790481710416822,151.5,19.5,1010.7591206612979
1751368435.838633,98,1,1798,150.4,60,7.577470132225761,149.5,-2.0,1010.7591206612979
1751368435.94699,99,1,1798,150.4,60,13.046237766248238,140.0,-9.5,1010.7591206612979
1751368436.0720131,105,1,1798,150.4,60,11.31362218289755,168.0,28.0,1010.7591206612979
1751368436.182728,96,1,1798,150.4,60,1598.8198983839789,94.5,-73.5,1010.7591206612979
1751368436.3149781,116,1,1798,150.4,60,1353.7616176098115,152.0,57.5,1010.7591206612979
1751368436.43638,105,1,1798,150.4,60,11.647204269425071,170.0,18.0,1010.7591206612979
1751368436.583667,95,1,1798,150.4,60,1208.6954146892776,83.0,-87.0,1010.7591206612979
1751368436.7155032,84,0,1977,150.4,11,1358.1092131695814,180.5,97.5,1007.3102799038636
1751368436.832293,58,0,1977,150.4,11,8.561481433097097,157.5,-23.0,1007.3102799038636
1751368436.960593,63,0,1977,150.4,11,7.794235211259753,169.5,12.0,1007.3102799038636
1751368437.077638,54,0,1977,150.4,11,1512.5735720001094,70.0,-99.5,1007.3102799038636
1751368437.20121,58,0,1977,150.4,11,174.71336260168206,12.0,-58.0,1007.3102799038636
1751368437.304569,56,0,1977,150.4,11,9.674437486304766,27.0,15.0,1007.3102799038636
1751368437.427409,71,0,1977,150.4,11,1561.1611449670186,98.0,71.0,1007.3102799038636
1751368437.543926,58,0,1977,150.4,11,1653.834066054999,39.0,-59.0,1007.3102799038636
1751368437.680109,67,0,1977,150.4,11,1410.224503538045,71.0,32.0,1007.3102799038636
1751368437.784242,94,0,1533,150.4,73,58.485368229182775,139.5,68.5,1005.6410890571248
1751368437.9089432,78,0,1533,150.4,73,32.0443117638183,97.0,-42.5,1005.6410890571248
1751368438.0352058,78,0,1533,150.4,73,15.845859747481999,111.5,14.5,1005.6410890571248
1751368438.1449118,69,0,1533,150.4,73,9.11218867858943,81.0,-30.5,1005.6410890571248
1751368438.276469,88,0,1533,150.4,73,10.748667844855609,161.0,80.0,1005.6410890571248
1751368438.386691,76,0,1533,150.4,73,483.02307193316,97.0,-64.0,1005.6410890571248
1751368438.512545,84,0,1533,150.4,73,35.53660175622458,104.5,7.5,1005.6410890571248
1751368438.624865,89,0,1533,150.4,73,12.590591300071367,170.5,66.0,1005.6410890571248
1751368438.748505,74,0,1533,150.4,73,11.436760651301796,135.0,-35.5,1005.6410890571248
1751368438.861134,74,0,1305,199.3,73,1519.6943423027626,61.5,-73.5,1007.5246895237854
1751368438.992355,96,0,1305,199.3,73,1314.1788422146715,148.0,86.5,1007.5246895237854
1751368439.118496,70,0,1305,199.3,73,1411.4507482803926,34.0,-114.0,1007.5246895237854
1751368439.229078,71,0,1305,199.3,73,9.0413383832396,33.5,-0.5,1007.5246895237854
1751368439.353982,98,0,1305,199.3,73,1425.543248852016,143.0,109.5,1007.5246895237854
1751368439.467408,71,0,1305,199.3,73,8.816397226210169,119.5,-23.5,1007.5246895237854
1751368439.585058,71,0,1305,199.3,73,0.0,127.5,8.0,1007.5246895237854
1751368439.709484,77,0,1305,199.3,73,17.9713586134134,119.5,-8.0,1007.5246895237854
1751368439.837012,76,0,1739,199.3,73,11.089439907412393,120.0,0.5,1001.8288276946316
1751368440.001524,77,0,1739,199.3,73,13.600155541424057,117.0,-3.0,1001.8288276946316
1751368440.121249,77,0,1739,199.3,73,11.802993512171273,122.0,5.0,1001.8288276946316
1751368440.2501812,68,0,1739,199.3,73,0.0,110.0,-12.0,1001.8288276946316
1751368440.347782,76,0,1739,199.3,73,1814.4034672377798,32.0,-78.0,1001.8288276946316
1751368440.468715,97,0,1739,199.3,73,1463.7577454933096,129.0,97.0,1001.8288276946316
1751368440.598826,84,0,1739,199.3,73,17.183458554123717,145.5,16.5,1001.8288276946316
1751368440.731317,76,0,1739,199.3,73,7.5488715309024155,137.0,-8.5,1001.8288276946316
1751368440.840638,67,0,1918,199.3,20,28.92334932302361,133.0,-4.0,1001.8228386296651
1751368440.9461231,58,0,1918,199.3,20,13.40541537719297,127.0,-6.0,1001.8228386296651
1751368441.0788531,64,0,1918,199.3,20,10.662187752690823,154.0,27.0,1001.8228386296651
1751368441.183576,54,0,1918,199.3,20,9.543353811149032,126.0,-28.0,1001.8228386296651
1751368441.3255968,58,0,1918,199.3,20,25.38460709242481,90.0,-36.0,1001.8228386296651
1751368441.422837,64,0,1918,199.3,20,170.22069459138277,91.5,1.5,1001.8228386296651
1751368441.557013,99,0,1918,199.3,20,94.8669696172812,728.5,637.0,1001.8228386296651
1751368441.666384,93,0,1918,199.3,20,28.90746388440739,869.0,140.5,1001.8228386296651
1751368441.792023,66,0,1918,199.3,20,11.255102485144194,836.0,-33.0,1001.8228386296651
1751368441.9104362,67,0,1964,199.3,36,11.94376025966104,801.0,-35.0,1000.8596305176866
1751368442.033868,59,0,1964,199.3,36,40.52914040773573,587.0,-214.0,1000.8596305176866
1751368442.151617,56,0,1964,199.3,36,302.4609593184413,197.0,-390.0,1000.8596305176866
1751368442.378665,50,0,1964,199.3,36,203.22799293049755,59.0,-138.0,1000.8596305176866
1751368442.519084,60,0,1964,199.3,36,162.6349913921715,16.5,-42.5,1000.8596305176866
1751368442.6347451,60,0,1964,199.3,36,0,0,0,1000.8596305176866
1751368442.7652218,69,0,1964,199.3,36,622.4605199763841,65.0,48.5,1000.8596305176866
1751368442.875486,69,0,1964,199.3,36,0,0,0,1000.8596305176866
1751368442.996246,64,0,1934,199.3,36,766.1481802689899,66.0,1.0,1012.6781324784297
1751368443.1100879,52,0,1934,199.3,36,8.784103474851724,54.5,-11.5,1012.6781324784297
1751368443.260451,63,0,1934,199.3,36,28.21747096901879,51.5,-3.0,1012.6781324784297
1751368443.35218,87,0,1934,199.3,36,659.0344248818104,182.0,130.5,1012.6781324784297
1751368443.488548,52,0,1934,199.3,36,434.3854811642807,57.0,-125.0,1012.6781324784297
1751368443.593693,74,0,1934,199.3,36,76.03249364968946,125.0,68.0,1012.6781324784297
1751368443.726022,76,0,1934,199.3,36,37.79919035929158,165.0,40.0,1012.6781324784297
1751368443.827859,66,0,1934,199.3,36,79.19872760145208,139.5,-25.5,1012.6781324784297
1751368443.9548512,89,0,1934,199.3,36,192.27456166749974,237.5,98.0,1012.6781324784297
1751368444.090816,72,0,1933,199.3,36,7.349441121996436,280.5,43.0,1009.5632719151386
1751368444.184205,61,0,1933,199.3,36,161.00044717851856,169.0,-111.5,1009.5632719151386
1751368444.317003,52,0,1933,199.3,36,204.58593634791757,45.0,-124.0,1009.5632719151386
1751368444.434953,63,0,1933,199.3,36,26.80583474801966,54.5,9.5,1009.5632719151386
1751368444.556454,66,0,1933,199.3,36,52.71746626537025,71.0,16.5,1009.5632719151386
1751368444.672253,60,0,1933,199.3,36,1365.2951399362746,30.0,-41.0,1009.5632719151386
1751368444.7981608,69,0,1933,199.3,36,1284.986803564195,82.0,52.0,1009.5632719151386
1751368444.918972,54,0,1933,199.3,36,8.27752363284719,93.5,11.5,1009.5632719151386
1751368445.0311942,58,0,1933,199.3,36,19.922231040128636,85.5,-8.0,1009.5632719151386
1751368445.1602309,58,0,1744,199.3,36,17.32928719142969,96.0,10.5,1001.0634345534752
1751368445.2710972,76,0,1744,199.3,36,40.337143346275965,156.5,60.5,1001.0634345534752
1751368445.397344,86,0,1744,199.3,36,70.8478427413711,230.5,74.0,1001.0634345534752
1751368445.517638,69,0,1744,199.3,36,16.628293007821945,214.5,-16.0,1001.0634345534752
1751368445.6714199,59,0,1744,199.3,36,91.05750926543334,130.0,-84.5,1001.0634345534752
1751368445.8239071,58,0,1744,199.3,36,20.739922627908637,108.0,-22.0,1001.0634345534752
1751368445.9136288,77,0,1744,199.3,36,71.33922394056681,166.5,58.5,1001.0634345534752
1751368446.031978,60,0,1744,199.3,36,8.448014437524673,164.0,-2.5,1001.0634345534752
1751368446.160479,77,1,1794,199.3,16,11.006759214479109,143.0,-21.0,1006.8038537868238
1751368446.271816,93,1,1794,199.3,16,20.079061386965876,184.5,41.5,1006.8038537868238
1751368446.40237,80,1,1794,199.3,16,21.663982007128226,141.0,-43.5,1006.8038537868238
1751368446.509642,81,1,1794,199.3,16,33.61693105545711,107.5,-33.5,1006.8038537868238
1751368446.62406,74,1,1794,199.3,16,12.359517844487623,98.0,-9.5,1006.8038537868238
1751368446.761565,96,1,1794,199.3,16,36.35996705821161,156.5,58.5,1006.8038537868238
1751368446.868981,81,1,1794,199.3,16,9.310392744013834,159.5,3.0,1006.8038537868238
1751368446.999295,92,1,1794,199.3,16,31.635348965341187,165.0,5.5,1006.8038537868238
1751368447.110622,88,1,1794,199.3,16,35.931517469727275,148.5,-16.5,1006.8038537868238
1751368447.22513,43,0,1956,97.1,16,0.0,83.5,-65.0,1003.3030449470389
1751368447.354573,50,0,1956,97.1,16,7.722012953778062,51.5,-32.0,1003.3030449470389
1751368447.4685829,53,0,1956,97.1,16,8.77236382802059,42.5,-9.0,1003.3030449470389
1751368447.593947,62,0,1956,97.1,16,23.929392299865928,56.0,13.5,1003.3030449470389
1751368447.705377,59,0,1956,97.1,16,20.071885044877302,49.0,-7.0,1003.3030449470389
1751368447.8323998,59,0,1956,97.1,16,17.601600612383344,57.0,8.0,1003.3030449470389
1751368447.9608488,63,0,1956,97.1,16,429.47403159292656,42.0,-15.0,1003.3030449470389
1751368448.085482,53,0,1956,97.1,16,8.024381331369154,40.5,-1.5,1003.3030449470389
1751368448.189595,66,0,1473,158.3,16,515.4020078794823,78.5,38.0,1004.6596438595511
1751368448.333311,57,0,1473,158.3,16,15.57041966434343,98.0,19.5,1004.6596438595511
1751368448.437584,62,0,1473,158.3,16,1668.7774249997847,98.0,0.0,1004.6596438595511
1751368448.623043,71,0,1473,158.3,16,948.7309112946592,139.5,41.5,1004.6596438595511
1751368448.783365,57,0,1473,158.3,16,8.820966976652057,140.5,1.0,1004.6596438595511
1751368448.909853,67,0,1473,158.3,16,24.999064839085488,150.0,9.5,1004.6596438595511
1751368449.023574,60,0,1473,158.3,16,17.58717579401769,138.5,-11.5,1004.6596438595511
1751368449.145341,95,0,1473,158.3,16,459.634024683694,313.5,175.0,1004.6596438595511
1751368449.2686012,70,0,1675,158.3,16,11.47534760199829,322.5,9.0,1008.318402093307
1751368449.3978891,45,0,1675,158.3,16,7.738154231600154,170.0,-152.5,1008.318402093307
1751368449.515126,51,0,1675,158.3,16,1640.2122673512126,52.0,-118.0,1008.318402093307
1751368449.640047,74,0,1675,158.3,16,1506.371880779504,129.5,77.5,1008.318402093307
1751368449.739778,75,0,1675,158.3,16,36.120135036026824,168.0,38.5,1008.318402093307
1751368449.876547,51,0,1675,158.3,16,7.31106009660219,127.0,-41.0,1008.318402093307
1751368449.986336,63,0,1675,158.3,16,12.880732242897954,150.0,23.0,1008.318402093307
1751368450.172128,60,0,1675,158.3,16,10.769371395705916,153.5,3.5,1008.318402093307
1751368450.286626,55,0,1659,158.3,16,1660.575940507264,68.0,-85.5,1003.068791260101
1751368450.410785,73,0,1659,158.3,16,1504.025639268574,129.5,61.5,1003.068791260101
1751368450.510056,58,0,1659,158.3,16,602.0872548935697,79.0,-50.5,1003.068791260101
1751368450.627223,89,0,1659,158.3,16,529.444193823247,208.5,129.5,1003.068791260101
1751368450.756487,67,0,1659,158.3,16,62.382045047004084,169.0,-39.5,1003.068791260101
1751368450.831182,62,0,1659,158.3,16,795.2744350652689,124.5,-44.5,1003.068791260101
1751368450.9587982,60,0,1659,158.3,16,7.835075580396171,146.0,21.5,1003.068791260101
1751368451.0771909,92,0,1659,158.3,16,508.5261804758307,285.5,139.5,1003.068791260101
1751368451.221196,67,0,1659,158.3,16,375.1606964600957,202.0,-83.5,1003.068791260101
1751368451.366983,61,0,1967,158.3,11,103.16360626858211,134.0,-68.0,1008.6828044534119
1751368451.473017,49,0,1967,158.3,11,9.427817463350161,81.0,-53.0,1008.6828044534119
1751368451.588479,52,0,1967,158.3,11,8.661908538197197,67.0,-14.0,1008.6828044534119
1751368451.7049391,55,0,1967,158.3,11,17.16929399773221,35.5,-31.5,1008.6828044534119
1751368451.830934,66,0,1967,158.3,11,198.60334296131447,52.5,17.0,1008.6828044534119
1751368451.954786,50,0,1967,158.3,11,0.0,61.5,9.0,1008.6828044534119
1751368452.0657501,69,0,1967,158.3,11,45.078327859267795,104.5,43.0,1008.6828044534119
1751368452.188859,63,0,1967,158.3,11,36.31837754581752,93.0,-11.5,1008.6828044534119
1751368452.306954,54,0,1967,158.3,11,11.974719946856895,84.5,-8.5,1008.6828044534119
1751368452.428616,51,0,1715,158.3,36,11.624105606080727,55.5,-29.0,1000.9325651611101
1751368452.5535738,64,0,1715,158.3,36,25.306523439763097,84.5,29.0,1000.9325651611101
1751368452.66709,58,0,1715,158.3,36,24.9200891561054,61.5,-23.0,1000.9325651611101
1751368452.795386,64,0,1715,158.3,36,1317.8721328985603,70.0,8.5,1000.9325651611101
1751368452.900238,62,0,1715,158.3,36,1595.502493526604,57.0,-13.0,1000.9325651611101
1751368453.0216022,53,0,1715,158.3,36,11.655649463488855,42.5,-14.5,1000.9325651611101
1751368453.15077,52,0,1715,158.3,36,7.742025037009144,45.5,3.0,1000.9325651611101
1751368453.276521,52,0,1715,158.3,36,7.953367895297728,42.5,-3.0,1000.9325651611101
1751368453.3958771,60,0,1715,158.3,36,395.0837894480821,12.0,-30.5,1000.9325651611101
1751368453.505876,92,1,1793,158.3,36,469.4008657291206,92.0,80.0,1005.6286590983772
1751368453.628196,77,1,1793,158.3,36,23.120846470235655,63.0,-29.0,1005.6286590983772
1751368453.744973,82,1,1793,158.3,36,146.5920447023224,47.5,-15.5,1005.6286590983772
1751368453.8762739,77,1,1793,158.3,36,17.037525454877738,49.0,1.5,1005.6286590983772
1751368454.0011551,81,1,1793,158.3,36,25.318648581514083,43.5,-5.5,1005.6286590983772
1751368454.110646,84,1,1793,158.3,36,57.76331156896805,44.5,1.0,1005.6286590983772
1751368454.238192,83,1,1793,158.3,36,182.98072737151634,37.0,-7.5,1005.6286590983772
1751368454.339679,77,1,1793,158.3,36,19.702668169860953,24.0,-13.0,1005.6286590983772
1751368454.4672298,77,1,1793,158.3,36,15.68122389923469,30.5,6.5,1005.6286590983772
1751368454.5919948,88,1,1792,188.7,36,50.69293829102362,73.0,42.5,1004.411270346963
1751368454.7425659,74,1,1792,188.7,36,6.644568292783387,98.5,25.5,1004.411270346963
1751368454.88185,79,1,1792,188.7,36,54.65008879588539,48.5,-50.0,1004.411270346963
1751368454.982131,84,1,1792,188.7,36,1719.1974356240373,55.5,7.0,1004.411270346963
1751368455.118881,77,1,1792,188.7,36,16.35675183130988,54.5,-1.0,1004.411270346963
1751368455.228596,83,1,1792,188.7,36,1543.1130951650762,53.0,-1.5,1004.411270346963
1751368455.350789,87,1,1792,188.7,36,40.920917327006045,91.5,38.5,1004.411270346963
1751368455.492685,79,1,1792,188.7,36,25.41481071273383,65.5,-26.0,1004.411270346963
1751368455.592478,65,0,1593,188.7,17,28.335574240946816,98.5,33.0,1002.5971274644667
1751368455.8836539,49,0,1593,188.7,17,3.43421868181085,92.0,-6.5,1002.5971274644667
1751368455.991144,61,0,1593,188.7,17,29.439563716814177,73.0,-19.0,1002.5971274644667
1751368456.109945,72,0,1593,188.7,17,67.82700423366602,128.0,55.0,1002.5971274644667
1751368456.2199419,57,0,1593,188.7,17,1636.428688606988,69.5,-58.5,1002.5971274644667
1751368456.339788,75,0,1593,188.7,17,1510.3865401101252,140.0,70.5,1002.5971274644667
1751368456.4715269,58,0,1593,188.7,17,10.734079507048913,141.5,1.5,1002.5971274644667
1751368456.580338,68,0,1593,188.7,17,29.05698295639088,142.5,1.0,1002.5971274644667
1751368456.7020411,53,0,1643,188.7,17,401.84699424010245,39.0,-103.5,1010.4548480758554
1751368456.8188438,63,0,1643,188.7,17,1722.9345498319324,40.0,1.0,1010.4548480758554
1751368456.953823,69,0,1643,188.7,17,1214.1644182832063,96.5,56.5,1010.4548480758554
1751368457.084953,53,0,1643,188.7,17,15.251570863393065,73.0,-23.5,1010.4548480758554
1751368457.2034361,68,0,1643,188.7,17,30.43449361009892,109.0,36.0,1010.4548480758554
1751368457.3880892,52,0,1643,188.7,17,5.415485047165792,109.5,0.5,1010.4548480758554
1751368457.5534909,53,0,1643,188.7,17,13.51905368745959,91.5,-18.0,1010.4548480758554
1751368457.675349,51,0,1869,188.7,17,8.209380798409132,75.0,-16.5,1004.2415048184375
1751368457.798499,62,0,1869,188.7,17,149.6520742169549,54.5,-20.5,1004.2415048184375
1751368457.905167,68,0,1869,188.7,17,165.85676163851733,94.5,40.0,1004.2415048184375
1751368458.0418072,52,0,1869,188.7,17,14.644098095078487,51.5,-43.0,1004.2415048184375
1751368458.1435351,65,0,1869,188.7,17,29.483092149658845,69.0,17.5,1004.2415048184375
1751368458.2621598,61,0,1869,188.7,17,26.650820788409547,56.0,-13.0,1004.2415048184375
1751368458.404563,62,0,1869,188.7,17,139.41960616599545,38.0,-18.0,1004.2415048184375
1751368458.51167,59,0,1869,188.7,17,20.870326052888807,38.0,0.0,1004.2415048184375
1751368458.639453,64,0,1869,188.7,17,189.1569412363945,38.5,0.5,1004.2415048184375
1751368458.746598,58,0,1625,120.5,17,18.66192069481028,44.0,5.5,1006.8296777509094
1751368458.8701031,47,0,1625,120.5,17,0.0,38.0,-6.0,1006.8296777509094
1751368458.9759622,53,0,1625,120.5,17,9.447843529462116,42.0,4.0,1006.8296777509094
1751368459.134295,48,0,1625,120.5,17,0.0,44.0,2.0,1006.8296777509094
1751368459.278882,52,0,1625,120.5,17,6.914345154786691,50.5,6.5,1006.8296777509094
1751368459.383372,55,0,1625,120.5,17,13.537152054580298,58.0,7.5,1006.8296777509094
1751368459.511821,51,0,1625,120.5,17,7.788098850066753,52.5,-5.5,1006.8296777509094
1751368459.672307,50,0,1625,120.5,17,6.232045906374531,45.5,-7.0,1006.8296777509094
1751368459.784557,53,0,1862,120.5,17,8.902741310692491,45.5,0.0,1010.9772499913141
1751368459.921144,49,0,1862,120.5,17,0.0,44.0,-1.5,1010.9772499913141
1751368460.0196211,49,0,1862,120.5,17,0.0,49.5,5.5,1010.9772499913141
1751368460.146998,50,0,1862,120.5,17,0.0,58.0,8.5,1010.9772499913141
1751368460.304785,52,0,1862,120.5,17,6.337692636630538,53.5,-4.5,1010.9772499913141
1751368460.4243782,76,0,1862,120.5,17,42.63494178331762,132.0,78.5,1010.9772499913141
1751368460.550987,55,0,1862,120.5,17,17.659035104931405,101.5,-30.5,1010.9772499913141
1751368460.669941,57,0,1862,120.5,17,8.408081115864341,117.0,15.5,1010.9772499913141
1751368460.791528,65,0,1862,120.5,17,24.668410177187198,124.5,7.5,1010.9772499913141
1751368460.901233,61,0,1862,120.5,17,9.113851876961053,144.5,20.0,1010.9772499913141
1751368461.025486,56,0,1862,120.5,17,1433.6052758444316,65.5,-79.0,1010.9772499913141
1751368461.1560771,77,0,1862,120.5,17,1370.8367991122354,142.0,76.5,1010.9772499913141
1751368461.258718,69,0,1862,120.5,17,30.818740578881282,143.5,1.5,1010.9772499913141
1751368461.382242,53,0,1862,120.5,17,0.0,137.0,-6.5,1010.9772499913141
1751368461.5021598,56,0,1862,120.5,17,1476.4596267142217,55.0,-82.0,1010.9772499913141
1751368461.626411,74,0,1862,120.5,17,1424.4530990442875,125.5,70.5,1010.9772499913141
1751368461.756701,57,0,1862,120.5,17,1358.502359052526,55.5,-70.0,1010.9772499913141
1751368461.864164,89,1,1792,120.5,17,1665.8692874148398,104.5,49.0,1011.5918149135055
1751368461.9845219,89,1,1792,120.5,17,0,0,0,1011.5918149135055
1751368462.100466,82,1,1792,120.5,17,87.24857962885189,87.0,-17.5,1011.5918149135055
1751368462.228965,97,1,1792,120.5,17,34.79667889399799,154.0,67.0,1011.5918149135055
1751368462.342402,82,1,1792,120.5,17,0.0,187.5,33.5,1011.5918149135055
1751368462.4641569,75,1,1792,120.5,17,0.0,170.5,-17.0,1011.5918149135055
1751368462.581365,87,1,1792,120.5,17,19.07354638825189,174.5,4.0,1011.5918149135055
1751368462.705141,81,1,1792,120.5,17,8.081650741535016,174.0,-0.5,1011.5918149135055
1751368462.8375611,78,1,1792,120.5,17,10.678868535969947,150.5,-23.5,1011.5918149135055
1751368462.945167,60,0,1967,120.5,8,124.66601350904918,105.5,-45.0,1000.3709312050206
1751368463.070646,59,0,1967,120.5,8,11.269793345852177,120.5,15.0,1000.3709312050206
1751368463.18864,55,0,1967,120.5,8,11.98931488106116,110.5,-10.0,1000.3709312050206
1751368463.3118432,55,0,1967,120.5,8,8.113589761446026,114.0,3.5,1000.3709312050206
1751368463.418226,76,0,1967,120.5,8,412.0837818900894,162.0,48.0,1000.3709312050206
1751368463.553152,52,0,1967,120.5,8,81.90790390454238,45.0,-117.0,1000.3709312050206
1751368463.662442,99,0,1967,120.5,8,364.36728078574316,287.5,242.5,1000.3709312050206
1751368463.796896,84,0,1967,120.5,8,22.311116627510085,373.0,85.5,1000.3709312050206
1751368463.93144,54,0,1967,120.5,8,0.0,272.0,-101.0,1000.3709312050206
1751368464.063436,74,0,1529,120.5,50,117.85541485740053,182.5,-89.5,1000.3929228058344
1751368464.17838,62,0,1529,120.5,50,1549.2959597277954,74.0,-108.5,1000.3929228058344
1751368464.31627,88,0,1529,120.5,50,1298.1046990140778,159.0,85.0,1000.3929228058344
1751368464.418845,90,0,1529,120.5,50,568.6566419353893,207.0,48.0,1000.3929228058344
1751368464.5469382,77,0,1529,120.5,50,59.44341026603361,167.5,-39.5,1000.3929228058344
1751368464.654024,99,0,1529,120.5,50,67.33924433992819,278.5,111.0,1000.3929228058344
1751368464.787871,71,0,1529,120.5,50,7.471722985551084,229.0,-49.5,1000.3929228058344
1751368464.8978171,80,0,1529,120.5,50,12.862799934762066,237.0,8.0,1000.3929228058344
1751368465.016469,89,0,1529,120.5,50,26.65237383533583,265.0,28.0,1000.3929228058344
1751368465.141471,93,0,1879,120.5,57,17.885848770611574,369.5,104.5,1032.5105326339292
1751368465.26667,88,0,1879,120.5,57,399.40198791406146,363.0,-6.5,1032.5105326339292
1751368465.379822,91,0,1879,120.5,57,27.942919524791908,392.5,29.5,1032.5105326339292
1751368465.499732,80,0,1879,120.5,57,173.56319070359345,303.5,-89.0,1032.5105326339292
1751368465.622293,91,0,1879,120.5,57,25.800413239019527,342.5,39.0,1032.5105326339292
1751368465.739363,71,0,1879,120.5,57,8.54110081393194,267.5,-75.0,1032.5105326339292
1751368465.867115,71,0,1879,120.5,57,0,0,0,1032.5105326339292
1751368465.985932,71,0,1879,120.5,57,0,0,0,1032.5105326339292
1751368466.098851,71,0,1879,120.5,57,0,0,0,1032.5105326339292
1751368466.2240908,71,0,1587,120.5,65,0,0,0,1008.2450099058265
1751368466.333874,71,0,1587,120.5,65,0,0,0,1008.2450099058265
1751368466.4837482,71,0,1587,120.5,65,0,0,0,1008.2450099058265
1751368466.620568,71,0,1587,120.5,65,0,0,0,1008.2450099058265
1751368466.7822442,71,0,1587,120.5,65,0,0,0,1008.2450099058265
1751368466.8565,71,0,1587,120.5,65,0,0,0,1008.2450099058265
1751368466.977901,71,0,1587,120.5,65,0,0,0,1008.2450099058265
1751368467.098557,71,0,1587,120.5,65,0,0,0,1008.2450099058265
1751368467.225503,58,0,1737,120.5,68,20.24262648221,59.5,-208.0,1007.0734829196924
1751368467.340217,81,0,1737,120.5,68,26.153647256892842,54.0,-5.5,1007.0734829196924
1751368467.4672372,75,0,1737,120.5,68,17.61416244058048,37.0,-17.0,1007.0734829196924
1751368467.575837,75,0,1737,120.5,68,0,0,0,1007.0734829196924
1751368467.6936052,75,0,1737,120.5,68,0,0,0,1007.0734829196924
1751368467.8173041,107,0,1737,120.5,68,33.305078202810776,176.5,139.5,1007.0734829196924
1751368467.941769,83,0,1737,120.5,68,16.06979163274337,165.5,-11.0,1007.0734829196924
1751368468.068275,96,0,1737,120.5,68,31.619329061439878,186.0,20.5,1007.0734829196924
1751368468.183491,84,0,1737,120.5,68,8.678899841912282,189.5,3.5,1007.0734829196924
1751368468.304866,85,0,1782,120.5,68,18.422177254217292,174.0,-15.5,1004.0104581128625
1751368468.413714,82,0,1782,120.5,68,12.991831651248825,167.5,-6.5,1004.0104581128625
1751368468.5392551,82,0,1782,120.5,68,0,0,0,1004.0104581128625
1751368468.707912,75,0,1782,120.5,68,7.600867864462239,141.5,-26.0,1004.0104581128625
1751368468.81988,92,0,1782,120.5,68,32.20476538045264,158.5,17.0,1004.0104581128625
1751368469.00561,79,0,1782,120.5,68,5.384077430617956,161.5,3.0,1004.0104581128625
1751368469.1213481,79,0,1782,120.5,68,0.0,174.0,12.5,1004.0104581128625
1751368469.214862,74,0,1782,120.5,68,38.557957968541544,74.0,-100.0,1004.0104581128625
1751368469.344214,104,1,1801,199.3,68,204.66101432238204,74.5,0.5,1005.0756190456517
1751368469.457897,125,1,1801,199.3,68,195.31526509918484,186.5,112.0,1005.0756190456517
1751368469.578568,139,1,1801,199.3,68,126.2277055650096,433.5,247.0,1005.0756190456517
1751368469.708257,139,1,1801,199.3,68,0,0,0,1005.0756190456517
1751368469.816191,139,1,1801,199.3,68,0,0,0,1005.0756190456517
1751368469.9371378,139,1,1801,199.3,68,0,0,0,1005.0756190456517
1751368470.0642629,93,1,1801,199.3,68,12.354380666432334,265.0,-168.5,1005.0756190456517
1751368470.175793,128,1,1801,199.3,68,8.97067951073345,471.0,206.0,1005.0756190456517
1751368470.300334,120,1,1801,199.3,68,28.930270457679484,491.5,20.5,1005.0756190456517
1751368470.416162,96,0,1457,199.3,68,17.28341258787364,541.5,50.0,1004.1613416179692
1751368470.546071,101,0,1457,199.3,68,31.712563252446547,581.5,40.0,1004.1613416179692
1751368470.658848,77,0,1457,199.3,68,1596.0205959173845,369.5,-212.0,1004.1613416179692
1751368470.77898,117,0,1457,199.3,68,1456.7428641742051,619.0,249.5,1004.1613416179692
1751368470.904685,87,0,1457,199.3,68,11.249552610796814,611.0,-8.0,1004.1613416179692
1751368471.016924,87,0,1457,199.3,68,0,0,0,1004.1613416179692
1751368471.1475809,87,0,1457,199.3,68,0,0,0,1004.1613416179692
1751368471.266475,87,0,1457,199.3,68,0,0,0,1004.1613416179692
1751368471.3922591,64,0,1457,199.3,68,373.30223556154067,116.0,-495.0,1004.1613416179692
1751368471.496871,120,1,1803,199.3,68,1711.2248402777727,182.0,66.0,1006.1396523346051
1751368471.574749,139,1,1803,199.3,68,92.59259479129906,818.5,636.5,1006.1396523346051
1751368471.693034,136,1,1803,199.3,68,25.369541417583193,1059.5,241.0,1006.1396523346051
1751368471.824414,103,1,1803,199.3,68,21.5238578422071,946.5,-113.0,1006.1396523346051
1751368471.938091,99,1,1803,199.3,68,119.63733054978034,245.0,-701.5,1006.1396523346051
1751368472.0667012,0,1,1803,199.3,68,0,0,0,1006.1396523346051
1751368472.192962,0,1,1803,199.3,68,0,0,0,1006.1396523346051
1751368472.304008,0,1,1803,199.3,68,0,0,0,1006.1396523346051
1751368472.414853,0,1,1803,199.3,68,0,0,0,1006.1396523346051
1751368472.5501802,0,0,1874,177.5,68,0,0,0,1012.5581464785121
1751368472.6598442,0,0,1874,177.5,68,0,0,0,1012.5581464785121
1751368472.767814,59,0,1874,177.5,68,2.695031934440286,116.0,-129.0,1012.5581464785121
1751368472.903386,96,0,1874,177.5,68,23.354534318365683,176.5,60.5,1012.5581464785121
1751368473.014064,86,0,1874,177.5,68,20.17369082017483,167.5,-9.0,1012.5581464785121
1751368473.1465511,74,0,1874,177.5,68,113.19558693352333,64.0,-103.5,1012.5581464785121
1751368473.2568152,90,0,1874,177.5,68,45.34735676722945,110.5,46.5,1012.5581464785121
1751368473.394803,79,0,1874,177.5,68,7.247803697943667,135.5,25.0,1012.5581464785121
1751368473.495338,74,0,1874,177.5,68,9.94646278765343,118.5,-17.0,1012.5581464785121
1751368473.630134,96,1,1791,158.3,68,43.26398543824647,42.0,-76.5,1005.936876747244
1751368473.750478,95,1,1791,158.3,68,11.749873424735894,45.5,3.5,1005.936876747244
1751368473.863827,88,1,1791,158.3,68,0.0,36.5,-9.0,1005.936876747244
1751368473.9733372,109,1,1791,158.3,68,36.51904834461592,95.5,59.0,1005.936876747244
1751368474.105055,100,1,1791,158.3,68,10.736916265303515,125.5,30.0,1005.936876747244
1751368474.210859,94,1,1791,158.3,68,1304.419655649099,26.5,-99.0,1005.936876747244
1751368474.368219,0,1,1791,158.3,68,0,0,0,1005.936876747244
1751368474.45256,139,1,1791,158.3,68,775.3391425812757,262.5,236.0,1005.936876747244
1751368474.587948,116,1,1791,158.3,68,370.8590430304894,234.5,-28.0,1005.936876747244
1751368474.700366,78,1,1802,136.7,8,19.893538112023787,156.5,-78.0,1004.3918558013103
1751368474.820108,75,1,1802,136.7,8,8.351976232245372,138.0,-18.5,1004.3918558013103
1751368474.955074,80,1,1802,136.7,8,1281.7398811596495,98.0,-40.0,1004.3918558013103
1751368475.052712,93,1,1802,136.7,8,2131.2628872630316,143.5,45.5,1004.3918558013103
1751368475.179148,104,1,1802,136.7,8,68.03853538637252,214.5,71.0,1004.3918558013103
1751368475.295307,82,1,1802,136.7,8,88.63251606657924,142.5,-72.0,1004.3918558013103
1751368475.417732,82,1,1802,136.7,8,0,0,0,1004.3918558013103
1751368475.571696,75,1,1802,136.7,8,301.0729305735072,53.0,-89.5,1004.3918558013103
1751368475.703446,85,1,1802,136.7,8,48.60940852664267,62.0,9.0,1004.3918558013103
1751368475.886236,89,0,1673,136.7,64,36.70120734500063,109.5,47.5,1012.1729101294897
1751368476.0196962,77,0,1673,136.7,64,31.787663591578447,49.0,-60.5,1012.1729101294897
1751368476.139161,80,0,1673,136.7,64,25.110530611593273,40.5,-8.5,1012.1729101294897
1751368476.278754,68,0,1673,136.7,64,0.0,39.5,-1.0,1012.1729101294897
1751368476.371007,73,0,1673,136.7,64,10.840824091041847,29.5,-10.0,1012.1729101294897
1751368476.504216,84,0,1673,136.7,64,74.321635752238,38.0,8.5,1012.1729101294897
1751368476.625312,109,0,1673,136.7,64,216.7963756849694,190.0,152.0,1012.1729101294897
1751368476.7368279,87,0,1673,136.7,64,153.5782626746529,160.5,-29.5,1012.1729101294897
1751368476.883978,95,0,1709,136.7,66,414.52920800213695,182.0,21.5,1013.9092661574801
1751368476.979883,91,0,1709,136.7,66,10.429700360561979,216.0,34.0,1013.9092661574801
1751368477.1012201,66,0,1709,136.7,66,1743.5040082594958,47.5,-168.5,1013.9092661574801
1751368477.234576,79,0,1709,136.7,66,23.711126833329832,39.0,-8.5,1013.9092661574801
1751368477.3366451,79,0,1709,136.7,66,19.59648372801454,50.5,11.5,1013.9092661574801
1751368477.456532,97,0,1709,136.7,66,1476.6342389871425,141.5,91.0,1013.9092661574801
1751368477.5839958,74,0,1709,136.7,66,1397.2555492097606,45.0,-96.5,1013.9092661574801
1751368477.694178,73,0,1709,136.7,66,9.074219747221033,42.0,-3.0,1013.9092661574801
1751368477.8148758,83,0,1709,136.7,66,1416.7613124331997,38.0,-4.0,1013.9092661574801
1751368477.946647,88,0,1795,136.7,65,529.6200184773764,84.0,46.0,1005.8111154685058
1751368478.0516212,80,0,1795,136.7,65,656.062923645732,45.0,-39.0,1005.8111154685058
1751368478.173642,81,0,1795,136.7,65,1393.6678463128121,16.0,-29.0,1005.8111154685058
1751368478.2963,90,0,1795,136.7,65,1332.4063742434896,83.0,67.0,1005.8111154685058
1751368478.424819,70,0,1795,136.7,65,7.78077393982117,56.0,-27.0,1005.8111154685058
1751368478.5404449,75,0,1795,136.7,65,12.230592352563637,61.0,5.0,1005.8111154685058
1751368478.665492,79,0,1795,136.7,65,22.622584292584754,47.5,-13.5,1005.8111154685058
1751368478.783265,73,0,1795,136.7,65,8.48953155107923,45.0,-2.5,1005.8111154685058
1751368478.889516,72,0,1795,136.7,65,9.411866080244144,28.5,-16.5,1005.8111154685058
1751368479.01614,139,1,1791,136.7,69,166.6298295248483,496.5,468.0,1054.1897362429593
1751368479.14488,128,1,1791,136.7,69,27.99928558817083,596.5,100.0,1054.1897362429593
1751368479.253087,119,1,1791,136.7,69,13.07217147686937,688.5,92.0,1054.1897362429593
1751368479.416241,103,1,1791,136.7,69,8.668024137369482,635.5,-53.0,1054.1897362429593
1751368479.544364,113,1,1791,136.7,69,7.803428869105759,689.0,53.5,1054.1897362429593
1751368479.654193,103,1,1791,136.7,69,69.35326956115831,531.5,-157.5,1054.1897362429593
1751368479.7768042,109,1,1791,136.7,69,8.154888884568273,541.5,10.0,1054.1897362429593
1751368479.9055119,110,1,1791,136.7,69,10.987675354065932,549.5,8.0,1054.1897362429593
1751368480.014633,104,0,1675,136.7,93,57.96805111340021,610.5,61.0,1003.4081921132596
1751368480.1418529,86,0,1675,136.7,93,50.32605382441689,487.0,-123.5,1003.4081921132596
1751368480.2687302,96,0,1675,136.7,93,17.625682169750217,526.0,39.0,1003.4081921132596
1751368480.371003,89,0,1675,136.7,93,13.825542441795477,517.5,-8.5,1003.4081921132596
1751368480.495967,87,0,1675,136.7,93,17.89444847466544,471.0,-46.5,1003.4081921132596
1751368480.6275358,112,0,1675,136.7,93,59.35962979537421,611.0,140.0,1003.4081921132596
1751368480.728426,92,0,1675,136.7,93,9.912073940508234,654.0,43.0,1003.4081921132596
1751368480.867102,92,0,1675,136.7,93,0,0,0,1003.4081921132596
1751368480.983148,63,0,1675,136.7,93,77.42646729362772,73.5,-580.5,1003.4081921132596
1751368481.091687,101,0,1337,167.1,65,150.00059830685714,174.0,100.5,1010.8837717561797
1751368481.2142432,106,0,1337,167.1,65,155.0239679726725,261.5,87.5,1010.8837717561797
1751368481.343638,93,0,1337,167.1,65,15.460933929019035,296.0,34.5,1010.8837717561797
1751368481.579905,83,0,1337,167.1,65,8.463860180868098,265.0,-31.0,1010.8837717561797
1751368481.699861,117,0,1337,167.1,65,44.89282790842856,1023.0,758.0,1010.8837717561797
1751368481.825909,105,0,1337,167.1,65,22.44177479882988,1145.5,122.5,1010.8837717561797
1751368481.933862,81,0,1337,167.1,65,9.264491561176774,1087.5,-58.0,1010.8837717561797
1751368482.0624058,85,0,1337,167.1,65,11.00041096679597,1061.0,-26.5,1010.8837717561797
1751368482.186628,99,0,1808,167.1,75,24.15303877796248,1098.0,37.0,1000.2524681299217
1751368482.291696,90,0,1808,167.1,75,9.514928098762967,1117.0,19.0,1000.2524681299217
1751368482.414068,79,0,1808,167.1,75,36.545088792640435,538.0,-579.0,1000.2524681299217
1751368482.542274,83,0,1808,167.1,75,0.0,534.5,-3.5,1000.2524681299217
1751368482.64633,79,0,1808,167.1,75,42.986881579173236,307.0,-227.5,1000.2524681299217
1751368482.768914,64,0,1808,167.1,75,269.37313006153715,25.0,-282.0,1000.2524681299217
1751368482.9001448,101,0,1808,167.1,75,324.9055387415552,144.0,119.0,1000.2524681299217
1751368483.0211608,88,0,1808,167.1,75,11.682784187337086,183.5,39.5,1000.2524681299217
1751368483.144088,111,0,1808,167.1,75,171.6075009537223,309.0,125.5,1000.2524681299217
1751368483.3170261,101,0,1926,142.9,68,35.17757060466417,330.5,21.5,1004.1742876612606
1751368483.506549,101,0,1926,142.9,68,36.93362668769962,351.0,20.5,1004.1742876612606
1751368483.6131358,111,0,1926,142.9,68,86.531178411052,467.0,116.0,1004.1742876612606
1751368483.730369,91,0,1926,142.9,68,93.79358125484089,386.0,-81.0,1004.1742876612606
1751368483.876365,84,0,1926,142.9,68,0.0,389.5,3.5,1004.1742876612606
1751368483.997387,91,0,1926,142.9,68,48.18814537228015,310.0,-79.5,1004.1742876612606
1751368484.094691,112,0,1926,142.9,68,87.79195452407507,439.5,129.5,1004.1742876612606
1751368484.2683861,87,0,1926,142.9,68,28.788723655147894,320.0,-119.5,1004.1742876612606
1751368484.367845,116,0,1714,111.5,77,36.25165856080437,494.5,174.5,1004.4988800391965
1751368484.490992,82,0,1714,111.5,77,33.47656525996716,329.0,-165.5,1004.4988800391965
1751368484.621877,72,0,1714,111.5,77,275.99519284470273,151.0,-178.0,1004.4988800391965
1751368484.733231,87,0,1714,111.5,77,74.06932737967027,141.0,-10.0,1004.4988800391965
1751368484.850605,76,0,1714,111.5,77,537.2407637148237,66.0,-75.0,1004.4988800391965
1751368484.98123,80,0,1714,111.5,77,1324.905712176976,33.5,-32.5,1004.4988800391965
1751368485.0871549,85,0,1714,111.5,77,1624.5975076312566,51.0,17.5,1004.4988800391965
1751368485.217592,81,0,1714,111.5,77,22.99223049767207,63.5,12.5,1004.4988800391965
1751368485.344342,69,0,1714,111.5,77,0.0,70.0,6.5,1004.4988800391965
1751368485.481694,96,1,1803,136.7,65,16.289874895654954,63.0,-7.0,1004.3435667141001
1751368485.6156852,94,1,1803,136.7,65,10.547540776417963,64.5,1.5,1004.3435667141001
1751368485.744201,98,1,1803,136.7,65,17.398178071845283,66.5,2.0,1004.3435667141001
1751368485.859424,95,1,1803,136.7,65,12.274376624954419,66.5,0.0,1004.3435667141001
1751368485.9774568,97,1,1803,136.7,65,16.94569005048189,61.0,-5.5,1004.3435667141001
1751368486.1173608,91,1,1803,136.7,65,7.1468925879793,52.5,-8.5,1004.3435667141001
1751368486.2087958,103,1,1803,136.7,65,83.29257109745821,43.5,-9.0,1004.3435667141001
1751368486.330755,99,1,1803,136.7,65,23.196208299503052,30.5,-13.0,1004.3435667141001
1751368486.4645178,73,0,1830,136.7,65,7.475784775742712,39.0,8.5,1006.0566584442449
1751368486.5692852,69,0,1830,136.7,65,0.0,39.5,0.5,1006.0566584442449
1751368486.699144,87,0,1830,136.7,65,44.91150546107781,76.5,37.0,1006.0566584442449
1751368486.830005,76,0,1830,136.7,65,17.082148890057297,66.5,-10.0,1006.0566584442449
1751368486.9283772,77,0,1830,136.7,65,10.16475697473778,95.0,28.5,1006.0566584442449
1751368487.051878,89,0,1830,136.7,65,33.398723457824985,121.0,26.0,1006.0566584442449
1751368487.1816618,76,0,1830,136.7,65,10.895000893612526,117.5,-3.5,1006.0566584442449
1751368487.290816,82,0,1830,136.7,65,38.86373024492698,99.0,-18.5,1006.0566584442449
1751368487.419942,76,0,1830,136.7,65,7.745513504729333,116.0,17.0,1006.0566584442449
1751368487.5437691,91,1,1798,136.7,65,0.0,116.5,0.5,1005.246735881296
1751368487.697053,90,1,1798,136.7,65,6.5250630445909215,100.0,-16.5,1005.246735881296
1751368487.8483992,98,1,1798,136.7,65,13.212382954930264,114.0,14.0,1005.246735881296
1751368488.008845,98,1,1798,136.7,65,19.711179068286842,105.0,-9.0,1005.246735881296
1751368488.1327739,102,1,1798,136.7,65,25.51497947259101,105.5,0.5,1005.246735881296
1751368488.264452,95,1,1798,136.7,65,16.99796987133698,89.5,-16.0,1005.246735881296
1751368488.361514,106,1,1798,136.7,65,576.928590416278,105.0,15.5,1005.246735881296
1751368488.489558,111,1,1798,136.7,65,422.1940666015687,136.0,31.0,1005.246735881296
1751368488.6213472,90,0,1584,136.7,65,21.457674789202226,170.0,34.0,1007.472580272039
1751368488.730551,96,0,1584,136.7,65,28.958902562055826,192.5,22.5,1007.472580272039
1751368488.8553228,89,0,1584,136.7,65,17.91776380606358,196.5,4.0,1007.472580272039
1751368488.9952111,78,0,1584,136.7,65,10.110126591334495,168.5,-28.0,1007.472580272039
1751368489.095484,87,0,1584,136.7,65,19.94594915911139,173.0,4.5,1007.472580272039
1751368489.211295,81,0,1584,136.7,65,8.63425248314549,171.5,-1.5,1007.472580272039
1751368489.337915,78,0,1584,136.7,65,11.168932977675325,154.5,-17.0,1007.472580272039
1751368489.449169,85,0,1584,136.7,65,12.715338002584641,174.5,20.0,1007.472580272039
1751368489.5767,78,0,1584,136.7,65,7.840128304101657,163.5,-11.0,1007.472580272039
1751368489.7112372,70,1,1805,136.7,13,10.511019519773539,109.5,-54.0,1008.2802189867656
1751368489.809773,83,1,1805,136.7,13,10.148254428349178,145.5,36.0,1008.2802189867656
1751368489.9300008,86,1,1805,136.7,13,8.317460443367436,182.5,37.0,1008.2802189867656
1751368490.058064,86,1,1805,136.7,13,0,0,0,1008.2802189867656
1751368490.166157,71,1,1805,136.7,13,222.8854419782743,57.0,-125.5,1008.2802189867656
1751368490.298244,71,1,1805,136.7,13,7.570522227095596,40.5,-16.5,1008.2802189867656
1751368490.424427,88,1,1805,136.7,13,431.3397336161423,87.0,46.5,1008.2802189867656
1751368490.527092,82,1,1805,136.7,13,1685.6989255055632,68.5,-18.5,1008.2802189867656
1751368490.648792,85,1,1805,136.7,13,1356.6600899745158,84.5,16.0,1008.2802189867656
1751368490.779503,76,0,1587,136.7,70,1315.741575653884,11.5,-73.0,1012.4885184534193
1751368490.898145,90,0,1587,136.7,70,1433.7155591292528,78.5,67.0,1012.4885184534193
1751368491.007709,71,0,1587,136.7,70,0.0,103.0,24.5,1012.4885184534193
1751368491.131171,74,0,1587,136.7,70,18.10841953479342,73.0,-30.0,1012.4885184534193
1751368491.253969,77,0,1587,136.7,70,25.760525947173754,33.0,-40.0,1012.4885184534193
1751368491.3658261,77,0,1587,136.7,70,8.938142901894263,83.0,50.0,1012.4885184534193
1751368491.489046,82,0,1587,136.7,70,25.66094803822742,96.0,13.0,1012.4885184534193
1751368491.640933,72,0,1587,136.7,70,6.5850539216225,104.0,8.0,1012.4885184534193
1751368491.727743,72,0,1355,136.7,73,11.514367208668366,95.5,-8.5,1016.0590534019171
1751368491.865089,74,0,1355,136.7,73,1252.8631472953753,15.0,-80.5,1016.0590534019171
1751368491.9787672,93,0,1355,136.7,73,1548.1267366015918,110.0,95.0,1016.0590534019171
1751368492.082708,73,0,1355,136.7,73,1693.6974509564347,20.0,-90.0,1016.0590534019171
1751368492.210132,72,0,1355,136.7,73,11.098631862249878,18.0,-2.0,1016.0590534019171
1751368492.329696,95,0,1355,136.7,73,1447.4224145208764,120.0,102.0,1016.0590534019171
1751368492.4504378,81,0,1355,136.7,73,18.517839841371526,132.0,12.0,1016.0590534019171
1751368492.613327,89,0,1355,136.7,73,17.36553588157149,176.0,44.0,1016.0590534019171
1751368492.725556,79,0,1355,136.7,73,8.908376112669835,167.0,-9.0,1016.0590534019171
1751368492.8499231,76,0,1747,136.7,75,0.0,164.5,-2.5,1011.9609676267163
1751368492.969357,84,0,1747,136.7,75,23.709306031272124,146.0,-18.5,1011.9609676267163
1751368493.085314,83,0,1747,136.7,75,12.185742316202804,159.0,13.0,1011.9609676267163
1751368493.272964,78,0,1747,136.7,75,7.534510832486377,154.5,-4.5,1011.9609676267163
1751368493.3682518,74,0,1747,136.7,75,0.0,151.5,-3.0,1011.9609676267163
1751368493.49689,77,0,1747,136.7,75,0.0,164.5,13.0,1011.9609676267163
1751368493.621824,78,0,1747,136.7,75,8.004305294214188,155.0,-9.5,1011.9609676267163
1751368493.726979,77,0,1747,136.7,75,13.448818172681566,134.0,-21.0,1011.9609676267163
1751368493.8571541,101,1,1791,136.7,73,23.044529015101844,118.0,-16.0,1006.750217283314
1751368493.969195,97,1,1791,136.7,73,8.935419959863827,127.0,9.0,1006.750217283314
1751368494.086139,95,1,1791,136.7,73,8.544302276074632,122.0,-5.0,1006.750217283314
1751368494.221888,94,1,1791,136.7,73,7.365237684666349,116.0,-6.0,1006.750217283314
1751368494.328165,103,1,1791,136.7,73,18.821240343819483,129.5,13.5,1006.750217283314
1751368494.4519308,96,1,1791,136.7,73,8.083286116796367,127.5,-2.0,1006.750217283314
1751368494.566747,105,1,1791,136.7,73,31.378248280185563,117.0,-10.5,1006.750217283314
1751368494.688419,94,1,1791,136.7,73,1430.4279841403804,26.0,-91.0,1006.750217283314
1751368494.815893,116,1,1791,136.7,73,1380.9984898716252,122.5,96.5,1006.750217283314
1751368494.930088,78,0,1789,136.7,77,12.385169474341236,126.5,4.0,1004.8288411465905
1751368495.0514681,80,0,1789,136.7,77,16.476228262107814,127.5,1.0,1004.8288411465905
1751368495.216602,83,0,1789,136.7,77,17.12983333073152,138.0,10.5,1004.8288411465905
1751368495.332847,86,0,1789,136.7,77,27.204276529686712,135.5,-2.5,1004.8288411465905
1751368495.4776661,83,0,1789,136.7,77,20.71281691671029,134.5,-1.0,1004.8288411465905
1751368495.6156921,81,0,1789,136.7,77,21.735486110991154,123.5,-11.0,1004.8288411465905
1751368495.73265,82,0,1789,136.7,77,19.118220305319323,126.5,3.0,1004.8288411465905
1751368495.87017,73,0,1789,136.7,77,1275.3100650253439,23.0,-103.5,1004.8288411465905
1751368496.0037491,88,0,1837,136.7,56,1301.2771066217988,132.0,109.0,1001.968063363299
1751368496.1424582,63,0,1837,136.7,56,1254.898778921063,24.0,-108.0,1001.968063363299
1751368496.241386,87,0,1837,136.7,56,1779.5025429532684,125.0,101.0,1001.968063363299
1751368496.3685088,66,0,1837,136.7,56,7.868500140699747,124.5,-0.5,1001.968063363299
1751368496.496929,67,0,1837,136.7,56,7.786638547193561,129.5,5.0,1001.968063363299
1751368496.60847,68,0,1837,136.7,56,12.680815369930889,124.5,-5.0,1001.968063363299
1751368496.7303,73,0,1837,136.7,56,24.623708435092993,122.0,-2.5,1001.968063363299
1751368496.848165,63,0,1837,136.7,56,1468.911953232935,17.0,-105.0,1001.968063363299
1751368496.9771562,87,0,1956,136.7,51,1349.2664297609324,122.5,105.5,1002.2659327743311
1751368497.1467881,63,0,1956,136.7,51,1020.1174046549015,12.5,-110.0,1002.2659327743311
1751368497.277163,86,0,1956,136.7,51,1320.0022918736054,115.5,103.0,1002.2659327743311
1751368497.4583502,64,0,1956,136.7,51,5.5212038879937655,114.5,-1.0,1002.2659327743311
1751368497.57863,74,0,1956,136.7,51,483.06045879785586,104.5,-10.0,1002.2659327743311
1751368497.696984,74,0,1956,136.7,51,487.5735645172084,99.5,-5.0,1002.2659327743311
1751368497.819938,73,0,1956,136.7,51,18.189335636652093,120.5,21.0,1002.2659327743311
1751368497.926544,68,0,1956,136.7,51,9.379180801130609,128.0,7.5,1002.2659327743311
1751368498.054861,62,0,1355,136.7,53,1364.27144130727,28.5,-99.5,1010.6641380795106
1751368498.1874938,84,0,1355,136.7,53,1320.1536645256822,121.5,93.0,1010.6641380795106
1751368498.293516,71,0,1355,136.7,53,21.098028628533555,124.5,3.0,1010.6641380795106
1751368498.420883,68,0,1355,136.7,53,24.83467429448892,104.0,-20.5,1010.6641380795106
1751368498.523774,78,0,1355,136.7,53,21.712981979754872,149.0,45.0,1010.6641380795106
1751368498.647917,76,0,1355,136.7,53,8.056858782761031,188.5,39.5,1010.6641380795106
1751368498.778908,73,0,1355,136.7,53,10.794851937650545,189.5,1.0,1010.6641380795106
1751368498.891915,71,0,1355,136.7,53,8.849788160626572,186.5,-3.0,1010.6641380795106
1751368499.024344,66,0,1355,136.7,53,0.0,180.0,-6.5,1010.6641380795106
1751368499.1334882,58,0,1847,136.7,51,1613.0569921794554,21.0,-159.0,1010.0386131232806
1751368499.2455208,99,0,1847,136.7,51,1579.5167248010382,176.5,155.5,1010.0386131232806
1751368499.364126,74,0,1847,136.7,51,0.0,203.0,26.5,1010.0386131232806
1751368499.498674,71,0,1847,136.7,51,7.435219539347613,187.0,-16.0,1010.0386131232806
1751368499.626237,57,0,1847,136.7,51,1403.1825159547996,20.0,-167.0,1010.0386131232806
1751368499.740919,63,0,1847,136.7,51,8.7247735238749,22.5,2.5,1010.0386131232806
1751368499.870631,101,0,1847,136.7,51,1349.9269144061725,189.5,167.0,1010.0386131232806
1751368499.969675,57,0,1847,136.7,51,1767.9451910183025,18.0,-171.5,1010.0386131232806
1751368500.095594,58,0,1847,136.7,51,0.0,13.0,-5.0,1010.0386131232806
1751368500.211892,60,0,1952,136.7,51,0.0,18.0,5.0,999.9269973353055
1751368500.3386738,64,0,1952,136.7,51,11.157504122272947,15.5,-2.5,999.9269973353055
1751368500.46076,100,0,1952,136.7,51,1425.063712091219,179.5,164.0,999.9269973353055
1751368500.5732281,84,0,1952,136.7,51,26.67046495065622,190.0,10.5,999.9269973353055
1751368500.6889899,80,0,1952,136.7,51,17.280671070981988,195.0,5.0,999.9269973353055
1751368500.810699,72,0,1952,136.7,51,8.216263653602043,185.0,-10.0,999.9269973353055
1751368500.932933,83,0,1952,136.7,51,18.30049769613078,205.0,20.0,999.9269973353055
1751368501.050476,75,0,1952,136.7,51,8.507836825269324,198.5,-6.5,999.9269973353055
1751368501.1767209,82,0,1952,136.7,51,17.69965985377768,207.5,9.0,999.9269973353055
1751368501.304841,76,1,1792,136.7,51,1390.3031750168748,31.5,-176.0,1001.8428020403201
1751368501.411932,82,1,1792,136.7,51,9.336526903453864,18.5,-13.0,1001.8428020403201
1751368501.592435,114,1,1792,136.7,51,975.4908326109892,154.5,136.0,1001.8428020403201
1751368501.742883,86,1,1792,136.7,51,6.6479594747953765,142.5,-12.0,1001.8428020403201
1751368501.9021811,84,1,1792,136.7,51,6.276755837827808,132.0,-10.5,1001.8428020403201
1751368502.062714,88,1,1792,136.7,51,12.459519152077402,130.5,-1.5,1001.8428020403201
1751368502.175796,76,1,1792,136.7,51,12.510501486957715,42.5,-88.0,1001.8428020403201
1751368502.341012,73,0,1942,136.7,51,295.576414332393,27.0,-15.5,999.674947170329
1751368502.5032792,95,0,1942,136.7,51,271.45839929569075,160.5,133.5,999.674947170329
1751368502.619533,82,0,1942,136.7,51,17.211108033525168,191.0,30.5,999.674947170329
1751368502.745464,73,0,1942,136.7,51,7.941155644078739,187.0,-4.0,999.674947170329
1751368502.851865,91,0,1942,136.7,51,33.8711969362136,218.0,31.0,999.674947170329
1751368502.964967,92,0,1942,136.7,51,425.7125254613309,245.5,27.5,999.674947170329
1751368503.083178,85,0,1942,136.7,51,401.96511782838803,213.5,-32.0,999.674947170329
1751368503.208517,87,0,1942,136.7,51,359.1211843880275,210.0,-3.5,999.674947170329
1751368503.351443,101,1,1794,136.7,51,327.7691652991073,185.0,-25.0,1003.4789484588105
1751368503.4538429,105,1,1794,136.7,51,442.3312491431996,190.0,5.0,1003.4789484588105
1751368503.566751,99,1,1794,136.7,51,419.42978886135035,167.0,-23.0,1003.4789484588105
1751368503.68837,86,1,1794,136.7,51,0.0,164.5,-2.5,1003.4789484588105
1751368503.81132,90,1,1794,136.7,51,8.131947473830948,162.5,-2.0,1003.4789484588105
1751368503.9582348,90,1,1794,136.7,51,9.628803747726531,158.5,-4.0,1003.4789484588105
1751368504.0551438,94,1,1794,136.7,51,20.64710240348524,148.0,-10.5,1003.4789484588105
1751368504.1779609,98,1,1794,136.7,51,23.02360955900728,156.0,8.0,1003.4789484588105
1751368504.289259,105,1,1794,136.7,51,40.16904456146203,177.0,21.0,1003.4789484588105
1751368504.4191701,73,0,1840,137.0,51,10.890800098992049,174.5,-2.5,1005.454126253406
1751368504.533331,70,0,1840,137.0,51,8.754785665234081,167.0,-7.5,1005.454126253406
1751368504.653572,95,0,1840,137.0,51,417.8502670250819,232.5,65.5,1005.454126253406
1751368504.876569,88,0,1840,137.0,51,228.76119043938775,225.5,-7.0,1005.454126253406
1751368504.972616,78,0,1840,137.0,51,10.408967839762155,219.5,-6.0,1005.454126253406
1751368505.0907068,73,0,1840,137.0,51,54.209533270682925,149.5,-70.0,1005.454126253406
1751368505.2205088,67,0,1840,137.0,51,7.706476903374693,142.0,-7.5,1005.454126253406
1751368505.33072,76,0,1840,137.0,51,64.11809166366582,128.5,-13.5,1005.454126253406
1751368505.46123,67,0,1895,166.7,51,1266.103124602671,62.5,-66.0,1003.9895417782
1751368505.5724008,96,0,1895,166.7,51,1592.691464564288,184.5,122.0,1003.9895417782
1751368505.6969442,61,0,1895,166.7,51,1414.2678887885274,59.5,-125.0,1003.9895417782
1751368505.809653,93,0,1895,166.7,51,1570.3145928396461,167.5,108.0,1003.9895417782
1751368505.922355,68,0,1895,166.7,51,0.0,170.0,2.5,1003.9895417782
1751368506.0631838,69,0,1895,166.7,51,7.101563280433852,161.5,-8.5,1003.9895417782
1751368506.165483,62,0,1895,166.7,51,1731.116648808054,44.5,-117.0,1003.9895417782
1751368506.285611,59,0,1895,166.7,51,0.0,41.5,-3.0,1003.9895417782
1751368506.408001,59,0,1895,166.7,51,0.0,46.0,4.5,1003.9895417782
1751368506.527336,53,0,1667,166.7,7,8.376813446667093,48.5,2.5,1006.2807759268782
1751368506.66078,49,0,1667,166.7,7,0.0,53.0,4.5,1006.2807759268782
1751368506.891181,48,0,1667,166.7,7,0.0,48.5,-4.5,1006.2807759268782
1751368507.0147488,82,0,1667,166.7,7,1432.6614039202616,163.5,115.0,1006.2807759268782
1751368507.127892,67,0,1667,166.7,7,17.6697132144625,173.5,10.0,1006.2807759268782
1751368507.251491,65,0,1667,166.7,7,16.191317002931907,175.5,2.0,1006.2807759268782
1751368507.406571,51,0,1667,166.7,7,1128.5126878653425,51.5,-124.0,1006.2807759268782
1751368507.524396,105,0,1603,166.7,65,1510.262979552177,180.5,129.0,1009.9371267559184
1751368507.6456609,69,0,1603,166.7,65,41.23373725179463,39.0,-141.5,1009.9371267559184
1751368507.762687,71,0,1603,166.7,65,8.547157776758878,28.5,-10.5,1009.9371267559184
1751368507.891674,84,0,1603,166.7,65,1341.0883820938009,36.0,7.5,1009.9371267559184
1751368508.01826,75,0,1603,166.7,65,11.170005633389493,50.0,14.0,1009.9371267559184
1751368508.123511,101,0,1603,166.7,65,1691.730932687542,161.5,111.5,1009.9371267559184
1751368508.246403,77,0,1603,166.7,65,0.0,167.5,6.0,1009.9371267559184
1751368508.376411,84,0,1603,166.7,65,17.207040163615794,166.0,-1.5,1009.9371267559184
1751368508.493227,84,0,1603,166.7,65,8.561271728214633,184.5,18.5,1009.9371267559184
1751368508.625651,69,0,1593,166.7,65,1344.498129831725,42.0,-142.5,1008.3030298476743
1751368508.726241,73,0,1593,166.7,65,9.936401217677647,45.0,3.0,1008.3030298476743
1751368508.85429,104,0,1593,166.7,65,1383.0468338014289,172.5,127.5,1008.3030298476743
1751368508.965125,81,0,1593,166.7,65,9.022007025212035,173.5,1.0,1008.3030298476743
1751368509.0896692,83,0,1593,166.7,65,16.061822429011812,166.5,-7.0,1008.3030298476743
1751368509.219224,87,0,1593,166.7,65,31.827541663508473,148.5,-18.0,1008.3030298476743
1751368509.351588,85,0,1593,166.7,65,22.65603387895691,150.5,2.0,1008.3030298476743
1751368509.4827871,84,0,1593,166.7,65,31.420610546269376,129.5,-21.0,1008.3030298476743
1751368509.6054988,73,0,1593,166.7,65,1467.987426505287,30.5,-99.0,1008.3030298476743
1751368509.732181,74,0,1841,166.7,27,1390.116715629734,114.0,83.5,1003.9033818052412
1751368509.857897,63,0,1841,166.7,27,15.90700726079116,135.0,21.0,1003.9033818052412
1751368509.991807,63,0,1841,166.7,27,16.694908552563543,140.5,5.5,1003.9033818052412
1751368510.124693,52,0,1841,166.7,27,1332.2282406183047,25.0,-115.5,1003.9033818052412
1751368510.2593641,53,0,1841,166.7,27,7.425347385118162,26.0,1.0,1003.9033818052412
1751368510.3660102,78,0,1841,166.7,27,1651.4498296617678,130.0,104.0,1003.9033818052412
1751368510.499671,53,0,1841,166.7,27,1309.4427034485175,18.0,-112.0,1003.9033818052412
1751368510.6061969,79,0,1841,166.7,27,1651.8158848208811,131.0,113.0,1003.9033818052412
1751368510.7364328,54,0,1961,166.7,27,1360.308187084921,26.0,-105.0,1004.7024435125059
1751368510.8377228,78,0,1961,166.7,27,1717.7642576267044,129.5,103.5,1004.7024435125059
1751368510.967571,63,0,1961,166.7,27,15.406075298438935,142.5,13.0,1004.7024435125059
1751368511.1002738,53,0,1961,166.7,27,1326.6430861347053,30.0,-112.5,1004.7024435125059
1751368511.206558,80,0,1961,166.7,27,1655.107468431839,139.0,109.0,1004.7024435125059
1751368511.3224478,58,0,1961,166.7,27,8.631622705655012,137.5,-1.5,1004.7024435125059
1751368511.4435751,59,0,1961,166.7,27,8.2545540423522,144.0,6.5,1004.7024435125059
1751368511.5682461,63,0,1961,166.7,27,16.04919252852122,148.0,4.0,1004.7024435125059
1751368511.700185,69,0,1961,166.7,27,30.329057998130782,142.0,-6.0,1004.7024435125059
1751368511.8063822,52,0,1926,166.7,27,1695.2154184388426,25.0,-117.0,1002.3003541853111
1751368511.937918,77,0,1926,166.7,27,1368.2636190240078,125.0,100.0,1002.3003541853111
1751368512.039531,54,0,1926,166.7,27,1771.294397095372,29.0,-96.0,1002.3003541853111
1751368512.161424,81,0,1926,166.7,27,1665.4846454866297,146.0,117.0,1002.3003541853111
1751368512.303169,60,0,1926,166.7,27,7.05621175849115,152.5,6.5,1002.3003541853111
1751368512.406822,70,0,1926,166.7,27,473.28934088732643,151.5,-1.0,1002.3003541853111
1751368512.536203,66,0,1926,166.7,27,17.285849630459737,160.0,8.5,1002.3003541853111
1751368512.6526852,63,0,1926,166.7,27,12.138685704290385,161.5,1.5,1002.3003541853111
1751368512.77425,53,0,1926,166.7,27,1481.088496266253,49.5,-112.0,1002.3003541853111
1751368512.8771148,80,0,1967,177.0,27,1758.7744468423214,147.0,97.5,1004.877604487233
1751368513.002153,68,0,1967,177.0,27,23.998992962178864,150.5,3.5,1004.877604487233
1751368513.1236732,58,0,1967,177.0,27,8.228481745237675,145.5,-5.0,1004.877604487233
1751368513.258065,59,0,1967,177.0,27,7.442317349066229,150.5,5.0,1004.877604487233
1751368513.386098,63,0,1967,177.0,27,15.619876845043358,150.5,0.0,1004.877604487233
1751368513.477013,61,0,1967,177.0,27,10.99323522088406,150.5,0.0,1004.877604487233
1751368513.611113,60,0,1967,177.0,27,10.546040553710757,146.5,-4.0,1004.877604487233
1751368513.7325811,54,0,1967,177.0,27,1483.94352847913,42.5,-104.0,1004.877604487233
1751368513.848043,74,0,1967,177.0,27,1524.3585884332742,118.0,75.5,1004.877604487233
1751368513.964407,85,1,1802,177.0,27,438.3006818733161,115.5,-2.5,1003.5382404273391
1751368514.087713,86,1,1802,177.0,27,25.634761626105032,129.0,13.5,1003.5382404273391
1751368514.1973639,75,1,1802,177.0,27,486.7660914774942,38.0,-91.0,1003.5382404273391
1751368514.324704,90,1,1802,177.0,27,1351.1768056073988,100.0,62.0,1003.5382404273391
1751368514.450681,87,1,1802,177.0,27,1349.3278306120606,113.5,13.5,1003.5382404273391
1751368514.556483,82,1,1802,177.0,27,9.448865159553497,147.0,33.5,1003.5382404273391
1751368514.673839,77,1,1802,177.0,27,8.52107665772093,139.0,-8.0,1003.5382404273391
1751368514.800483,82,1,1802,177.0,27,17.667750852044456,138.5,-0.5,1003.5382404273391
1751368514.915166,75,1,1802,177.0,27,0.0,147.5,9.0,1003.5382404273391
1751368515.040107,63,1,1793,177.0,18,0.0,92.0,-55.5,1003.614966010372
1751368515.171106,68,1,1793,177.0,18,0.0,91.0,-1.0,1003.614966010372
1751368515.278636,72,1,1793,177.0,18,9.299802665129377,80.0,-11.0,1003.614966010372
1751368515.39715,76,1,1793,177.0,18,11.931267565620349,95.0,15.0,1003.614966010372
1751368515.536042,72,1,1793,177.0,18,7.206695521141716,94.5,-0.5,1003.614966010372
1751368515.728673,71,1,1793,177.0,18,5.18863926231161,89.0,-5.5,1003.614966010372
1751368515.9212549,71,1,1793,177.0,18,7.342858170433087,80.0,-9.0,1003.614966010372
1751368516.131328,50,0,1344,177.0,18,6.736268687422248,80.5,0.5,1005.9045680381415
1751368516.248307,63,0,1344,177.0,18,1443.1257171476154,91.5,11.0,1005.9045680381415
1751368516.380311,61,0,1344,177.0,18,1280.4830107207881,79.0,-12.5,1005.9045680381415
1751368516.4781702,52,0,1344,177.0,18,10.219092774060881,74.5,-4.5,1005.9045680381415
1751368516.598181,52,0,1344,177.0,18,8.334285129525751,85.0,10.5,1005.9045680381415
1751368516.7385228,62,0,1344,177.0,18,1204.4473491867218,87.0,2.0,1005.9045680381415
1751368516.837543,62,0,1344,177.0,18,1705.5681866750301,87.0,0.0,1005.9045680381415
1751368516.9567869,56,0,1344,177.0,18,1737.179011532912,24.5,-62.5,1005.9045680381415
1751368517.0889459,48,0,1761,177.0,18,0.0,21.0,-3.5,1010.2895624522704
1751368517.2054741,68,0,1761,177.0,18,1788.2577021445586,65.5,44.5,1010.2895624522704
1751368517.3624609,60,0,1761,177.0,18,6.3682829656981825,124.5,59.0,1010.2895624522704
1751368517.4831328,70,0,1761,177.0,18,16.583749972817117,171.5,47.0,1010.2895624522704
1751368517.599091,53,0,1761,177.0,18,430.7427500463755,68.0,-103.5,1010.2895624522704
1751368517.7523708,50,0,1761,177.0,18,0.0,80.0,12.0,1010.2895624522704
1751368517.884164,74,0,1761,177.0,18,410.1419222232033,137.5,57.5,1010.2895624522704
1751368518.0102751,75,0,1761,177.0,18,25.06918420186603,181.0,43.5,1010.2895624522704
1751368518.112729,76,0,1846,177.0,18,35.18299739638675,192.5,11.5,1008.5618473846807
1751368518.252723,68,0,1846,177.0,18,1193.4991252654079,163.0,-29.5,1008.5618473846807
1751368518.363275,51,0,1846,177.0,18,1955.3587025018373,31.5,-131.5,1008.5618473846807
1751368518.487895,93,0,1846,177.0,18,391.7976905948458,201.5,170.0,1008.5618473846807
1751368518.603963,73,0,1846,177.0,18,8.616975073395118,250.5,49.0,1008.5618473846807
1751368518.716204,48,0,1846,177.0,18,1497.3748084604506,91.5,-159.0,1008.5618473846807
1751368518.8370602,83,0,1846,177.0,18,1588.4659503816606,185.5,94.0,1008.5618473846807
1751368518.9625359,75,0,1846,177.0,18,17.822392438153518,219.0,33.5,1008.5618473846807
1751368519.090047,61,0,1846,177.0,18,1382.6669087587275,143.5,-75.5,1008.5618473846807
1751368519.2044008,64,0,1523,177.0,18,183.86961890109507,125.5,-18.0,999.94249834678
1751368519.3195908,81,0,1523,177.0,18,1509.7099687635755,196.5,71.0,999.94249834678
1751368519.443786,60,0,1523,177.0,18,8.053656429113182,182.5,-14.0,999.94249834678
1751368519.558989,60,0,1523,177.0,18,8.679654163407376,172.5,-10.0,999.94249834678
1751368519.708384,59,0,1523,177.0,18,26.770515633352215,124.5,-48.0,999.94249834678
1751368519.836268,76,0,1523,177.0,18,31.281283677708295,171.5,47.0,999.94249834678
1751368519.958685,62,0,1523,177.0,18,33.694285654625055,129.5,-42.0,999.94249834678
1751368520.092098,56,0,1523,177.0,18,10.602118767198155,127.5,-2.0,999.94249834678
1751368520.202322,72,0,1840,177.0,18,1578.2437589975045,151.5,24.0,1009.9871286308554
1751368520.31735,61,0,1840,177.0,18,1511.9211049637984,112.0,-39.5,1009.9871286308554
1751368520.4373848,57,0,1840,177.0,18,408.6428653372636,49.0,-63.0,1009.9871286308554
1751368520.559155,77,0,1840,177.0,18,1798.5405462860333,138.5,89.5,1009.9871286308554
1751368520.728617,66,0,1840,177.0,18,1117.6511355569119,128.5,-10.0,1009.9871286308554
1751368520.844939,81,0,1840,177.0,18,19.22371116784104,217.5,89.0,1009.9871286308554
1751368520.9686909,76,0,1840,177.0,18,22.85673066391687,224.0,6.5,1009.9871286308554
1751368521.085092,73,0,1840,177.0,18,25.77472613009742,210.0,-14.0,1009.9871286308554
1751368521.21436,69,0,1847,177.0,18,17.293116610058778,200.5,-9.5,1008.5841561317528
1751368521.314377,67,0,1847,177.0,18,10.001702598489599,205.5,5.0,1008.5841561317528
1751368521.4391522,64,0,1847,177.0,18,11.335112309842046,193.5,-12.0,1008.5841561317528
1751368521.554642,66,0,1847,177.0,18,17.31452019055325,182.5,-11.0,1008.5841561317528
1751368521.67952,68,0,1847,177.0,18,11.324854328821935,200.0,17.5,1008.5841561317528
1751368521.8017101,48,0,1847,177.0,18,359.56036047423646,37.5,-162.5,1008.5841561317528
1751368521.921122,54,0,1847,177.0,18,11.842724233761635,31.5,-6.0,1008.5841561317528
1751368522.051144,48,0,1847,177.0,18,0.0,26.5,-5.0,1008.5841561317528
1751368522.161876,68,0,1847,177.0,18,1981.4936223492994,65.0,38.5,1008.5841561317528
1751368522.293159,80,0,1910,177.0,18,1371.9261690348503,155.0,90.0,1001.9795407092902
1751368522.402038,63,0,1910,177.0,18,12.989214274799625,161.0,6.0,1001.9795407092902
1751368522.529674,59,0,1910,177.0,18,7.831403631610885,157.0,-4.0,1001.9795407092902
1751368522.6468558,66,0,1910,177.0,18,17.067916758226108,164.5,7.5,1001.9795407092902
1751368522.761534,61,0,1910,177.0,18,8.719078513831231,165.5,1.0,1001.9795407092902
1751368522.880448,57,0,1910,177.0,18,1480.1488140919055,99.5,-66.0,1001.9795407092902
1751368523.007858,54,0,1910,177.0,18,11.100667355695185,92.0,-7.5,1001.9795407092902
1751368523.1366038,80,0,1910,177.0,18,1367.8425928626427,167.0,75.0,1001.9795407092902
1751368523.245962,53,0,1910,177.0,18,28.89562420297958,60.0,-107.0,1001.9795407092902
1751368523.363903,82,0,1659,177.0,7,458.9408311169982,167.5,107.5,1003.9452176289302
1751368523.4778209,54,0,1659,177.0,7,1792.5272959273268,73.0,-94.5,1003.9452176289302
1751368523.61724,80,0,1659,177.0,7,1248.8528919146552,166.0,93.0,1003.9452176289302
1751368523.7185862,69,0,1659,177.0,7,35.572126495151394,157.5,-8.5,1003.9452176289302
1751368523.843088,50,0,1659,177.0,7,318.28434653560004,31.5,-126.0,1003.9452176289302
1751368524.1251352,82,0,1659,177.0,7,154.47902606400746,153.5,122.0,1003.9452176289302
1751368524.446761,74,0,1419,149.6,64,544.389671328817,68.0,-85.5,1007.187172277328
1751368524.565755,98,0,1419,149.6,64,1496.2479595914215,158.5,90.5,1007.187172277328
1751368524.6737988,74,0,1419,149.6,64,1647.8541262912431,76.5,-82.0,1007.187172277328
1751368524.8174238,67,0,1419,149.6,64,0.0,74.0,-2.5,1007.187172277328
1751368524.920676,99,0,1419,149.6,64,1704.0056152170264,162.5,88.5,1007.187172277328
1751368525.041131,82,0,1419,149.6,64,8.301311409220636,174.5,12.0,1007.187172277328
1751368525.170738,82,0,1419,149.6,64,15.432093042080128,166.0,-8.5,1007.187172277328
1751368525.276567,73,0,1419,149.6,64,1644.1728003188912,71.5,-94.5,1007.187172277328
1751368525.424489,123,1,1809,149.6,68,1190.5664626500381,173.0,101.5,1007.8258778181875
1751368525.540382,94,1,1809,149.6,68,1526.920947809004,72.0,-101.0,1007.8258778181875
1751368525.643038,123,1,1809,149.6,68,1714.4927901578556,175.0,103.0,1007.8258778181875
1751368525.752073,93,1,1809,149.6,68,1605.0938134672817,72.0,-103.0,1007.8258778181875
1751368525.877196,89,1,1809,149.6,68,0.0,78.0,6.0,1007.8258778181875
1751368526.006083,118,1,1809,149.6,68,1358.3649823115813,157.0,79.0,1007.8258778181875
1751368526.119982,94,1,1809,149.6,68,1536.786028116194,65.0,-92.0,1007.8258778181875
1751368526.240821,119,1,1809,149.6,68,1473.0735424888655,153.0,88.0,1007.8258778181875
1751368526.3557,95,1,1809,149.6,68,1559.1340882232237,68.0,-85.0,1007.8258778181875
1751368526.483147,82,0,1969,136.7,61,24.80467130302752,67.5,-0.5,998.8758681638075
1751368526.602155,100,0,1969,136.7,61,1472.6488737317572,156.5,89.0,998.8758681638075
1751368526.727513,76,0,1969,136.7,61,1418.5285299663763,71.5,-85.0,998.8758681638075
1751368526.859715,100,0,1969,136.7,61,1347.0397600434987,160.5,89.0,998.8758681638075
1751368526.961552,81,0,1969,136.7,61,9.817575791622193,161.0,0.5,998.8758681638075
1751368527.087301,80,0,1969,136.7,61,11.24633192622272,153.5,-7.5,998.8758681638075
1751368527.197954,74,0,1969,136.7,61,1627.509816965615,53.5,-100.0,998.8758681638075
1751368527.324784,101,0,1969,136.7,61,1412.8864807168832,154.0,100.5,998.8758681638075
1751368527.448388,80,0,1969,136.7,61,8.087213719115985,156.5,2.5,998.8758681638075
1751368527.557756,74,0,1926,107.5,65,1628.3225111598044,55.5,-101.0,1003.5407316098335
1751368527.694033,101,0,1926,107.5,65,1299.6852783399886,155.5,100.0,1003.5407316098335
1751368527.8006232,71,0,1926,107.5,65,382.80159375578285,24.5,-131.0,1003.5407316098335
1751368527.923593,87,0,1926,107.5,65,1759.4061347339368,56.0,31.5,1003.5407316098335
1751368528.0390751,81,0,1926,107.5,65,1882.0822949442693,21.5,-34.5,1003.5407316098335
1751368528.162028,101,0,1926,107.5,65,333.34974044049517,143.0,121.5,1003.5407316098335
1751368528.284526,80,0,1926,107.5,65,8.162331836819686,152.0,9.0,1003.5407316098335
1751368528.400224,77,0,1926,107.5,65,8.645429117360305,141.0,-11.0,1003.5407316098335
1751368528.5246952,81,0,1926,107.5,65,11.359685620120272,149.0,8.0,1003.5407316098335
1751368528.6363578,93,1,1793,143.2,65,1603.4238695382257,45.0,-104.0,1005.243254142996
1751368528.7527812,118,1,1793,143.2,65,1545.9330249870814,140.0,95.0,1005.243254142996
1751368528.887049,94,1,1793,143.2,65,1326.322288583802,46.5,-93.5,1005.243254142996
1751368529.001434,119,1,1793,143.2,65,1556.4646810878296,145.5,99.0,1005.243254142996
1751368529.132025,95,1,1793,143.2,65,1355.6960079282526,58.0,-87.5,1005.243254142996
1751368529.243478,94,1,1793,143.2,65,12.680706933370365,53.5,-4.5,1005.243254142996
1751368529.361119,116,1,1793,143.2,65,1530.8594217392247,136.0,82.5,1005.243254142996
1751368529.469685,96,1,1793,143.2,65,1648.925075581408,57.0,-79.0,1005.243254142996
1751368529.644297,50,0,1360,143.2,21,5.725472958861213,58.0,1.0,1005.98508935272
1751368529.772464,58,0,1360,143.2,21,81.46003503140021,22.0,-36.0,1005.98508935272
1751368529.879505,66,0,1360,143.2,21,112.53162939061319,63.5,41.5,1005.98508935272
1751368530.007173,62,0,1360,143.2,21,1316.7436007849599,60.0,-3.5,1005.98508935272
1751368530.121394,62,0,1360,143.2,21,1487.8961999507494,65.0,5.0,1005.98508935272
1751368530.242833,50,0,1360,143.2,21,8.232422480696231,54.0,-11.0,1005.98508935272
1751368530.349082,67,0,1360,143.2,21,1783.8412975420579,104.0,50.0,1005.98508935272
1751368530.508358,69,0,1360,143.2,21,19.855203392675715,157.5,53.5,1005.98508935272
1751368530.6494951,73,0,1875,143.2,21,15.846737320157404,199.5,42.0,1003.9143389751937
1751368530.755945,67,0,1875,143.2,21,1899.9944565078126,160.5,-39.0,1003.9143389751937
1751368530.883188,70,0,1875,143.2,21,1317.5350638407886,154.5,-6.0,1003.9143389751937
1751368531.012405,73,0,1875,143.2,21,24.47416571020623,178.5,24.0,1003.9143389751937
1751368531.119804,70,0,1875,143.2,21,27.94178439619298,167.5,-11.0,1003.9143389751937
1751368531.226756,54,0,1875,143.2,21,0.0,153.0,-14.5,1003.9143389751937
1751368531.356718,75,0,1875,143.2,21,32.65501297314582,172.5,19.5,1003.9143389751937
1751368531.4866612,65,0,1875,143.2,21,7.695914158428195,187.5,15.0,1003.9143389751937
1751368531.5934248,59,0,1875,143.2,21,0.0,186.5,-1.0,1003.9143389751937
1751368531.724276,94,1,1795,143.2,21,357.32073549596106,184.5,-2.0,1003.1595087522223
1751368531.841269,91,1,1795,143.2,21,394.0414425255757,172.0,-12.5,1003.1595087522223
1751368531.951241,84,1,1795,143.2,21,437.12476228687785,136.0,-36.0,1003.1595087522223
1751368532.0745,73,1,1795,143.2,21,1509.9203555092247,32.0,-104.0,1003.1595087522223
1751368532.200406,99,1,1795,143.2,21,1382.277875594483,138.5,106.5,1003.1595087522223
1751368532.364822,73,1,1795,143.2,21,19.24555278289966,88.5,-50.0,1003.1595087522223
1751368532.484419,80,1,1795,143.2,21,60.82013892738397,54.5,-34.0,1003.1595087522223
1751368532.599411,119,1,1795,143.2,21,506.5170320549561,293.5,239.0,1003.1595087522223
1751368532.728816,119,1,1791,143.2,21,273.8801098820467,984.5,691.0,1013.2734083158405
1751368532.834806,104,1,1791,143.2,21,48.10311635059575,1036.0,51.5,1013.2734083158405
1751368532.952107,68,1,1791,143.2,21,8.529290111092358,583.5,-452.5,1013.2734083158405
1751368533.0838678,64,1,1791,143.2,21,139.2729438719303,92.5,-491.0,1013.2734083158405
1751368533.1997812,81,1,1791,143.2,21,167.5116834520839,66.5,-26.0,1013.2734083158405
1751368533.388903,84,1,1791,143.2,21,97.50983353649507,72.0,5.5,1013.2734083158405
1751368533.468174,84,1,1791,143.2,21,0,0,0,1013.2734083158405
1751368533.600592,119,1,1791,143.2,21,34.06138512674659,411.5,339.5,1013.2734083158405
1751368533.7162628,67,0,1528,188.7,21,31.169417817889673,307.0,-104.5,1002.8938129233823
1751368533.833014,73,0,1528,188.7,21,27.085613018756508,272.5,-34.5,1002.8938129233823
1751368533.955498,65,0,1528,188.7,21,69.27505096690459,189.5,-83.0,1002.8938129233823
1751368534.073519,54,0,1528,188.7,21,8.473563952184604,150.5,-39.0,1002.8938129233823
1751368534.196125,76,0,1528,188.7,21,41.58355455258554,184.5,34.0,1002.8938129233823
1751368534.3139021,74,0,1528,188.7,21,33.967132661841376,189.0,4.5,1002.8938129233823
1751368534.4345129,52,0,1528,188.7,21,18.536725325966298,116.5,-72.5,1002.8938129233823
1751368534.5593972,54,0,1528,188.7,21,16.016404741947987,97.0,-19.5,1002.8938129233823
1751368534.6708732,61,0,1528,188.7,21,45.73355132567845,82.5,-14.5,1002.8938129233823
1751368534.81252,54,0,1768,188.7,12,15.788554737533758,57.0,-25.5,1007.905749561932
1751368534.966454,46,0,1768,188.7,12,0.0,34.5,-22.5,1007.905749561932
1751368535.1593611,46,0,1768,188.7,12,0,0,0,1007.905749561932
1751368535.278303,46,0,1768,188.7,12,0,0,0,1007.905749561932
1751368535.409049,46,0,1768,188.7,12,0,0,0,1007.905749561932
1751368535.518166,68,0,1768,188.7,12,60.903625401970245,84.0,49.5,1007.905749561932
1751368535.64204,61,0,1768,188.7,12,1469.4121001038195,63.0,-21.0,1007.905749561932
1751368535.746899,54,0,1768,188.7,12,9.539794024527822,70.0,7.0,1007.905749561932
1751368535.879882,66,0,1840,188.7,12,1353.2840957650358,92.5,22.5,1017.6060141331712
1751368536.016706,60,0,1840,188.7,12,1300.8318219614448,54.5,-38.0,1017.6060141331712
1751368536.1135821,60,0,1840,188.7,12,0,0,0,1017.6060141331712
1751368536.267478,0,0,1840,188.7,12,0,0,0,1017.6060141331712
1751368536.3884008,0,0,1840,188.7,12,0,0,0,1017.6060141331712
1751368536.517984,0,0,1840,188.7,12,0,0,0,1017.6060141331712
1751368536.631008,0,0,1840,188.7,12,0,0,0,1017.6060141331712
1751368536.7568069,60,0,1840,188.7,12,215.26408124353196,17.0,-37.5,1017.6060141331712
1751368536.867713,73,1,1805,188.7,12,9.017952896759018,19.0,2.0,1035.939670058059
1751368537.000533,72,1,1805,188.7,12,7.534375566968271,14.0,-5.0,1035.939670058059
1751368537.108768,84,1,1805,188.7,12,29.19089347112367,26.0,12.0,1035.939670058059
1751368537.239957,84,1,1805,188.7,12,0,0,0,1035.939670058059
1751368537.343467,84,1,1805,188.7,12,0,0,0,1035.939670058059
1751368537.4761028,84,1,1805,188.7,12,0,0,0,1035.939670058059
1751368537.5884721,73,1,1805,188.7,12,11.792094329563868,12.0,-14.0,1035.939670058059
1751368537.7133272,92,1,1805,188.7,12,571.0070886648598,91.0,79.0,1035.939670058059
1751368537.840058,72,1,1805,188.7,12,0.0,112.0,21.0,1035.939670058059
1751368537.961707,113,1,1810,188.7,12,379.58924743325514,250.5,138.5,1011.7697366495995
1751368538.117973,104,1,1810,188.7,12,45.27742572905275,307.0,56.5,1011.7697366495995
1751368538.234346,67,1,1810,188.7,12,214.60870775421154,119.5,-187.5,1011.7697366495995
1751368538.3706381,81,1,1810,188.7,12,16.41044330257734,127.5,8.0,1011.7697366495995
1751368538.467665,90,1,1810,188.7,12,32.57961897255516,143.0,15.5,1011.7697366495995
1751368538.59277,85,1,1810,188.7,12,505.6756248330308,125.0,-18.0,1011.7697366495995
1751368538.71464,85,1,1810,188.7,12,0,0,0,1011.7697366495995
1751368538.827487,79,1,1810,188.7,12,221.21260132328533,78.0,-47.0,1011.7697366495995
1751368538.961898,113,1,1814,188.7,12,59.99017167872056,225.0,147.0,1008.8379453608989
1751368539.0707042,96,1,1814,188.7,12,55.143466923767996,215.0,-10.0,1008.8379453608989
1751368539.198936,103,1,1814,188.7,12,449.08505463719223,259.0,44.0,1008.8379453608989
1751368539.314837,96,1,1814,188.7,12,8.627077681265542,343.0,84.0,1008.8379453608989
1751368539.427405,67,1,1814,188.7,12,539.4286100533092,126.0,-217.0,1008.8379453608989
1751368539.554503,85,1,1814,188.7,12,11.128178019424313,162.5,36.5,1008.8379453608989
1751368539.673171,115,1,1814,188.7,12,67.94707373832239,330.5,168.0,1008.8379453608989
1751368539.8108852,97,1,1814,188.7,12,39.09743503451289,318.5,-12.0,1008.8379453608989
1751368539.935929,109,1,1814,188.7,12,39.99809274231232,425.5,107.0,1008.8379453608989
1751368540.082577,79,1,1783,86.0,12,53.25746703233303,226.5,-199.0,1022.9633424517225
1751368540.19186,116,1,1783,86.0,12,65.96905056865481,402.0,175.5,1022.9633424517225
1751368540.327283,93,1,1783,86.0,12,7.388045057819505,462.5,60.5,1022.9633424517225
1751368540.435571,95,1,1783,86.0,12,13.054190933514066,508.5,46.0,1022.9633424517225
1751368540.5657191,82,1,1783,86.0,12,10.867534488031106,442.0,-66.5,1022.9633424517225
1751368540.6682382,90,1,1783,86.0,12,21.80784876238895,397.5,-44.5,1022.9633424517225
1751368540.798472,116,1,1783,86.0,12,1425.0068679349304,568.0,170.5,1022.9633424517225
1751368540.909347,87,1,1783,86.0,12,1699.5770680929645,454.0,-114.0,1022.9633424517225
1751368541.0286531,68,1,1783,86.0,12,79.13417115600359,134.5,-319.5,1022.9633424517225
1751368541.150692,65,0,1950,86.0,12,16.377058941815676,149.0,14.5,1015.359049794702
1751368541.265768,99,0,1950,86.0,12,78.69320249878342,468.0,319.0,1015.359049794702
1751368541.388427,74,0,1950,86.0,12,18.227585362927528,478.5,10.5,1015.359049794702
1751368541.505119,64,0,1950,86.0,12,0.0,479.0,0.5,1015.359049794702
1751368541.645021,99,0,1950,86.0,12,1352.6205905848942,706.5,227.5,1015.359049794702
1751368541.749577,59,0,1950,86.0,12,1800.1034414703277,458.5,-248.0,1015.359049794702
1751368541.917365,93,0,1950,86.0,12,336.7367242408741,598.5,140.0,1015.359049794702
1751368542.031616,59,0,1950,86.0,12,515.9998166217056,339.5,-259.0,1015.359049794702
1751368542.155931,86,0,1905,86.0,8,40.220785945800806,405.0,65.5,1027.889585510039
1751368542.2675571,74,0,1905,86.0,8,20.031415633208056,400.0,-5.0,1027.889585510039
1751368542.3996391,68,0,1905,86.0,8,136.61317692748827,289.0,-111.0,1027.889585510039
1751368542.519166,76,0,1905,86.0,8,50.839634004766424,261.0,-28.0,1027.889585510039
1751368542.657036,66,0,1905,86.0,8,184.92118669633226,183.0,-78.0,1027.889585510039
1751368542.758794,68,0,1905,86.0,8,0.0,226.5,43.5,1027.889585510039
1751368542.872204,77,0,1905,86.0,8,27.879192769231963,221.0,-5.5,1027.889585510039
1751368542.989774,58,0,1905,86.0,8,85.48484172893276,128.5,-92.5,1027.889585510039
1751368543.104515,69,0,1905,86.0,8,38.97629468970348,134.0,5.5,1027.889585510039
1751368543.24325,113,1,1818,86.0,60,138.62712902269877,158.0,24.0,1005.6107596878626
1751368543.346644,106,1,1818,86.0,60,21.63135272180694,156.0,-2.0,1005.6107596878626
1751368543.48068,109,1,1818,86.0,60,44.76303670751208,149.0,-7.0,1005.6107596878626
1751368543.588607,105,1,1818,86.0,60,47.24211894655985,127.5,-21.5,1005.6107596878626
1751368543.710352,115,1,1818,86.0,60,187.27892831892254,162.0,34.5,1005.6107596878626
1751368543.831087,120,1,1818,86.0,60,68.31145993285072,200.5,38.5,1005.6107596878626
1751368543.95406,110,1,1818,86.0,60,16.26093142718682,205.5,5.0,1005.6107596878626
1751368544.0641952,124,1,1818,86.0,60,37.44945346298412,259.5,54.0,1005.6107596878626
1751368544.187629,97,1,1818,86.0,60,11.454561538224517,185.0,-74.5,1005.6107596878626
1751368544.3047402,129,1,1794,86.0,55,631.2752083864387,571.0,386.0,998.7256880645456
1751368544.5959492,96,1,1794,86.0,55,10.859819640325867,544.0,-27.0,998.7256880645456
1751368544.750367,95,1,1794,86.0,55,20.48184898630412,452.5,-91.5,998.7256880645456
1751368544.893327,96,1,1794,86.0,55,1674.663115123428,329.5,-123.0,998.7256880645456
1751368544.988477,124,1,1794,86.0,55,2464.098352549606,484.5,155.0,998.7256880645456
1751368545.11442,99,1,1794,86.0,55,44.905721067413545,392.5,-92.0,998.7256880645456
1751368545.2263029,76,1,1794,86.0,55,616.9251484721345,120.0,-272.5,998.7256880645456
1751368545.3766642,100,1,1785,86.0,50,27.416279315749712,145.5,25.5,997.8085988805668
1751368545.4678552,107,1,1785,86.0,50,178.5520981733875,180.5,35.0,997.8085988805668
1751368545.599679,98,1,1785,86.0,50,46.14555638091438,157.0,-23.5,997.8085988805668
1751368545.7069812,105,1,1785,86.0,50,20.83689480474309,197.0,40.0,997.8085988805668
1751368545.8428621,97,1,1785,86.0,50,16.457294576263376,189.0,-8.0,997.8085988805668
1751368545.954967,119,1,1785,86.0,50,406.8599774285842,290.5,101.5,997.8085988805668
1751368546.145141,117,1,1785,86.0,50,193.05039875776438,371.0,80.5,997.8085988805668
1751368546.2660182,74,1,1785,86.0,50,122.14963809815102,85.5,-285.5,997.8085988805668
1751368546.396698,93,1,1799,86.0,56,30.604690700868858,82.5,-3.0,1015.2817342984163
1751368546.504715,94,1,1799,86.0,56,55.55970513366788,89.5,7.0,1015.2817342984163
1751368546.633566,84,1,1799,86.0,56,15.521668254864046,65.5,-24.0,1015.2817342984163
1751368546.7397,85,1,1799,86.0,56,9.423136459323263,77.5,12.0,1015.2817342984163
1751368546.865128,85,1,1799,86.0,56,0,0,0,1015.2817342984163
1751368546.99678,89,1,1799,86.0,56,113.06005316208915,33.5,-44.0,1015.2817342984163
1751368547.111587,85,1,1799,86.0,56,12.318910423972492,34.0,0.5,1015.2817342984163
1751368547.23026,88,1,1799,86.0,56,16.853765804283054,45.5,11.5,1015.2817342984163
1751368547.359221,95,1,1799,86.0,56,71.500948910373,61.5,16.0,1015.2817342984163
1751368547.470122,89,1,1806,86.0,59,1560.29099804885,16.5,-45.0,1003.9412333398803
1751368547.645427,91,1,1806,86.0,59,24.200640826085348,21.0,4.5,1003.9412333398803
1751368547.7462258,95,1,1806,86.0,59,1598.4286822178092,32.5,11.5,1003.9412333398803
1751368547.873003,93,1,1806,86.0,59,1263.0506243409566,23.5,-9.0,1003.9412333398803
1751368548.027552,82,1,1806,86.0,59,9.148628858967683,10.5,-13.0,1003.9412333398803
1751368548.258759,105,1,1806,86.0,59,707.5765639494075,113.0,102.5,1003.9412333398803
1751368548.396533,129,1,1806,86.0,59,471.9725641793577,406.5,293.5,1003.9412333398803
1751368548.505912,64,0,1918,86.0,68,692.6456431803492,41.0,-365.5,998.9484471182684
1751368548.6425018,106,0,1918,86.0,68,73.2123107859018,171.0,130.0,998.9484471182684
1751368548.749418,89,0,1918,86.0,68,52.9137232210965,154.0,-17.0,998.9484471182684
1751368548.87797,95,0,1918,86.0,68,17.39575780372311,205.0,51.0,998.9484471182684
1751368548.9886878,105,0,1918,86.0,68,32.55753171598279,266.5,61.5,998.9484471182684
1751368549.122167,94,0,1918,86.0,68,16.757101925178453,283.0,16.5,998.9484471182684
1751368549.22441,88,0,1918,86.0,68,65.58733810633335,203.5,-79.5,998.9484471182684
1751368549.369209,98,0,1918,86.0,68,28.481390307368816,216.0,12.5,998.9484471182684
1751368549.4730072,102,1,1805,86.0,66,21.539545409717693,163.5,-52.5,1001.1258662126356
1751368549.580836,101,1,1805,86.0,66,29.328183862665174,117.0,-46.5,1001.1258662126356
1751368549.706401,102,1,1805,86.0,66,23.891453851557902,115.0,-2.0,1001.1258662126356
1751368549.870317,95,1,1805,86.0,66,24.40375571830658,58.5,-56.5,1001.1258662126356
1751368549.993247,103,1,1805,86.0,66,1415.8998019329078,55.5,-3.0,1001.1258662126356
1751368550.10391,101,1,1805,86.0,66,1554.6679179869518,33.5,-22.0,1001.1258662126356
1751368550.3098722,94,1,1805,86.0,66,15.357805648623813,15.0,-18.5,1001.1258662126356
1751368550.429142,94,1,1805,86.0,66,8.380478935432631,28.0,13.0,1001.1258662126356
1751368550.5541928,99,1,1793,86.0,66,22.623274552677895,20.5,-7.5,1009.0867157980032
1751368550.661814,96,1,1793,86.0,66,13.138477557840309,24.0,3.5,1009.0867157980032
1751368550.781686,93,1,1793,86.0,66,8.343071515667488,30.5,6.5,1009.0867157980032
1751368550.91402,100,1,1793,86.0,66,23.894162161418702,28.5,-2.0,1009.0867157980032
1751368551.035838,105,1,1793,86.0,66,1461.073188414324,45.5,17.0,1009.0867157980032
1751368551.169635,92,1,1793,86.0,66,7.476251165294456,44.0,-1.5,1009.0867157980032
1751368551.260535,103,1,1793,86.0,66,31.102776460276136,42.0,-2.0,1009.0867157980032
1751368551.380408,93,1,1793,86.0,66,8.342723023371457,44.0,2.0,1009.0867157980032
1751368551.5035672,95,1,1793,86.0,66,11.482833948644942,49.5,5.5,1009.0867157980032
1751368551.630286,83,1,1806,86.0,50,7.891639870777649,55.5,6.0,998.448296107515
1751368551.753186,85,1,1806,86.0,50,11.510129412400183,57.5,2.0,998.448296107515
1751368551.872701,93,1,1806,86.0,50,30.159902151656716,55.0,-2.5,998.448296107515
1751368551.986311,89,1,1806,86.0,50,1549.0637318491936,11.5,-43.5,998.448296107515
1751368552.11956,85,1,1806,86.0,50,10.615286437697142,19.0,7.5,998.448296107515
1751368552.238792,96,1,1806,86.0,50,1450.8554193736072,44.0,25.0,998.448296107515
1751368552.3417091,96,1,1806,86.0,50,0,0,0,998.448296107515
1751368552.546104,96,1,1806,86.0,50,0,0,0,998.448296107515
1751368552.6760268,0,0,1941,86.0,31,0,0,0,991.5321477390434
1751368552.784394,0,0,1941,86.0,31,0,0,0,991.5321477390434
1751368552.910344,0,0,1941,86.0,31,0,0,0,991.5321477390434
1751368553.029981,0,0,1941,86.0,31,0,0,0,991.5321477390434
1751368553.1572459,67,0,1941,86.0,31,193.91845065920575,76.5,32.5,991.5321477390434
1751368553.265228,62,0,1941,86.0,31,18.519165770726033,107.5,31.0,991.5321477390434
1751368553.387441,63,0,1941,86.0,31,44.07068296376611,97.0,-10.5,991.5321477390434
1751368553.509016,99,0,1941,86.0,31,132.61263916045255,296.0,199.0,991.5321477390434
1751368553.625607,110,1,1793,86.0,60,12.132180859603702,297.5,1.5,1011.8107530561236
1751368553.9119911,113,1,1793,86.0,60,216.42568440424722,239.5,-58.0,1011.8107530561236
1751368554.034325,85,1,1793,86.0,60,548.5128496492647,55.5,-184.0,1011.8107530561236
1751368554.146731,103,1,1793,86.0,60,1609.8128313744255,53.0,-2.5,1011.8107530561236
1751368554.269857,100,1,1793,86.0,60,1389.5732804832871,21.5,-31.5,1011.8107530561236
1751368554.384143,89,1,1793,86.0,60,0.0,25.0,3.5,1011.8107530561236
1751368554.503438,98,1,1793,86.0,60,11.854653015636062,59.5,34.5,1011.8107530561236
1751368554.635168,92,1,1793,86.0,60,7.597220712790083,56.5,-3.0,1011.8107530561236
1751368554.753691,89,1,1808,86.0,56,25.28765994561799,37.0,-19.5,1000.0844964301766
1751368554.869474,100,1,1808,86.0,56,1464.3881570885046,98.0,61.0,1000.0844964301766
1751368554.987247,85,1,1808,86.0,56,230.377404169789,12.0,-86.0,1000.0844964301766
1751368555.1046898,85,1,1808,86.0,56,0,0,0,1000.0844964301766
1751368555.235988,96,1,1808,86.0,56,64.4484183536577,33.0,21.0,1000.0844964301766
1751368555.350621,108,1,1808,86.0,56,1555.215904651556,134.5,101.5,1000.0844964301766
1751368555.5214589,87,1,1808,86.0,56,5.853600806102711,140.5,6.0,1000.0844964301766
1751368555.705471,88,1,1808,86.0,56,5.4343385396759585,148.5,8.0,1000.0844964301766
1751368555.8304372,96,1,1803,86.0,56,35.78794099276811,132.5,-16.0,1005.9632200035944
1751368555.951827,80,1,1803,86.0,56,16.476390070100113,65.5,-67.0,1005.9632200035944
1751368556.067341,0,1,1803,86.0,56,0,0,0,1005.9632200035944
1751368556.181866,90,1,1803,86.0,56,266.58463596224567,30.5,-35.0,1005.9632200035944
1751368556.300081,92,1,1803,86.0,56,659.9207503782148,11.5,-19.0,1005.9632200035944
1751368556.4224682,94,1,1803,86.0,56,634.1102917997337,17.5,6.0,1005.9632200035944
1751368556.550146,94,1,1803,86.0,56,0,0,0,1005.9632200035944
1751368556.6626,83,1,1803,86.0,56,9.311750815184029,11.0,-6.5,1005.9632200035944
2025-07-01 13:16:13,0,1,1802,166.7,79,0.00,0,0,1008
2025-07-01 13:16:13,90,1,1802,166.7,79,0.00,110,0,1008
2025-07-01 13:16:13,89,1,1802,166.7,79,10.72,57,-52,1008
2025-07-01 13:16:13,104,1,1802,166.7,79,1616.01,62,4,1008
2025-07-01 13:16:14,103,1,1802,166.7,79,1734.69,53,-9,1008
2025-07-01 13:16:14,107,1,1802,166.7,79,495.77,85,32,1008
2025-07-01 13:16:14,120,1,1802,166.7,79,46.09,165,80,1008
2025-07-01 13:16:14,91,1,1802,166.7,79,7.58,122,-43,1008
2025-07-01 13:16:14,78,0,1409,166.7,77,41.17,80,-42,1008
2025-07-01 13:16:14,71,0,1409,166.7,77,6.60,82,2,1008
2025-07-01 13:16:14,86,0,1409,166.7,77,1801.20,110,28,1008
2025-07-01 13:16:14,69,0,1409,166.7,77,8.01,85,-25,1008
2025-07-01 13:16:15,78,0,1409,166.7,77,23.60,76,-9,1008
2025-07-01 13:16:15,81,0,1409,166.7,77,26.14,81,5,1008
2025-07-01 13:16:15,82,0,1409,166.7,77,1339.42,79,-1,1008
2025-07-01 13:16:15,72,0,1409,166.7,77,9.17,84,4,1008
2025-07-01 13:16:15,74,0,1409,166.7,77,12.34,86,2,1008
2025-07-01 13:16:15,102,1,1798,166.7,65,631.67,70,-16,1008
2025-07-01 13:16:15,93,1,1798,166.7,65,9.06,66,-4,1008
2025-07-01 13:16:16,106,1,1798,166.7,65,1417.22,92,25,1008
2025-07-01 13:16:16,101,1,1798,166.7,65,25.97,88,-4,1008
2025-07-01 13:16:16,88,1,1798,166.7,65,0.00,83,-4,1008
2025-07-01 13:16:16,101,1,1798,166.7,65,18.33,109,25,1008
2025-07-01 13:16:16,96,1,1798,166.7,65,18.14,93,-16,1008
2025-07-01 13:16:16,81,0,1909,166.7,73,1324.01,63,-30,1009
2025-07-01 13:16:16,90,0,1909,166.7,73,1306.19,111,48,1009
2025-07-01 13:16:16,83,0,1909,166.7,73,8.01,152,41,1009
2025-07-01 13:16:17,75,0,1909,166.7,73,1336.51,58,-94,1009
2025-07-01 13:16:17,83,0,1909,166.7,73,246.69,45,-12,1009
2025-07-01 13:16:17,98,0,1909,166.7,73,1485.24,138,92,1009
2025-07-01 13:16:17,75,0,1909,166.7,73,23.16,81,-56,1009
2025-07-01 13:16:17,80,0,1909,166.7,73,12.35,113,31,1009
2025-07-01 13:16:17,74,0,1909,166.7,73,7.84,113,0,1009
2025-07-01 13:16:17,76,0,1966,166.7,71,7.08,122,9,1006
2025-07-01 13:16:17,74,0,1966,166.7,71,15.34,89,-33,1006
2025-07-01 13:16:18,73,0,1966,166.7,71,7.53,88,0,1006
2025-07-01 13:16:18,80,0,1966,166.7,71,1694.49,47,-41,1006
2025-07-01 13:16:18,92,0,1966,166.7,71,1369.34,112,64,1006
2025-07-01 13:16:18,96,0,1966,166.7,71,62.42,157,45,1006
2025-07-01 13:16:18,83,0,1966,166.7,71,13.42,160,3,1006
2025-07-01 13:16:18,86,0,1966,166.7,71,16.42,164,4,1006
2025-07-01 13:16:18,74,0,1842,166.7,71,1611.16,66,-98,1002
2025-07-01 13:16:18,97,0,1842,166.7,71,1372.83,147,80,1002
2025-07-01 13:16:18,75,0,1842,166.7,71,1366.45,55,-91,1002
2025-07-01 13:16:19,81,0,1842,166.7,71,1530.15,30,-25,1002
2025-07-01 13:16:19,90,0,1842,166.7,71,494.87,94,64,1002
2025-07-01 13:16:19,77,0,1842,166.7,71,2052.31,28,-66,1002
2025-07-01 13:16:19,76,0,1842,166.7,71,11.08,42,14,1002
2025-07-01 13:16:19,100,0,1842,166.7,71,1351.53,148,106,1002
2025-07-01 13:16:19,78,0,1842,166.7,71,12.01,139,-9,1002
2025-07-01 13:16:19,86,1,1808,166.7,58,0.00,150,11,1005
2025-07-01 13:16:19,90,1,1808,166.7,58,8.70,154,4,1005
2025-07-01 13:16:20,86,1,1808,166.7,58,0.00,157,3,1005
2025-07-01 13:16:20,86,1,1808,166.7,58,8.27,141,-16,1005
2025-07-01 13:16:20,84,1,1808,166.7,58,1478.02,43,-97,1005
2025-07-01 13:16:20,113,1,1808,166.7,58,854.26,164,121,1005
2025-07-01 13:16:20,78,1,1808,166.7,58,79.83,11,-153,1005
2025-07-01 13:16:20,117,1,1808,166.7,58,71.39,164,153,1005
2025-07-01 13:16:20,87,0,1715,166.7,60,17.80,172,7,1011
2025-07-01 13:16:20,72,0,1715,166.7,60,1719.04,62,-110,1011
2025-07-01 13:16:21,103,0,1715,166.7,60,1134.72,173,111,1011
2025-07-01 13:16:21,81,0,1715,166.7,60,9.13,169,-3,1011
2025-07-01 13:16:21,78,0,1715,166.7,60,0.00,174,5,1011
2025-07-01 13:16:21,71,0,1715,166.7,60,1227.73,55,-119,1011
2025-07-01 13:16:21,72,0,1715,166.7,60,7.52,50,-5,1011
2025-07-01 13:16:21,101,0,1715,166.7,60,1326.43,158,108,1011
2025-07-01 13:16:21,73,0,1952,166.7,70,1398.22,50,-108,1003
2025-07-01 13:16:21,104,0,1952,166.7,70,1493.80,166,116,1003
2025-07-01 13:16:22,79,0,1952,166.7,70,3.47,168,2,1003
2025-07-01 13:16:22,74,0,1952,166.7,70,39.63,65,-103,1003
2025-07-01 13:16:22,80,0,1952,166.7,70,19.26,76,10,1003
2025-07-01 13:16:22,78,0,1952,166.7,70,1311.92,11,-65,1003
2025-07-01 13:16:22,90,0,1952,166.7,70,733.46,70,59,1003
2025-07-01 13:16:22,76,0,1453,166.7,66,105.56,11,-58,1004
2025-07-01 13:16:23,88,0,1453,166.7,66,1499.86,67,55,1004
2025-07-01 13:16:23,105,0,1453,166.7,66,1570.25,186,119,1004
2025-07-01 13:16:23,81,0,1453,166.7,66,6.09,185,0,1004
2025-07-01 13:16:23,93,0,1453,166.7,66,25.18,199,14,1004
2025-07-01 13:16:23,71,0,1453,166.7,66,1612.92,81,-118,1004
2025-07-01 13:16:23,78,0,1453,166.7,66,17.30,98,16,1004
2025-07-01 13:16:23,100,0,1453,166.7,66,1553.39,180,82,1004
2025-07-01 13:16:23,100,1,1786,166.7,70,0.00,188,8,1004
2025-07-01 13:16:24,103,1,1786,166.7,70,13.14,178,-10,1004
2025-07-01 13:16:24,104,1,1786,166.7,70,11.32,180,2,1004
2025-07-01 13:16:24,92,1,1786,166.7,70,1432.19,64,-116,1004
2025-07-01 13:16:24,93,1,1786,166.7,70,8.34,67,3,1004
2025-07-01 13:16:24,97,1,1786,166.7,70,12.57,89,22,1004
2025-07-01 13:16:24,94,1,1786,166.7,70,10.88,86,-3,1004
2025-07-01 13:16:24,99,1,1786,166.7,70,19.61,92,6,1004
2025-07-01 13:16:24,115,1,1786,166.7,70,1395.86,149,57,1004
2025-07-01 13:16:25,95,1,1803,166.7,66,1345.34,60,-89,1004
2025-07-01 13:16:25,90,1,1803,166.7,66,9.18,32,-28,1004
2025-07-01 13:16:25,90,1,1803,166.7,66,0.00,43,11,1004
2025-07-01 13:16:25,95,1,1803,166.7,66,12.03,42,-1,1004
2025-07-01 13:16:25,113,1,1803,166.7,66,1478.88,117,74,1004
2025-07-01 13:16:25,96,1,1803,166.7,66,1431.19,40,-76,1004
2025-07-01 13:16:25,114,1,1803,166.7,66,1399.97,118,78,1004
2025-07-01 13:16:25,105,1,1803,166.7,66,26.71,120,2,1004
2025-07-01 13:16:26,101,1,1803,166.7,66,23.13,115,-5,1004
2025-07-01 13:16:26,97,1,1805,166.7,64,1121.38,48,-67,1005
2025-07-01 13:16:26,98,1,1805,166.7,64,20.98,37,-10,1005
2025-07-01 13:16:26,112,1,1805,166.7,64,1860.40,109,72,1005
2025-07-01 13:16:26,94,1,1805,166.7,64,8.26,111,1,1005
2025-07-01 13:16:26,98,1,1805,166.7,64,1361.82,50,-61,1005
2025-07-01 13:16:26,94,1,1805,166.7,64,12.43,39,-11,1005
2025-07-01 13:16:26,111,1,1805,166.7,64,1307.52,105,66,1005
2025-07-01 13:17:28,0,0,1969,120.5,62,0.00,0,0,1002
2025-07-01 13:17:28,85,0,1969,120.5,62,1064807.83,105,3,1002
2025-07-01 13:17:28,85,0,1969,120.5,62,2249967.53,104,4,1002
2025-07-01 13:17:28,83,0,1969,120.5,62,937699.23,99,-9,1002
2025-07-01 13:17:28,85,0,1969,120.5,62,899180.14,106,0,1002
2025-07-01 13:17:28,84,0,1969,120.5,62,1210877.33,97,0,1002
2025-07-01 13:17:28,82,0,1969,120.5,62,937682.42,95,-17,1002
2025-07-01 13:17:28,82,0,1969,120.5,62,901884.02,105,-27,1002
2025-07-01 13:17:29,104,1,1801,120.5,62,791212.61,115,-13,1012
2025-07-01 13:17:29,104,1,1801,120.5,62,933302.08,118,-15,1012
2025-07-01 13:17:29,103,1,1801,120.5,62,1097901.76,113,-22,1012
2025-07-01 13:17:29,102,1,1801,120.5,62,764707.36,102,-22,1012
2025-07-01 13:17:29,101,1,1801,120.5,62,959861.53,96,-25,1012
2025-07-01 13:17:29,101,1,1801,120.5,62,874467.88,94,-21,1012
2025-07-01 13:17:29,102,1,1801,120.5,62,937682.42,100,-13,1012
2025-07-01 13:17:29,102,1,1801,120.5,62,2462892.78,93,-16,1012
2025-07-01 13:17:30,101,1,1801,120.5,62,763016.09,84,-28,1012
2025-07-01 13:17:30,86,0,1521,120.5,62,716938.35,115,19,1012
2025-07-01 13:17:30,79,0,1521,120.5,62,786742.48,78,-31,1012
2025-07-01 13:17:30,80,0,1521,120.5,62,794558.16,78,-27,1012
2025-07-01 13:17:30,80,0,1521,120.5,62,1147716.20,74,-29,1012
2025-07-01 13:17:30,88,0,1521,120.5,62,657698.37,113,34,1012
2025-07-01 13:17:30,84,0,1521,120.5,62,993063.15,90,18,1012
2025-07-01 13:17:30,80,0,1521,120.5,62,1037571.45,76,-28,1012
2025-07-01 13:17:31,87,0,1521,120.5,62,875107.87,109,33,1012
2025-07-01 13:17:31,101,1,1805,120.5,62,745171.62,75,-29,1004
2025-07-01 13:17:31,100,1,1805,120.5,62,1190296.55,75,-36,1004
2025-07-01 13:17:31,111,1,1805,120.5,62,1082401.03,121,47,1004
2025-07-01 13:17:31,112,1,1805,120.5,62,714015.05,127,48,1004
2025-07-01 13:17:31,112,1,1805,120.5,62,2621632.57,125,53,1004
2025-07-01 13:17:31,99,1,1805,120.5,62,1013692.22,72,-44,1004
2025-07-01 13:17:31,99,1,1805,120.5,62,698374.17,70,-47,1004
2025-07-01 13:17:32,110,1,1805,120.5,62,981.06,116,45,1004
2025-07-01 13:17:32,85,0,1457,198.7,62,1151561.13,82,29,1010
2025-07-01 13:17:32,85,0,1457,198.7,62,0.00,0,0,1010
2025-07-01 13:17:32,70,0,1457,198.7,62,224647.86,19,-122,1010
1751368680.128333,0,1,1453,120.2,64,0,0,0,991.9289289056953
1751368680.257615,0,1,1453,120.2,64,0,0,0,991.9289289056953
1751368680.332195,0,1,1453,120.2,64,0,0,0,991.9289289056953
1751368680.391335,0,1,1453,120.2,64,0,0,0,991.9289289056953
1751368680.503276,0,1,1453,120.2,64,0,0,0,991.9289289056953
1751368680.618979,0,1,1453,120.2,64,0,0,0,991.9289289056953
1751368680.729228,0,1,1453,120.2,64,0,0,0,991.9289289056953
1751368680.86047,0,1,1453,120.2,64,0,0,0,991.9289289056953
1751368681.025985,0,1,1827,120.2,64,0,0,0,1002.1761322242712
1751368681.1374679,0,1,1827,120.2,64,0,0,0,1002.1761322242712
1751368681.2691278,0,1,1827,120.2,64,0,0,0,1002.1761322242712
1751368681.371671,0,1,1827,120.2,64,0,0,0,1002.1761322242712
1751368681.496918,0,1,1827,120.2,64,0,0,0,1002.1761322242712
1751368681.630673,0,1,1827,120.2,64,0,0,0,1002.1761322242712
1751368681.7350621,0,1,1827,120.2,64,0,0,0,1002.1761322242712
1751368681.850989,0,1,1827,120.2,64,0,0,0,1002.1761322242712
1751368682.0118148,0,1,1792,151.1,11,0,0,0,999.1741589933158
1751368682.141858,0,1,1792,151.1,11,0,0,0,999.1741589933158
1751368682.259095,0,1,1792,151.1,11,0,0,0,999.1741589933158
1751368682.387464,0,1,1792,151.1,11,0,0,0,999.1741589933158
1751368682.492722,0,1,1792,151.1,11,0,0,0,999.1741589933158
1751368682.6432488,0,1,1792,151.1,11,0,0,0,999.1741589933158
1751368682.788907,0,1,1792,151.1,11,0,0,0,999.1741589933158
1751368682.9296,0,1,1792,151.1,11,0,0,0,999.1741589933158
1751368683.062614,0,0,1991,151.1,75,0,0,0,998.5674739345359
1751368683.296912,0,0,1991,151.1,75,0,0,0,998.5674739345359
1751368683.4619231,0,0,1991,151.1,75,0,0,0,998.5674739345359
1751368683.570194,0,0,1991,151.1,75,0,0,0,998.5674739345359
1751368683.6864698,0,0,1991,151.1,75,0,0,0,998.5674739345359
1751368683.817922,0,0,1991,151.1,75,0,0,0,998.5674739345359
1751368683.925885,0,0,1991,151.1,75,0,0,0,998.5674739345359
1751368684.059157,0,1,1806,130.7,75,0,0,0,1001.2582084557409
1751368684.183658,0,1,1806,130.7,75,0,0,0,1001.2582084557409
1751368684.29527,0,1,1806,130.7,75,0,0,0,1001.2582084557409
1751368684.4563708,0,1,1806,130.7,75,0,0,0,1001.2582084557409
1751368684.598346,0,1,1806,130.7,75,0,0,0,1001.2582084557409
1751368684.734941,0,1,1806,130.7,75,0,0,0,1001.2582084557409
1751368684.8982022,0,1,1806,130.7,75,0,0,0,1001.2582084557409
1751368685.064311,0,1,1806,130.7,75,0,0,0,1001.2582084557409
1751368685.176337,0,1,1808,130.7,75,0,0,0,1002.2973610660661
1751368685.306336,0,1,1808,130.7,75,0,0,0,1002.2973610660661
1751368685.410256,0,1,1808,130.7,75,0,0,0,1002.2973610660661
1751368685.5382059,0,1,1808,130.7,75,0,0,0,1002.2973610660661
1751368685.663729,0,1,1808,130.7,75,0,0,0,1002.2973610660661
1751368685.76322,0,1,1808,130.7,75,0,0,0,1002.2973610660661
1751368685.8879008,0,1,1808,130.7,75,0,0,0,1002.2973610660661
1751368686.0197709,0,1,1808,130.7,75,0,0,0,1002.2973610660661
1751368686.131457,0,1,1808,130.7,75,0,0,0,1002.2973610660661
1751368686.244067,0,0,1695,130.7,75,0,0,0,1000.8611292282261
1751368686.442295,0,0,1695,130.7,75,0,0,0,1000.8611292282261
1751368686.5679739,0,0,1695,130.7,75,0,0,0,1000.8611292282261
1751368686.691423,0,0,1695,130.7,75,0,0,0,1000.8611292282261
1751368686.799708,0,0,1695,130.7,75,0,0,0,1000.8611292282261
1751368686.924247,0,0,1695,130.7,75,0,0,0,1000.8611292282261
1751368687.0637922,0,0,1695,130.7,75,0,0,0,1000.8611292282261
1751368687.176828,0,0,1695,130.7,75,0,0,0,1000.8611292282261
1751368687.2918909,0,1,1808,130.7,75,0,0,0,1004.3709474093722
1751368687.421422,0,1,1808,130.7,75,0,0,0,1004.3709474093722
1751368687.532037,0,1,1808,130.7,75,0,0,0,1004.3709474093722
1751368687.6607091,0,1,1808,130.7,75,0,0,0,1004.3709474093722
1751368687.764331,0,1,1808,130.7,75,0,0,0,1004.3709474093722
1751368687.898886,0,1,1808,130.7,75,0,0,0,1004.3709474093722
1751368688.072541,0,1,1808,130.7,75,0,0,0,1004.3709474093722
1751368688.169006,0,1,1808,130.7,75,0,0,0,1004.3709474093722
1751368688.292276,0,1,1789,130.7,75,0,0,0,999.5188842638242
1751368688.4228868,0,1,1789,130.7,75,0,0,0,999.5188842638242
1751368688.5317068,0,1,1789,130.7,75,0,0,0,999.5188842638242
1751368688.676418,0,1,1789,130.7,75,0,0,0,999.5188842638242
1751368688.815417,0,1,1789,130.7,75,0,0,0,999.5188842638242
1751368688.925174,0,1,1789,130.7,75,0,0,0,999.5188842638242
1751368689.059259,0,1,1789,130.7,75,0,0,0,999.5188842638242
1751368689.1666272,0,1,1789,130.7,75,0,0,0,999.5188842638242
1751368689.2884,0,1,1806,130.7,75,0,0,0,1004.1737897396048
1751368689.422394,0,1,1806,130.7,75,0,0,0,1004.1737897396048
1751368689.521526,0,1,1806,130.7,75,0,0,0,1004.1737897396048
1751368689.655406,0,1,1806,130.7,75,0,0,0,1004.1737897396048
1751368689.7709088,0,1,1806,130.7,75,0,0,0,1004.1737897396048
1751368689.8921468,0,1,1806,130.7,75,0,0,0,1004.1737897396048
1751368690.022302,0,1,1806,130.7,75,0,0,0,1004.1737897396048
1751368690.121592,0,1,1806,130.7,75,0,0,0,1004.1737897396048
1751368690.247628,0,1,1806,130.7,75,0,0,0,1004.1737897396048
1751368690.3981388,0,1,1807,130.7,75,0,0,0,1002.5098503256713
1751368690.533738,0,1,1807,130.7,75,0,0,0,1002.5098503256713
1751368690.654879,0,1,1807,130.7,75,0,0,0,1002.5098503256713
1751368690.7730129,0,1,1807,130.7,75,0,0,0,1002.5098503256713
1751368690.897575,0,1,1807,130.7,75,0,0,0,1002.5098503256713
1751368691.01526,0,1,1807,130.7,75,0,0,0,1002.5098503256713
1751368691.121301,0,1,1807,130.7,75,0,0,0,1002.5098503256713
1751368691.246381,0,1,1807,130.7,75,0,0,0,1002.5098503256713
1751368691.410475,0,1,1813,130.7,75,0,0,0,998.5219076214603
1751368691.528579,0,1,1813,130.7,75,0,0,0,998.5219076214603
1751368691.6576838,0,1,1813,130.7,75,0,0,0,998.5219076214603
1751368691.775413,0,1,1813,130.7,75,0,0,0,998.5219076214603
1751368691.8812668,0,1,1813,130.7,75,0,0,0,998.5219076214603
1751368692.005666,0,1,1813,130.7,75,0,0,0,998.5219076214603
1751368692.1239,0,1,1813,130.7,75,0,0,0,998.5219076214603
1751368692.248203,0,1,1813,130.7,75,0,0,0,998.5219076214603
1751368692.397822,0,1,1787,130.7,75,0,0,0,998.4858536804616
1751368692.4902961,0,1,1787,130.7,75,0,0,0,998.4858536804616
2025-07-01 13:18:13,0,1,1810,143.9,75,0.0,0,0.0,998.4
2025-07-01 13:18:13,0,1,1810,143.9,75,0.0,0,0.0,998.4
2025-07-01 13:18:13,0,1,1810,143.9,75,0.0,0,0.0,998.4
2025-07-01 13:18:13,0,1,1810,143.9,75,0.0,0,0.0,998.4
2025-07-01 13:18:13,0,1,1810,143.9,75,0.0,0,0.0,998.4
2025-07-01 13:18:14,0,1,1810,143.9,75,0.0,0,0.0,998.4
2025-07-01 13:18:14,0,1,1810,143.9,75,0.0,0,0.0,998.4
2025-07-01 13:18:14,0,1,1810,143.9,75,0.0,0,0.0,998.4
2025-07-01 13:18:14,0,1,1810,143.9,75,0.0,0,0.0,998.4
2025-07-01 13:18:14,0,1,1799,143.9,75,0.0,0,0.0,1002.2
2025-07-01 13:18:14,0,1,1799,143.9,75,0.0,0,0.0,1002.2
2025-07-01 13:18:14,0,1,1799,143.9,75,0.0,0,0.0,1002.2
2025-07-01 13:18:14,0,1,1799,143.9,75,0.0,0,0.0,1002.2
2025-07-01 13:18:15,0,1,1799,143.9,75,0.0,0,0.0,1002.2
2025-07-01 13:18:15,0,1,1799,143.9,75,0.0,0,0.0,1002.2
2025-07-01 13:18:15,0,1,1799,143.9,75,0.0,0,0.0,1002.2
2025-07-01 13:18:15,0,1,1799,143.9,75,0.0,0,0.0,1002.2
2025-07-01 13:18:15,0,0,1731,143.9,75,0.0,0,0.0,1003.3
2025-07-01 13:18:15,0,0,1731,143.9,75,0.0,0,0.0,1003.3
2025-07-01 13:18:15,0,0,1731,143.9,75,0.0,0,0.0,1003.3
2025-07-01 13:18:16,0,0,1731,143.9,75,0.0,0,0.0,1003.3
2025-07-01 13:18:16,0,0,1731,143.9,75,0.0,0,0.0,1003.3
2025-07-01 13:18:16,0,0,1731,143.9,75,0.0,0,0.0,1003.3
2025-07-01 13:18:16,0,0,1731,143.9,75,0.0,0,0.0,1003.3
2025-07-01 13:18:16,0,0,1731,143.9,75,0.0,0,0.0,1003.3
2025-07-01 13:18:16,0,0,1739,149.6,75,0.0,0,0.0,1001.5
2025-07-01 13:18:16,0,0,1739,149.6,75,0.0,0,0.0,1001.5
2025-07-01 13:18:16,0,0,1739,149.6,75,0.0,0,0.0,1001.5
2025-07-01 13:18:17,0,0,1739,149.6,75,0.0,0,0.0,1001.5
2025-07-01 13:18:17,0,0,1739,149.6,75,0.0,0,0.0,1001.5
2025-07-01 13:18:17,0,0,1739,149.6,75,0.0,0,0.0,1001.5
2025-07-01 13:18:17,0,0,1739,149.6,75,0.0,0,0.0,1001.5
2025-07-01 13:18:17,0,0,1739,149.6,75,0.0,0,0.0,1001.5
2025-07-01 13:18:17,0,0,1739,149.6,75,0.0,0,0.0,1001.5
2025-07-01 13:18:17,0,1,1808,166.7,75,0.0,0,0.0,1002.1
2025-07-01 13:18:17,0,1,1808,166.7,75,0.0,0,0.0,1002.1
2025-07-01 13:18:18,0,1,1808,166.7,75,0.0,0,0.0,1002.1
2025-07-01 13:18:18,0,1,1808,166.7,75,0.0,0,0.0,1002.1
2025-07-01 13:18:18,0,1,1808,166.7,75,0.0,0,0.0,1002.1
2025-07-01 13:18:18,0,1,1808,166.7,75,0.0,0,0.0,1002.1
2025-07-01 13:18:18,0,1,1808,166.7,75,0.0,0,0.0,1002.1
2025-07-01 13:18:18,0,1,1808,166.7,75,0.0,0,0.0,1002.1
2025-07-01 13:18:18,0,1,1810,166.7,75,0.0,0,0.0,1000.7
2025-07-01 13:18:18,0,1,1810,166.7,75,0.0,0,0.0,1000.7
2025-07-01 13:18:19,0,1,1810,166.7,75,0.0,0,0.0,1000.7
2025-07-01 13:18:19,0,1,1810,166.7,75,0.0,0,0.0,1000.7
2025-07-01 13:18:19,0,1,1810,166.7,75,0.0,0,0.0,1000.7
2025-07-01 13:18:19,0,1,1810,166.7,75,0.0,0,0.0,1000.7
2025-07-01 13:18:19,0,1,1810,166.7,75,0.0,0,0.0,1000.7
2025-07-01 13:18:19,0,1,1810,166.7,75,0.0,0,0.0,1000.7
2025-07-01 13:18:19,0,1,1810,166.7,75,0.0,0,0.0,1000.7
2025-07-01 13:18:20,0,0,1932,166.7,75,0.0,0,0.0,1000.7
2025-07-01 13:18:20,0,0,1932,166.7,75,0.0,0,0.0,1000.7
2025-07-01 13:18:20,0,0,1932,166.7,75,0.0,0,0.0,1000.7
2025-07-01 13:18:20,0,0,1932,166.7,75,0.0,0,0.0,1000.7
2025-07-01 13:18:20,0,0,1932,166.7,75,0.0,0,0.0,1000.7
2025-07-01 13:18:20,0,0,1932,166.7,75,0.0,0,0.0,1000.7
2025-07-01 13:18:20,0,0,1932,166.7,75,0.0,0,0.0,1000.7
2025-07-01 13:18:21,0,1,1821,187.5,3,0.0,0,0.0,1002.6
2025-07-01 13:18:21,0,1,1821,187.5,3,0.0,0,0.0,1002.6
2025-07-01 13:18:21,0,1,1821,187.5,3,0.0,0,0.0,1002.6
2025-07-01 13:18:21,0,1,1821,187.5,3,0.0,0,0.0,1002.6
2025-07-01 13:18:21,0,1,1821,187.5,3,0.0,0,0.0,1002.6
2025-07-01 13:18:21,0,1,1821,187.5,3,0.0,0,0.0,1002.6
2025-07-01 13:18:21,0,1,1821,187.5,3,0.0,0,0.0,1002.6
2025-07-01 13:18:21,0,1,1821,187.5,3,0.0,0,0.0,1002.6
2025-07-01 13:18:22,0,0,1472,187.5,3,0.0,0,0.0,998.5
2025-07-01 13:18:22,0,0,1472,187.5,3,0.0,0,0.0,998.5
2025-07-01 13:18:22,0,0,1472,187.5,3,0.0,0,0.0,998.5
2025-07-01 13:18:22,0,0,1472,187.5,3,0.0,0,0.0,998.5
2025-07-01 13:18:22,0,0,1472,187.5,3,0.0,0,0.0,998.5
2025-07-01 13:18:22,0,0,1472,187.5,3,0.0,0,0.0,998.5
2025-07-01 13:18:22,0,0,1472,187.5,3,0.0,0,0.0,998.5
2025-07-01 13:18:23,0,0,1472,187.5,3,0.0,0,0.0,998.5
2025-07-01 13:18:23,0,1,1810,187.5,30,0.0,0,0.0,1005.6
2025-07-01 13:18:23,0,1,1810,187.5,30,0.0,0,0.0,1005.6
2025-07-01 13:18:23,0,1,1810,187.5,30,0.0,0,0.0,1005.6
2025-07-01 13:18:23,0,1,1810,187.5,30,0.0,0,0.0,1005.6
2025-07-01 13:18:23,0,1,1810,187.5,30,0.0,0,0.0,1005.6
2025-07-01 13:18:23,0,1,1810,187.5,30,0.0,0,0.0,1005.6
2025-07-01 13:18:23,0,1,1810,187.5,30,0.0,0,0.0,1005.6
2025-07-01 13:18:24,0,1,1810,187.5,30,0.0,0,0.0,1005.6
2025-07-01 13:18:24,0,0,1439,187.5,130,0.0,0,0.0,1002.3
2025-07-01 13:18:24,0,0,1439,187.5,130,0.0,0,0.0,1002.3
2025-07-01 13:18:24,0,0,1439,187.5,130,0.0,0,0.0,1002.3
2025-07-01 13:18:24,0,0,1439,187.5,130,0.0,0,0.0,1002.3
2025-07-01 13:18:24,0,0,1439,187.5,130,0.0,0,0.0,1002.3
2025-07-01 13:18:24,0,0,1439,187.5,130,0.0,0,0.0,1002.3
2025-07-01 13:18:24,0,0,1439,187.5,130,0.0,0,0.0,1002.3
2025-07-01 13:18:25,0,0,1439,187.5,130,0.0,0,0.0,1002.3
2025-07-01 13:18:25,0,1,1793,187.5,130,0.0,0,0.0,1003.0
2025-07-01 13:18:25,0,1,1793,187.5,130,0.0,0,0.0,1003.0
2025-07-01 13:18:25,0,1,1793,187.5,130,0.0,0,0.0,1003.0
2025-07-01 13:18:25,0,1,1793,187.5,130,0.0,0,0.0,1003.0
2025-07-01 13:18:25,0,1,1793,187.5,130,0.0,0,0.0,1003.0
2025-07-01 13:18:25,0,1,1793,187.5,130,0.0,0,0.0,1003.0
2025-07-01 13:18:25,0,1,1793,187.5,130,0.0,0,0.0,1003.0
2025-07-01 13:18:26,0,1,1793,187.5,130,0.0,0,0.0,1003.0
2025-07-01 13:18:26,0,1,1793,187.5,130,0.0,0,0.0,1003.0
2025-07-01 13:18:26,0,0,1781,187.5,130,0.0,0,0.0,1003.7
2025-07-01 13:18:26,0,0,1781,187.5,130,0.0,0,0.0,1003.7
2025-07-01 13:18:26,0,0,1781,187.5,130,0.0,0,0.0,1003.7
2025-07-01 13:18:26,0,0,1781,187.5,130,0.0,0,0.0,1003.7
2025-07-01 13:18:26,0,0,1781,187.5,130,0.0,0,0.0,1003.7
2025-07-01 13:18:26,0,0,1781,187.5,130,0.0,0,0.0,1003.7
2025-07-01 13:18:27,0,0,1781,187.5,130,0.0,0,0.0,1003.7
2025-07-01 13:18:27,0,0,1781,187.5,130,0.0,0,0.0,1003.7
2025-07-01 13:18:27,0,1,1814,187.5,130,0.0,0,0.0,999.9
2025-07-01 13:18:27,0,1,1814,187.5,130,0.0,0,0.0,999.9
2025-07-01 13:18:27,0,1,1814,187.5,130,0.0,0,0.0,999.9
2025-07-01 13:18:27,0,1,1814,187.5,130,0.0,0,0.0,999.9
2025-07-01 13:18:27,0,1,1814,187.5,130,0.0,0,0.0,999.9
2025-07-01 13:18:27,0,1,1814,187.5,130,0.0,0,0.0,999.9
2025-07-01 13:18:28,0,1,1814,187.5,130,0.0,0,0.0,999.9
2025-07-01 13:18:28,0,1,1814,187.5,130,0.0,0,0.0,999.9
2025-07-01 13:18:28,0,1,1814,187.5,130,0.0,0,0.0,999.9
2025-07-01 13:18:28,0,0,1934,187.5,130,0.0,0,0.0,1001.3
2025-07-01 13:18:28,0,0,1934,187.5,130,0.0,0,0.0,1001.3
2025-07-01 13:18:28,0,0,1934,187.5,130,0.0,0,0.0,1001.3
2025-07-01 13:18:28,0,0,1934,187.5,130,0.0,0,0.0,1001.3
2025-07-01 13:18:28,0,0,1934,187.5,130,0.0,0,0.0,1001.3
2025-07-01 13:18:29,0,0,1934,187.5,130,0.0,0,0.0,1001.3
2025-07-01 13:18:29,0,0,1934,187.5,130,0.0,0,0.0,1001.3
2025-07-01 13:18:29,0,0,1934,187.5,130,0.0,0,0.0,1001.3
2025-07-01 13:18:29,0,0,1942,187.5,130,0.0,0,0.0,995.4
2025-07-01 13:18:29,0,0,1942,187.5,130,0.0,0,0.0,995.4
2025-07-01 13:18:29,0,0,1942,187.5,130,0.0,0,0.0,995.4
2025-07-01 13:18:29,0,0,1942,187.5,130,0.0,0,0.0,995.4
2025-07-01 13:18:29,0,0,1942,187.5,130,0.0,0,0.0,995.4
2025-07-01 13:18:30,0,0,1942,187.5,130,0.0,0,0.0,995.4
2025-07-01 13:18:30,0,0,1942,187.5,130,0.0,0,0.0,995.4
2025-07-01 13:18:30,0,0,1942,187.5,130,0.0,0,0.0,995.4
2025-07-01 13:18:30,0,0,1942,187.5,130,0.0,0,0.0,995.4
2025-07-01 13:18:30,0,1,1790,187.5,130,0.0,0,0.0,1003.3
2025-07-01 13:18:30,0,1,1790,187.5,130,0.0,0,0.0,1003.3
2025-07-01 13:18:30,0,1,1790,187.5,130,0.0,0,0.0,1003.3
2025-07-01 13:18:30,0,1,1790,187.5,130,0.0,0,0.0,1003.3
2025-07-01 13:18:30,0,1,1790,187.5,130,0.0,0,0.0,1003.3
2025-07-01 13:18:31,0,1,1790,187.5,130,0.0,0,0.0,1003.3
2025-07-01 13:18:31,0,1,1790,187.5,130,0.0,0,0.0,1003.3
2025-07-01 13:18:31,0,1,1790,187.5,130,0.0,0,0.0,1003.3
2025-07-01 13:18:31,0,1,1809,187.5,130,0.0,0,0.0,1003.7
2025-07-01 13:18:31,0,1,1809,187.5,130,0.0,0,0.0,1003.7
2025-07-01 13:18:31,0,1,1809,187.5,130,0.0,0,0.0,1003.7
2025-07-01 13:18:31,0,1,1809,187.5,130,0.0,0,0.0,1003.7
2025-07-01 13:18:31,0,1,1809,187.5,130,0.0,0,0.0,1003.7
2025-07-01 13:18:32,0,1,1809,187.5,130,0.0,0,0.0,1003.7
2025-07-01 13:18:32,0,1,1809,187.5,130,0.0,0,0.0,1003.7
2025-07-01 13:18:32,0,1,1809,187.5,130,0.0,0,0.0,1003.7
2025-07-01 13:18:32,0,1,1809,187.5,130,0.0,0,0.0,1003.7
2025-07-01 13:18:32,0,1,1795,187.5,130,0.0,0,0.0,1000.2
2025-07-01 13:18:32,0,1,1795,187.5,130,0.0,0,0.0,1000.2
2025-07-01 13:18:32,0,1,1795,187.5,130,0.0,0,0.0,1000.2
2025-07-01 13:18:32,0,1,1795,187.5,130,0.0,0,0.0,1000.2
2025-07-01 13:18:33,0,1,1795,187.5,130,0.0,0,0.0,1000.2
2025-07-01 13:18:33,0,1,1795,187.5,130,0.0,0,0.0,1000.2
2025-07-01 13:18:33,0,1,1795,187.5,130,0.0,0,0.0,1000.2
2025-07-01 13:18:33,0,1,1795,187.5,130,0.0,0,0.0,1000.2
2025-07-01 13:18:33,0,1,1795,187.5,130,0.0,0,0.0,1000.2
2025-07-01 13:18:33,0,1,1811,187.5,130,0.0,0,0.0,999.8
2025-07-01 13:18:33,0,1,1811,187.5,130,0.0,0,0.0,999.8
2025-07-01 13:18:33,0,1,1811,187.5,130,0.0,0,0.0,999.8
2025-07-01 13:18:34,0,1,1811,187.5,130,0.0,0,0.0,999.8
2025-07-01 13:18:34,0,1,1811,187.5,130,0.0,0,0.0,999.8
2025-07-01 13:18:34,0,1,1811,187.5,130,0.0,0,0.0,999.8
2025-07-01 13:18:34,0,1,1811,187.5,130,0.0,0,0.0,999.8
2025-07-01 13:18:34,0,1,1811,187.5,130,0.0,0,0.0,999.8
2025-07-01 13:18:34,0,1,1811,187.5,130,0.0,0,0.0,999.8
2025-07-01 13:18:34,0,1,1794,188.1,130,0.0,0,0.0,1003.9
2025-07-01 13:18:34,0,1,1794,188.1,130,0.0,0,0.0,1003.9
2025-07-01 13:18:34,0,1,1794,188.1,130,0.0,0,0.0,1003.9
2025-07-01 13:18:35,0,1,1794,188.1,130,0.0,0,0.0,1003.9
2025-07-01 13:18:35,0,1,1794,188.1,130,0.0,0,0.0,1003.9
2025-07-01 13:18:35,0,1,1794,188.1,130,0.0,0,0.0,1003.9
2025-07-01 13:18:35,0,1,1794,188.1,130,0.0,0,0.0,1003.9
2025-07-01 13:18:35,0,1,1794,188.1,130,0.0,0,0.0,1003.9
2025-07-01 13:18:35,0,1,1794,188.1,130,0.0,0,0.0,1003.9
2025-07-01 13:18:35,0,1,1794,188.1,130,0.0,0,0.0,1003.9
2025-07-01 13:18:35,0,1,1794,188.1,130,0.0,0,0.0,1003.9
2025-07-01 13:18:36,0,1,1794,188.1,130,0.0,0,0.0,1003.9
2025-07-01 13:18:36,0,1,1794,188.1,130,0.0,0,0.0,1003.9
2025-07-01 13:18:36,0,1,1794,188.1,130,0.0,0,0.0,1003.9
2025-07-01 13:18:36,0,1,1794,188.1,130,0.0,0,0.0,1003.9
2025-07-01 13:18:36,0,1,1794,188.1,130,0.0,0,0.0,1003.9
2025-07-01 13:18:36,0,1,1794,188.1,130,0.0,0,0.0,1003.9
2025-07-01 13:18:36,0,1,1805,188.1,130,0.0,0,0.0,998.2
2025-07-01 13:18:36,0,1,1805,188.1,130,0.0,0,0.0,998.2
2025-07-01 13:18:37,0,1,1805,188.1,130,0.0,0,0.0,998.2
2025-07-01 13:18:37,0,1,1805,188.1,130,0.0,0,0.0,998.2
2025-07-01 13:18:37,0,1,1805,188.1,130,0.0,0,0.0,998.2
2025-07-01 13:18:37,0,1,1805,188.1,130,0.0,0,0.0,998.2
2025-07-01 13:18:37,0,1,1805,188.1,130,0.0,0,0.0,998.2
2025-07-01 13:18:37,0,1,1805,188.1,130,0.0,0,0.0,998.2
2025-07-01 13:18:37,0,0,1972,188.1,130,0.0,0,0.0,998.8
2025-07-01 13:18:38,0,0,1972,188.1,130,0.0,0,0.0,998.8
2025-07-01 13:18:38,0,0,1972,188.1,130,0.0,0,0.0,998.8
2025-07-01 13:18:38,0,0,1972,188.1,130,0.0,0,0.0,998.8
2025-07-01 13:18:38,0,0,1972,188.1,130,0.0,0,0.0,998.8
2025-07-01 13:18:38,0,0,1972,188.1,130,0.0,0,0.0,998.8
2025-07-01 13:18:38,0,0,1972,188.1,130,0.0,0,0.0,998.8
2025-07-01 13:18:38,0,1,1808,196.7,130,0.0,0,0.0,1005.5
2025-07-01 13:18:38,0,1,1808,196.7,130,0.0,0,0.0,1005.5
2025-07-01 13:18:39,0,1,1808,196.7,130,0.0,0,0.0,1005.5
2025-07-01 13:18:39,0,1,1808,196.7,130,0.0,0,0.0,1005.5
2025-07-01 13:18:39,0,1,1808,196.7,130,0.0,0,0.0,1005.5
2025-07-01 13:18:39,0,1,1808,196.7,130,0.0,0,0.0,1005.5
2025-07-01 13:18:39,0,1,1808,196.7,130,0.0,0,0.0,1005.5
2025-07-01 13:18:39,0,1,1808,196.7,130,0.0,0,0.0,1005.5
2025-07-01 13:18:39,0,1,1808,196.7,130,0.0,0,0.0,1005.5
2025-07-01 13:18:39,0,0,1705,196.7,130,0.0,0,0.0,1001.2
2025-07-01 13:18:40,0,0,1705,196.7,130,0.0,0,0.0,1001.2
2025-07-01 13:18:40,0,0,1705,196.7,130,0.0,0,0.0,1001.2
2025-07-01 13:18:40,0,0,1705,196.7,130,0.0,0,0.0,1001.2
2025-07-01 13:18:40,0,0,1705,196.7,130,0.0,0,0.0,1001.2
2025-07-01 13:18:40,0,0,1705,196.7,130,0.0,0,0.0,1001.2
2025-07-01 13:18:40,0,0,1705,196.7,130,0.0,0,0.0,1001.2
2025-07-01 13:18:40,0,0,1705,196.7,130,0.0,0,0.0,1001.2
2025-07-01 13:18:40,0,1,1811,196.7,130,0.0,0,0.0,1003.7
2025-07-01 13:18:41,0,1,1811,196.7,130,0.0,0,0.0,1003.7
2025-07-01 13:18:41,0,1,1811,196.7,130,0.0,0,0.0,1003.7
2025-07-01 13:18:41,0,1,1811,196.7,130,0.0,0,0.0,1003.7
2025-07-01 13:18:41,0,1,1811,196.7,130,0.0,0,0.0,1003.7
2025-07-01 13:18:41,0,1,1811,196.7,130,0.0,0,0.0,1003.7
2025-07-01 13:18:41,0,1,1811,196.7,130,0.0,0,0.0,1003.7
2025-07-01 13:18:41,0,1,1811,196.7,130,0.0,0,0.0,1003.7
2025-07-01 13:18:41,0,1,1782,196.7,130,0.0,0,0.0,1000.8
2025-07-01 13:18:42,0,1,1782,196.7,130,0.0,0,0.0,1000.8
2025-07-01 13:18:42,0,1,1782,196.7,130,0.0,0,0.0,1000.8
2025-07-01 13:18:42,0,1,1782,196.7,130,0.0,0,0.0,1000.8
2025-07-01 13:18:42,0,1,1782,196.7,130,0.0,0,0.0,1000.8
2025-07-01 13:18:42,0,1,1782,196.7,130,0.0,0,0.0,1000.8
2025-07-01 13:18:42,0,1,1782,196.7,130,0.0,0,0.0,1000.8
2025-07-01 13:18:42,0,1,1782,196.7,130,0.0,0,0.0,1000.8
2025-07-01 13:18:42,0,1,1782,196.7,130,0.0,0,0.0,1000.8
2025-07-01 13:18:43,0,1,1795,196.7,130,0.0,0,0.0,1001.3
2025-07-01 13:18:43,0,1,1795,196.7,130,0.0,0,0.0,1001.3
2025-07-01 13:18:43,0,1,1795,196.7,130,0.0,0,0.0,1001.3
2025-07-01 13:18:43,0,1,1795,196.7,130,0.0,0,0.0,1001.3
2025-07-01 13:18:43,0,1,1795,196.7,130,0.0,0,0.0,1001.3
2025-07-01 13:18:43,0,1,1795,196.7,130,0.0,0,0.0,1001.3
2025-07-01 13:18:43,0,1,1795,196.7,130,0.0,0,0.0,1001.3
2025-07-01 13:18:43,0,1,1795,196.7,130,0.0,0,0.0,1001.3
2025-07-01 13:18:44,0,0,1729,196.7,130,0.0,0,0.0,1002.8
2025-07-01 13:18:44,0,0,1729,196.7,130,0.0,0,0.0,1002.8
2025-07-01 13:18:44,0,0,1729,196.7,130,0.0,0,0.0,1002.8
2025-07-01 13:18:44,0,0,1729,196.7,130,0.0,0,0.0,1002.8
2025-07-01 13:18:44,0,0,1729,196.7,130,0.0,0,0.0,1002.8
2025-07-01 13:18:44,0,0,1729,196.7,130,0.0,0,0.0,1002.8
2025-07-01 13:18:44,0,0,1729,196.7,130,0.0,0,0.0,1002.8
2025-07-01 13:18:44,0,0,1729,196.7,130,0.0,0,0.0,1002.8
2025-07-01 13:18:45,0,0,1729,196.7,130,0.0,0,0.0,1002.8
2025-07-01 13:18:45,0,1,1801,196.7,130,0.0,0,0.0,999.8
2025-07-01 13:18:45,0,1,1801,196.7,130,0.0,0,0.0,999.8
2025-07-01 13:18:45,0,1,1801,196.7,130,0.0,0,0.0,999.8
2025-07-01 13:18:45,0,1,1801,196.7,130,0.0,0,0.0,999.8
2025-07-01 13:18:45,0,1,1801,196.7,130,0.0,0,0.0,999.8
2025-07-01 13:18:45,0,1,1801,196.7,130,0.0,0,0.0,999.8
2025-07-01 13:18:45,0,1,1801,196.7,130,0.0,0,0.0,999.8
2025-07-01 13:18:46,0,1,1801,196.7,130,0.0,0,0.0,999.8
2025-07-01 13:18:46,0,0,1420,196.7,130,0.0,0,0.0,998.1
2025-07-01 13:18:46,0,0,1420,196.7,130,0.0,0,0.0,998.1
2025-07-01 13:18:46,0,0,1420,196.7,130,0.0,0,0.0,998.1
2025-07-01 13:18:46,0,0,1420,196.7,130,0.0,0,0.0,998.1
2025-07-01 13:18:46,0,0,1420,196.7,130,0.0,0,0.0,998.1
2025-07-01 13:18:46,0,0,1420,196.7,130,0.0,0,0.0,998.1
2025-07-01 13:18:46,0,0,1420,196.7,130,0.0,0,0.0,998.1
2025-07-01 13:18:46,0,0,1420,196.7,130,0.0,0,0.0,998.1
2025-07-01 13:18:47,0,0,1420,196.7,130,0.0,0,0.0,998.1
2025-07-01 13:18:47,0,0,1997,196.7,130,0.0,0,0.0,1003.5
2025-07-01 13:18:47,0,0,1997,196.7,130,0.0,0,0.0,1003.5
2025-07-01 13:18:47,0,0,1997,196.7,130,0.0,0,0.0,1003.5
2025-07-01 13:18:47,0,0,1997,196.7,130,0.0,0,0.0,1003.5
2025-07-01 13:18:47,0,0,1997,196.7,130,0.0,0,0.0,1003.5
2025-07-01 13:18:47,0,0,1997,196.7,130,0.0,0,0.0,1003.5
2025-07-01 13:18:47,0,0,1997,196.7,130,0.0,0,0.0,1003.5
2025-07-01 13:18:48,0,0,1997,196.7,130,0.0,0,0.0,1003.5
2025-07-01 13:18:48,0,0,1746,196.7,130,0.0,0,0.0,1001.2
2025-07-01 13:18:48,0,0,1746,196.7,130,0.0,0,0.0,1001.2
2025-07-01 13:18:48,0,0,1746,196.7,130,0.0,0,0.0,1001.2
2025-07-01 13:18:48,0,0,1746,196.7,130,0.0,0,0.0,1001.2
2025-07-01 13:18:48,0,0,1746,196.7,130,0.0,0,0.0,1001.2
2025-07-01 13:18:48,0,0,1746,196.7,130,0.0,0,0.0,1001.2
2025-07-01 13:18:48,0,0,1746,196.7,130,0.0,0,0.0,1001.2
2025-07-01 13:18:49,0,0,1746,196.7,130,0.0,0,0.0,1001.2
2025-07-01 13:18:49,0,0,1746,196.7,130,0.0,0,0.0,1001.2
2025-07-01 13:18:49,0,1,1802,196.7,130,0.0,0,0.0,1001.6
2025-07-01 13:18:49,0,1,1802,196.7,130,0.0,0,0.0,1001.6
2025-07-01 13:18:49,0,1,1802,196.7,130,0.0,0,0.0,1001.6
2025-07-01 13:18:49,0,1,1802,196.7,130,0.0,0,0.0,1001.6
2025-07-01 13:18:49,0,1,1802,196.7,130,0.0,0,0.0,1001.6
2025-07-01 13:18:49,0,1,1802,196.7,130,0.0,0,0.0,1001.6
2025-07-01 13:18:50,0,1,1802,196.7,130,0.0,0,0.0,1001.6
2025-07-01 13:18:50,0,1,1802,196.7,130,0.0,0,0.0,1001.6
2025-07-01 13:18:50,0,1,1792,196.7,130,0.0,0,0.0,1000.2
2025-07-01 13:18:50,0,1,1792,196.7,130,0.0,0,0.0,1000.2
2025-07-01 13:18:50,0,1,1792,196.7,130,0.0,0,0.0,1000.2
2025-07-01 13:18:50,0,1,1792,196.7,130,0.0,0,0.0,1000.2
2025-07-01 13:18:50,0,1,1792,196.7,130,0.0,0,0.0,1000.2
2025-07-01 13:18:50,0,1,1792,196.7,130,0.0,0,0.0,1000.2
2025-07-01 13:18:51,0,1,1792,196.7,130,0.0,0,0.0,1000.2
2025-07-01 13:18:51,0,1,1792,196.7,130,0.0,0,0.0,1000.2
2025-07-01 13:18:51,0,1,1786,196.7,130,0.0,0,0.0,1004.1
2025-07-01 13:18:51,0,1,1786,196.7,130,0.0,0,0.0,1004.1
2025-07-01 13:18:51,0,1,1786,196.7,130,0.0,0,0.0,1004.1
2025-07-01 13:18:51,0,1,1786,196.7,130,0.0,0,0.0,1004.1
2025-07-01 13:18:51,0,1,1786,196.7,130,0.0,0,0.0,1004.1
2025-07-01 13:18:52,0,1,1786,196.7,130,0.0,0,0.0,1004.1
2025-07-01 13:18:52,0,1,1786,196.7,130,0.0,0,0.0,1004.1
2025-07-01 13:18:52,0,1,1786,196.7,130,0.0,0,0.0,1004.1
2025-07-01 13:18:52,0,0,1926,196.7,130,0.0,0,0.0,1002.6
2025-07-01 13:18:52,0,0,1926,196.7,130,0.0,0,0.0,1002.6
2025-07-01 13:18:52,0,0,1926,196.7,130,0.0,0,0.0,1002.6
2025-07-01 13:18:52,0,0,1926,196.7,130,0.0,0,0.0,1002.6
2025-07-01 13:18:52,0,0,1926,196.7,130,0.0,0,0.0,1002.6
2025-07-01 13:18:53,0,0,1926,196.7,130,0.0,0,0.0,1002.6
2025-07-01 13:18:53,0,0,1926,196.7,130,0.0,0,0.0,1002.6
2025-07-01 13:18:53,0,0,1926,196.7,130,0.0,0,0.0,1002.6
2025-07-01 13:18:53,0,1,1803,196.7,130,0.0,0,0.0,1002.6
2025-07-01 13:18:53,0,1,1803,196.7,130,0.0,0,0.0,1002.6
2025-07-01 13:18:53,0,1,1803,196.7,130,0.0,0,0.0,1002.6
2025-07-01 13:18:53,0,1,1803,196.7,130,0.0,0,0.0,1002.6
2025-07-01 13:18:53,0,1,1803,196.7,130,0.0,0,0.0,1002.6
2025-07-01 13:18:54,0,1,1803,196.7,130,0.0,0,0.0,1002.6
2025-07-01 13:18:54,0,1,1803,196.7,130,0.0,0,0.0,1002.6
2025-07-01 13:18:54,0,1,1803,196.7,130,0.0,0,0.0,1002.6
2025-07-01 13:18:54,0,1,1803,196.7,130,0.0,0,0.0,1002.6
2025-07-01 13:18:54,0,0,1631,196.7,130,0.0,0,0.0,1002.9
2025-07-01 13:18:54,0,0,1631,196.7,130,0.0,0,0.0,1002.9
2025-07-01 13:18:54,0,0,1631,196.7,130,0.0,0,0.0,1002.9
2025-07-01 13:18:54,0,0,1631,196.7,130,0.0,0,0.0,1002.9
2025-07-01 13:18:55,0,0,1631,196.7,130,0.0,0,0.0,1002.9
2025-07-01 13:18:55,0,0,1631,196.7,130,0.0,0,0.0,1002.9
2025-07-01 13:18:55,0,0,1631,196.7,130,0.0,0,0.0,1002.9
2025-07-01 13:18:55,0,0,1631,196.7,130,0.0,0,0.0,1002.9
2025-07-01 13:18:55,0,1,1787,196.7,130,0.0,0,0.0,1005.2
2025-07-01 13:18:55,0,1,1787,196.7,130,0.0,0,0.0,1005.2
2025-07-01 13:18:55,0,1,1787,196.7,130,0.0,0,0.0,1005.2
2025-07-01 13:18:55,0,1,1787,196.7,130,0.0,0,0.0,1005.2
2025-07-01 13:18:56,0,1,1787,196.7,130,0.0,0,0.0,1005.2
2025-07-01 13:18:56,0,1,1787,196.7,130,0.0,0,0.0,1005.2
2025-07-01 13:18:56,0,1,1787,196.7,130,0.0,0,0.0,1005.2
2025-07-01 13:18:56,0,1,1787,196.7,130,0.0,0,0.0,1005.2
2025-07-01 13:18:56,0,1,1787,196.7,130,0.0,0,0.0,1005.2
2025-07-01 13:18:56,0,1,1805,177.0,130,0.0,0,0.0,1002.7
2025-07-01 13:18:56,0,1,1805,177.0,130,0.0,0,0.0,1002.7
2025-07-01 13:18:56,0,1,1805,177.0,130,0.0,0,0.0,1002.7
2025-07-01 13:18:57,0,1,1805,177.0,130,0.0,0,0.0,1002.7
2025-07-01 13:18:57,0,1,1805,177.0,130,0.0,0,0.0,1002.7
2025-07-01 13:18:57,0,1,1805,177.0,130,0.0,0,0.0,1002.7
2025-07-01 13:18:57,0,1,1805,177.0,130,0.0,0,0.0,1002.7
2025-07-01 13:18:57,0,1,1805,177.0,130,0.0,0,0.0,1002.7
2025-07-01 13:18:57,0,1,1806,177.0,130,0.0,0,0.0,1003.2
2025-07-01 13:18:57,0,1,1806,177.0,130,0.0,0,0.0,1003.2
2025-07-01 13:18:57,0,1,1806,177.0,130,0.0,0,0.0,1003.2
2025-07-01 13:18:58,0,1,1806,177.0,130,0.0,0,0.0,1003.2
2025-07-01 13:18:58,0,1,1806,177.0,130,0.0,0,0.0,1003.2
2025-07-01 13:18:58,0,1,1806,177.0,130,0.0,0,0.0,1003.2
2025-07-01 13:18:58,0,1,1806,177.0,130,0.0,0,0.0,1003.2
2025-07-01 13:18:58,0,1,1806,177.0,130,0.0,0,0.0,1003.2
2025-07-01 13:18:58,0,1,1806,177.0,130,0.0,0,0.0,1003.2
2025-07-01 13:18:58,0,0,1981,177.0,130,0.0,0,0.0,1003.2
2025-07-01 13:18:58,0,0,1981,177.0,130,0.0,0,0.0,1003.2
2025-07-01 13:18:59,0,0,1981,177.0,130,0.0,0,0.0,1003.2
2025-07-01 13:18:59,0,0,1981,177.0,130,0.0,0,0.0,1003.2
2025-07-01 13:18:59,0,0,1981,177.0,130,0.0,0,0.0,1003.2
2025-07-01 13:18:59,0,0,1981,177.0,130,0.0,0,0.0,1003.2
2025-07-01 13:18:59,0,0,1981,177.0,130,0.0,0,0.0,1003.2
2025-07-01 13:18:59,0,0,1981,177.0,130,0.0,0,0.0,1003.2
2025-07-01 13:18:59,0,1,1789,177.0,130,0.0,0,0.0,1002.9
2025-07-01 13:19:00,0,1,1789,177.0,130,0.0,0,0.0,1002.9
2025-07-01 13:19:00,0,1,1789,177.0,130,0.0,0,0.0,1002.9
2025-07-01 13:19:00,0,1,1789,177.0,130,0.0,0,0.0,1002.9
2025-07-01 13:19:00,0,1,1789,177.0,130,0.0,0,0.0,1002.9
2025-07-01 13:19:00,0,1,1789,177.0,130,0.0,0,0.0,1002.9
2025-07-01 13:19:00,0,1,1789,177.0,130,0.0,0,0.0,1002.9
2025-07-01 13:19:00,0,1,1789,177.0,130,0.0,0,0.0,1002.9
2025-07-01 13:19:00,0,1,1789,177.0,130,0.0,0,0.0,1002.9
2025-07-01 13:19:01,0,1,1792,177.0,130,0.0,0,0.0,997.8
2025-07-01 13:19:01,0,1,1792,177.0,130,0.0,0,0.0,997.8
2025-07-01 13:19:01,0,1,1792,177.0,130,0.0,0,0.0,997.8
2025-07-01 13:19:01,0,1,1792,177.0,130,0.0,0,0.0,997.8
2025-07-01 13:19:01,0,1,1792,177.0,130,0.0,0,0.0,997.8
2025-07-01 13:19:01,0,1,1792,177.0,130,0.0,0,0.0,997.8
2025-07-01 13:19:01,0,1,1792,177.0,130,0.0,0,0.0,997.8
2025-07-01 13:19:01,0,1,1792,177.0,130,0.0,0,0.0,997.8
2025-07-01 13:19:02,0,1,1796,177.0,130,0.0,0,0.0,996.7
2025-07-01 13:19:02,0,1,1796,177.0,130,0.0,0,0.0,996.7
2025-07-01 13:19:02,0,1,1796,177.0,130,0.0,0,0.0,996.7
2025-07-01 13:19:02,0,1,1796,177.0,130,0.0,0,0.0,996.7
2025-07-01 13:19:02,0,1,1796,177.0,130,0.0,0,0.0,996.7
2025-07-01 13:19:02,0,1,1796,177.0,130,0.0,0,0.0,996.7
2025-07-01 13:19:02,0,1,1796,177.0,130,0.0,0,0.0,996.7
2025-07-01 13:19:02,0,1,1796,177.0,130,0.0,0,0.0,996.7
2025-07-01 13:19:03,0,1,1796,177.0,130,0.0,0,0.0,996.7
2025-07-01 13:19:03,0,1,1803,177.0,130,0.0,0,0.0,1003.0
2025-07-01 13:19:03,0,1,1803,177.0,130,0.0,0,0.0,1003.0
2025-07-01 13:19:03,0,1,1803,177.0,130,0.0,0,0.0,1003.0
2025-07-01 13:19:03,0,1,1803,177.0,130,0.0,0,0.0,1003.0
2025-07-01 13:19:03,0,1,1803,177.0,130,0.0,0,0.0,1003.0
2025-07-01 13:19:03,0,1,1803,177.0,130,0.0,0,0.0,1003.0
2025-07-01 13:19:03,0,1,1803,177.0,130,0.0,0,0.0,1003.0
2025-07-01 13:19:04,0,1,1803,177.0,130,0.0,0,0.0,1003.0
2025-07-01 13:19:04,0,0,1420,177.0,130,0.0,0,0.0,1000.7
2025-07-01 13:19:04,0,0,1420,177.0,130,0.0,0,0.0,1000.7
2025-07-01 13:19:04,0,0,1420,177.0,130,0.0,0,0.0,1000.7
2025-07-01 13:19:04,0,0,1420,177.0,130,0.0,0,0.0,1000.7
2025-07-01 13:19:04,0,0,1420,177.0,130,0.0,0,0.0,1000.7
2025-07-01 13:19:04,0,0,1420,177.0,130,0.0,0,0.0,1000.7
2025-07-01 13:19:04,0,0,1420,177.0,130,0.0,0,0.0,1000.7
2025-07-01 13:19:05,0,0,1420,177.0,130,0.0,0,0.0,1000.7
2025-07-01 13:19:05,0,1,1818,177.0,130,0.0,0,0.0,1000.5
2025-07-01 13:19:05,0,1,1818,177.0,130,0.0,0,0.0,1000.5
2025-07-01 13:19:05,0,1,1818,177.0,130,0.0,0,0.0,1000.5
2025-07-01 13:19:05,0,1,1818,177.0,130,0.0,0,0.0,1000.5
2025-07-01 13:19:05,0,1,1818,177.0,130,0.0,0,0.0,1000.5
2025-07-01 13:19:05,0,1,1818,177.0,130,0.0,0,0.0,1000.5
2025-07-01 13:19:05,0,1,1818,177.0,130,0.0,0,0.0,1000.5
2025-07-01 13:19:06,0,1,1818,177.0,130,0.0,0,0.0,1000.5
2025-07-01 13:19:06,0,1,1818,177.0,130,0.0,0,0.0,1000.5
2025-07-01 13:19:06,0,1,1777,177.0,130,0.0,0,0.0,1001.7
2025-07-01 13:19:06,0,1,1777,177.0,130,0.0,0,0.0,1001.7
2025-07-01 13:19:06,0,1,1777,177.0,130,0.0,0,0.0,1001.7
2025-07-01 13:19:06,0,1,1777,177.0,130,0.0,0,0.0,1001.7
2025-07-01 13:19:06,0,1,1777,177.0,130,0.0,0,0.0,1001.7
2025-07-01 13:19:06,0,1,1777,177.0,130,0.0,0,0.0,1001.7
2025-07-01 13:19:06,0,1,1777,177.0,130,0.0,0,0.0,1001.7
2025-07-01 13:19:07,0,1,1777,177.0,130,0.0,0,0.0,1001.7
2025-07-01 13:19:07,0,1,1806,177.0,130,0.0,0,0.0,1005.8
2025-07-01 13:19:07,0,1,1806,177.0,130,0.0,0,0.0,1005.8
2025-07-01 13:19:07,0,1,1806,177.0,130,0.0,0,0.0,1005.8
2025-07-01 13:19:07,0,1,1806,177.0,130,0.0,0,0.0,1005.8
2025-07-01 13:19:07,0,1,1806,177.0,130,0.0,0,0.0,1005.8
2025-07-01 13:19:07,0,1,1806,177.0,130,0.0,0,0.0,1005.8
2025-07-01 13:19:08,0,1,1806,177.0,130,0.0,0,0.0,1005.8
2025-07-01 13:19:08,0,1,1806,177.0,130,0.0,0,0.0,1005.8
2025-07-01 13:19:08,0,1,1806,177.0,130,0.0,0,0.0,1005.8
2025-07-01 13:19:08,0,1,1806,177.0,130,0.0,0,0.0,1005.8
2025-07-01 13:19:08,0,1,1806,177.0,130,0.0,0,0.0,1005.8
2025-07-01 13:19:08,0,1,1806,177.0,130,0.0,0,0.0,1005.8
2025-07-01 13:19:08,0,1,1806,177.0,130,0.0,0,0.0,1005.8
2025-07-01 13:19:08,0,1,1806,177.0,130,0.0,0,0.0,1005.8
2025-07-01 13:19:09,0,1,1806,177.0,130,0.0,0,0.0,1005.8
2025-07-01 13:19:09,0,1,1806,177.0,130,0.0,0,0.0,1005.8
2025-07-01 13:19:09,0,1,1806,177.0,130,0.0,0,0.0,1005.8
2025-07-01 13:19:09,0,1,1821,177.0,130,0.0,0,0.0,1002.0
2025-07-01 13:19:09,0,1,1821,177.0,130,0.0,0,0.0,1002.0
2025-07-01 13:19:09,0,1,1821,177.0,130,0.0,0,0.0,1002.0
2025-07-01 13:19:09,0,1,1821,177.0,130,0.0,0,0.0,1002.0
2025-07-01 13:19:09,0,1,1821,177.0,130,0.0,0,0.0,1002.0
2025-07-01 13:19:10,0,1,1821,177.0,130,0.0,0,0.0,1002.0
2025-07-01 13:19:10,0,1,1821,177.0,130,0.0,0,0.0,1002.0
2025-07-01 13:19:10,0,1,1821,177.0,130,0.0,0,0.0,1002.0
2025-07-01 13:19:10,0,1,1787,177.0,130,0.0,0,0.0,998.8
2025-07-01 13:19:10,0,1,1787,177.0,130,0.0,0,0.0,998.8
2025-07-01 13:19:10,0,1,1787,177.0,130,0.0,0,0.0,998.8
2025-07-01 13:19:10,0,1,1787,177.0,130,0.0,0,0.0,998.8
2025-07-01 13:19:10,0,1,1787,177.0,130,0.0,0,0.0,998.8
2025-07-01 13:19:11,0,1,1787,177.0,130,0.0,0,0.0,998.8
2025-07-01 13:19:11,0,1,1787,177.0,130,0.0,0,0.0,998.8
2025-07-01 13:19:11,0,1,1787,177.0,130,0.0,0,0.0,998.8
2025-07-01 13:19:11,0,1,1815,177.0,130,0.0,0,0.0,1002.3
2025-07-01 13:19:11,0,1,1815,177.0,130,0.0,0,0.0,1002.3
2025-07-01 13:19:11,0,1,1815,177.0,130,0.0,0,0.0,1002.3
2025-07-01 13:19:11,0,1,1815,177.0,130,0.0,0,0.0,1002.3
2025-07-01 13:19:12,0,1,1815,177.0,130,0.0,0,0.0,1002.3
2025-07-01 13:19:12,0,1,1815,177.0,130,0.0,0,0.0,1002.3
2025-07-01 13:19:12,0,1,1815,177.0,130,0.0,0,0.0,1002.3
2025-07-01 13:19:12,0,0,1863,177.0,130,0.0,0,0.0,1000.0
2025-07-01 13:19:12,0,0,1863,177.0,130,0.0,0,0.0,1000.0
2025-07-01 13:19:12,0,0,1863,177.0,130,0.0,0,0.0,1000.0
2025-07-01 13:19:12,0,0,1863,177.0,130,0.0,0,0.0,1000.0
2025-07-01 13:19:12,0,0,1863,177.0,130,0.0,0,0.0,1000.0
2025-07-01 13:19:13,0,0,1863,177.0,130,0.0,0,0.0,1000.0
2025-07-01 13:19:13,0,0,1863,177.0,130,0.0,0,0.0,1000.0
2025-07-01 13:19:13,0,0,1863,177.0,130,0.0,0,0.0,1000.0
2025-07-01 13:19:13,0,0,1863,177.0,130,0.0,0,0.0,1000.0
2025-07-01 13:19:13,0,1,1810,177.0,130,0.0,0,0.0,1002.3
2025-07-01 13:19:13,0,1,1810,177.0,130,0.0,0,0.0,1002.3
2025-07-01 13:19:13,0,1,1810,177.0,130,0.0,0,0.0,1002.3
2025-07-01 13:19:13,0,1,1810,177.0,130,0.0,0,0.0,1002.3
2025-07-01 13:19:13,0,1,1810,177.0,130,0.0,0,0.0,1002.3
2025-07-01 13:19:14,0,1,1810,177.0,130,0.0,0,0.0,1002.3
2025-07-01 13:19:14,0,1,1810,177.0,130,0.0,0,0.0,1002.3
2025-07-01 13:19:14,0,1,1810,177.0,130,0.0,0,0.0,1002.3
2025-07-01 13:19:14,0,1,1801,178.6,130,0.0,0,0.0,1001.4
2025-07-01 13:19:14,0,1,1801,178.6,130,0.0,0,0.0,1001.4
2025-07-01 13:19:14,0,1,1801,178.6,130,0.0,0,0.0,1001.4
2025-07-01 13:19:14,0,1,1801,178.6,130,0.0,0,0.0,1001.4
2025-07-01 13:19:14,0,1,1801,178.6,130,0.0,0,0.0,1001.4
2025-07-01 13:19:15,0,1,1801,178.6,130,0.0,0,0.0,1001.4
2025-07-01 13:19:15,0,1,1801,178.6,130,0.0,0,0.0,1001.4
2025-07-01 13:19:15,0,1,1801,178.6,130,0.0,0,0.0,1001.4
2025-07-01 13:19:15,0,1,1801,178.6,130,0.0,0,0.0,1001.4
2025-07-01 13:19:15,0,0,1959,178.6,130,0.0,0,0.0,1003.5
2025-07-01 13:19:15,0,0,1959,178.6,130,0.0,0,0.0,1003.5
2025-07-01 13:19:15,0,0,1959,178.6,130,0.0,0,0.0,1003.5
2025-07-01 13:19:16,0,0,1959,178.6,130,0.0,0,0.0,1003.5
2025-07-01 13:19:16,0,0,1959,178.6,130,0.0,0,0.0,1003.5
2025-07-01 13:19:16,0,0,1959,178.6,130,0.0,0,0.0,1003.5
2025-07-01 13:19:16,0,0,1959,178.6,130,0.0,0,0.0,1003.5
2025-07-01 13:19:16,0,1,1805,199.3,130,0.0,0,0.0,999.1
2025-07-01 13:19:16,0,1,1805,199.3,130,0.0,0,0.0,999.1
2025-07-01 13:19:16,0,1,1805,199.3,130,0.0,0,0.0,999.1
2025-07-01 13:19:16,0,1,1805,199.3,130,0.0,0,0.0,999.1
2025-07-01 13:19:17,0,1,1805,199.3,130,0.0,0,0.0,999.1
2025-07-01 13:19:17,0,1,1805,199.3,130,0.0,0,0.0,999.1
2025-07-01 13:19:17,0,1,1805,199.3,130,0.0,0,0.0,999.1
2025-07-01 13:19:17,0,1,1805,199.3,130,0.0,0,0.0,999.1
2025-07-01 13:19:17,0,1,1805,199.3,130,0.0,0,0.0,999.1
2025-07-01 13:19:17,0,1,1807,199.3,130,0.0,0,0.0,1003.0
2025-07-01 13:19:17,0,1,1807,199.3,130,0.0,0,0.0,1003.0
2025-07-01 13:19:17,0,1,1807,199.3,130,0.0,0,0.0,1003.0
2025-07-01 13:19:18,0,1,1807,199.3,130,0.0,0,0.0,1003.0
2025-07-01 13:19:18,0,1,1807,199.3,130,0.0,0,0.0,1003.0
2025-07-01 13:19:18,0,1,1807,199.3,130,0.0,0,0.0,1003.0
2025-07-01 13:19:18,0,1,1807,199.3,130,0.0,0,0.0,1003.0
2025-07-01 13:19:18,0,1,1807,199.3,130,0.0,0,0.0,1003.0
2025-07-01 13:19:18,0,1,1801,199.3,130,0.0,0,0.0,1003.1
2025-07-01 13:19:18,0,1,1801,199.3,130,0.0,0,0.0,1003.1
2025-07-01 13:19:18,0,1,1801,199.3,130,0.0,0,0.0,1003.1
2025-07-01 13:19:19,0,1,1801,199.3,130,0.0,0,0.0,1003.1
2025-07-01 13:19:19,0,1,1801,199.3,130,0.0,0,0.0,1003.1
2025-07-01 13:19:19,0,1,1801,199.3,130,0.0,0,0.0,1003.1
2025-07-01 13:19:19,0,1,1801,199.3,130,0.0,0,0.0,1003.1
2025-07-01 13:19:19,0,1,1801,199.3,130,0.0,0,0.0,1003.1
2025-07-01 13:19:19,0,1,1801,199.3,130,0.0,0,0.0,1003.1
2025-07-01 13:19:19,0,1,1792,199.3,130,0.0,0,0.0,1004.0
2025-07-01 13:19:19,0,1,1792,199.3,130,0.0,0,0.0,1004.0
2025-07-01 13:19:20,0,1,1792,199.3,130,0.0,0,0.0,1004.0
2025-07-01 13:19:20,0,1,1792,199.3,130,0.0,0,0.0,1004.0
2025-07-01 13:19:20,0,1,1792,199.3,130,0.0,0,0.0,1004.0
2025-07-01 13:19:20,0,1,1792,199.3,130,0.0,0,0.0,1004.0
2025-07-01 13:19:20,0,1,1792,199.3,130,0.0,0,0.0,1004.0
2025-07-01 13:19:20,0,1,1792,199.3,130,0.0,0,0.0,1004.0
2025-07-01 13:19:20,0,1,1792,199.3,130,0.0,0,0.0,1004.0
2025-07-01 13:19:20,0,1,1799,199.3,130,0.0,0,0.0,998.4
2025-07-01 13:19:20,0,1,1799,199.3,130,0.0,0,0.0,998.4
2025-07-01 13:19:21,0,1,1799,199.3,130,0.0,0,0.0,998.4
2025-07-01 13:19:21,0,1,1799,199.3,130,0.0,0,0.0,998.4
2025-07-01 13:19:21,0,1,1799,199.3,130,0.0,0,0.0,998.4
2025-07-01 13:19:21,0,1,1799,199.3,130,0.0,0,0.0,998.4
2025-07-01 13:19:21,0,1,1799,199.3,130,0.0,0,0.0,998.4
2025-07-01 13:19:21,0,0,1954,199.3,130,0.0,0,0.0,1000.7
2025-07-01 13:19:21,0,0,1954,199.3,130,0.0,0,0.0,1000.7
2025-07-01 13:19:22,0,0,1954,199.3,130,0.0,0,0.0,1000.7
2025-07-01 13:19:22,0,0,1954,199.3,130,0.0,0,0.0,1000.7
2025-07-01 13:19:22,0,0,1954,199.3,130,0.0,0,0.0,1000.7
2025-07-01 13:19:22,0,0,1954,199.3,130,0.0,0,0.0,1000.7
2025-07-01 13:19:22,0,0,1954,199.3,130,0.0,0,0.0,1000.7
2025-07-01 13:19:22,0,0,1954,199.3,130,0.0,0,0.0,1000.7
2025-07-01 13:19:22,0,1,1808,199.3,130,0.0,0,0.0,996.3
2025-07-01 13:19:23,0,1,1808,199.3,130,0.0,0,0.0,996.3
2025-07-01 13:19:23,0,1,1808,199.3,130,0.0,0,0.0,996.3
2025-07-01 13:19:23,0,1,1808,199.3,130,0.0,0,0.0,996.3
2025-07-01 13:19:23,0,1,1808,199.3,130,0.0,0,0.0,996.3
2025-07-01 13:19:23,0,1,1808,199.3,130,0.0,0,0.0,996.3
2025-07-01 13:19:23,0,1,1808,199.3,130,0.0,0,0.0,996.3
2025-07-01 13:19:23,0,1,1808,199.3,130,0.0,0,0.0,996.3
2025-07-01 13:19:23,0,1,1808,199.3,130,0.0,0,0.0,996.3
2025-07-01 13:19:24,0,1,1781,199.3,130,0.0,0,0.0,1003.5
2025-07-01 13:19:24,0,1,1781,199.3,130,0.0,0,0.0,1003.5
2025-07-01 13:19:24,0,1,1781,199.3,130,0.0,0,0.0,1003.5
2025-07-01 13:19:24,0,1,1781,199.3,130,0.0,0,0.0,1003.5
2025-07-01 13:19:24,0,1,1781,199.3,130,0.0,0,0.0,1003.5
2025-07-01 13:19:24,0,1,1781,199.3,130,0.0,0,0.0,1003.5
2025-07-01 13:19:24,0,1,1781,199.3,130,0.0,0,0.0,1003.5
2025-07-01 13:19:24,0,1,1781,199.3,130,0.0,0,0.0,1003.5
2025-07-01 13:19:25,0,1,1803,199.3,130,0.0,0,0.0,1002.3
2025-07-01 13:19:25,0,1,1803,199.3,130,0.0,0,0.0,1002.3
2025-07-01 13:19:25,0,1,1803,199.3,130,0.0,0,0.0,1002.3
2025-07-01 13:19:25,0,1,1803,199.3,130,0.0,0,0.0,1002.3
2025-07-01 13:19:25,0,1,1803,199.3,130,0.0,0,0.0,1002.3
2025-07-01 13:19:25,0,1,1803,199.3,130,0.0,0,0.0,1002.3
2025-07-01 13:19:25,0,1,1803,199.3,130,0.0,0,0.0,1002.3
2025-07-01 13:19:25,0,1,1803,199.3,130,0.0,0,0.0,1002.3
2025-07-01 13:19:26,0,1,1775,199.3,130,0.0,0,0.0,1000.4
2025-07-01 13:19:26,0,1,1775,199.3,130,0.0,0,0.0,1000.4
2025-07-01 13:19:26,0,1,1775,199.3,130,0.0,0,0.0,1000.4
2025-07-01 13:19:26,0,1,1775,199.3,130,0.0,0,0.0,1000.4
2025-07-01 13:19:26,0,1,1775,199.3,130,0.0,0,0.0,1000.4
2025-07-01 13:19:26,0,1,1775,199.3,130,0.0,0,0.0,1000.4
2025-07-01 13:19:26,0,1,1775,199.3,130,0.0,0,0.0,1000.4
2025-07-01 13:19:26,0,1,1775,199.3,130,0.0,0,0.0,1000.4
2025-07-01 13:19:27,0,1,1775,199.3,130,0.0,0,0.0,1000.4
2025-07-01 13:19:27,0,1,1808,199.3,130,0.0,0,0.0,999.8
2025-07-01 13:19:27,0,1,1808,199.3,130,0.0,0,0.0,999.8
2025-07-01 13:19:27,0,1,1808,199.3,130,0.0,0,0.0,999.8
2025-07-01 13:19:27,0,1,1808,199.3,130,0.0,0,0.0,999.8
2025-07-01 13:19:27,0,1,1808,199.3,130,0.0,0,0.0,999.8
2025-07-01 13:19:27,0,1,1808,199.3,130,0.0,0,0.0,999.8
2025-07-01 13:19:27,0,1,1808,199.3,130,0.0,0,0.0,999.8
2025-07-01 13:19:28,0,0,1967,199.3,130,0.0,0,0.0,998.4
2025-07-01 13:19:28,0,0,1967,199.3,130,0.0,0,0.0,998.4
2025-07-01 13:19:28,0,0,1967,199.3,130,0.0,0,0.0,998.4
2025-07-01 13:19:28,0,0,1967,199.3,130,0.0,0,0.0,998.4
2025-07-01 13:19:28,0,0,1967,199.3,130,0.0,0,0.0,998.4
2025-07-01 13:19:28,0,0,1967,199.3,130,0.0,0,0.0,998.4
2025-07-01 13:19:28,0,0,1967,199.3,130,0.0,0,0.0,998.4
2025-07-01 13:19:29,0,0,1967,199.3,130,0.0,0,0.0,998.4
2025-07-01 13:19:29,0,0,1425,199.3,130,0.0,0,0.0,1001.4
2025-07-01 13:19:29,0,0,1425,199.3,130,0.0,0,0.0,1001.4
2025-07-01 13:19:29,0,0,1425,199.3,130,0.0,0,0.0,1001.4
2025-07-01 13:19:29,0,0,1425,199.3,130,0.0,0,0.0,1001.4
2025-07-01 13:19:29,0,0,1425,199.3,130,0.0,0,0.0,1001.4
2025-07-01 13:19:29,0,0,1425,199.3,130,0.0,0,0.0,1001.4
2025-07-01 13:19:29,0,0,1425,199.3,130,0.0,0,0.0,1001.4
2025-07-01 13:19:30,0,0,1425,199.3,130,0.0,0,0.0,1001.4
2025-07-01 13:19:30,0,1,1801,199.3,130,0.0,0,0.0,1000.3
2025-07-01 13:19:30,0,1,1801,199.3,130,0.0,0,0.0,1000.3
2025-07-01 13:19:30,0,1,1801,199.3,130,0.0,0,0.0,1000.3
2025-07-01 13:19:30,0,1,1801,199.3,130,0.0,0,0.0,1000.3
2025-07-01 13:19:30,0,1,1801,199.3,130,0.0,0,0.0,1000.3
2025-07-01 13:19:30,0,1,1801,199.3,130,0.0,0,0.0,1000.3
2025-07-01 13:19:30,0,1,1801,199.3,130,0.0,0,0.0,1000.3
2025-07-01 13:19:31,0,1,1801,199.3,130,0.0,0,0.0,1000.3
2025-07-01 13:19:31,0,1,1801,199.3,130,0.0,0,0.0,1000.3
2025-07-01 13:19:31,0,1,1801,199.3,130,0.0,0,0.0,1007.2
2025-07-01 13:19:31,0,1,1801,199.3,130,0.0,0,0.0,1007.2
2025-07-01 13:19:31,0,1,1801,199.3,130,0.0,0,0.0,1007.2
2025-07-01 13:19:31,0,1,1801,199.3,130,0.0,0,0.0,1007.2
2025-07-01 13:19:31,0,1,1801,199.3,130,0.0,0,0.0,1007.2
2025-07-01 13:19:31,0,1,1801,199.3,130,0.0,0,0.0,1007.2
2025-07-01 13:19:32,0,1,1801,199.3,130,0.0,0,0.0,1007.2
2025-07-01 13:19:32,0,1,1801,199.3,130,0.0,0,0.0,1007.2
2025-07-01 13:19:32,0,0,1665,199.3,130,0.0,0,0.0,1000.2
2025-07-01 13:19:33,0,1,1806,199.3,130,0.0,0,0.0,1003.5
2025-07-01 13:19:33,100,1,1806,199.3,130,0.0,0,0.0,1003.5
2025-07-01 13:19:33,100,1,1806,199.3,130,0.0,0,0.0,1003.5
2025-07-01 13:19:33,100,1,1806,199.3,130,0.0,0,0.0,1003.5
2025-07-01 13:19:33,100,1,1806,199.3,130,0.0,0,0.0,1003.5
2025-07-01 13:19:33,100,1,1806,199.3,130,0.0,0,0.0,1003.5
2025-07-01 13:19:33,100,1,1806,199.3,130,0.0,0,0.0,1003.5
2025-07-01 13:19:33,100,1,1806,199.3,130,0.0,0,0.0,1003.5
2025-07-01 13:19:34,100,1,1806,199.3,130,0.0,0,0.0,1003.5
2025-07-01 13:19:34,100,0,1380,166.2,130,0.0,0,0.0,1001.0
2025-07-01 13:19:34,100,0,1380,166.2,130,0.0,0,0.0,1001.0
2025-07-01 13:19:34,100,0,1380,166.2,130,0.0,0,0.0,1001.0
2025-07-01 13:19:34,100,0,1380,166.2,130,0.0,0,0.0,1001.0
2025-07-01 13:19:34,100,0,1380,166.2,130,0.0,0,0.0,1001.0
2025-07-01 13:19:34,100,0,1380,166.2,130,0.0,0,0.0,1001.0
2025-07-01 13:19:34,100,0,1380,166.2,130,0.0,0,0.0,1001.0
2025-07-01 13:19:34,100,0,1380,166.2,130,0.0,0,0.0,1001.0
2025-07-01 13:19:35,100,0,1380,166.2,130,0.0,0,0.0,1001.0
2025-07-01 13:19:35,100,1,1793,166.2,130,0.0,0,0.0,1003.1
2025-07-01 13:19:35,100,1,1793,166.2,130,0.0,0,0.0,1003.1
2025-07-01 13:19:35,100,1,1793,166.2,130,0.0,0,0.0,1003.1
2025-07-01 13:19:35,100,1,1793,166.2,130,0.0,0,0.0,1003.1
2025-07-01 13:19:35,100,1,1793,166.2,130,0.0,0,0.0,1003.1
2025-07-01 13:19:35,100,1,1793,166.2,130,0.0,0,0.0,1003.1
2025-07-01 13:19:35,100,1,1793,166.2,130,0.0,0,0.0,1003.1
2025-07-01 13:19:36,100,1,1793,166.2,130,0.0,0,0.0,1003.1
2025-07-01 13:19:36,100,0,1683,75.5,130,0.0,0,0.0,1003.9
2025-07-01 13:19:36,100,0,1683,75.5,130,0.0,0,0.0,1003.9
2025-07-01 13:19:36,100,0,1683,75.5,130,0.0,0,0.0,1003.9
2025-07-01 13:19:36,100,0,1683,75.5,130,0.0,0,0.0,1003.9
2025-07-01 13:19:36,100,0,1683,75.5,130,0.0,0,0.0,1003.9
2025-07-01 13:19:36,100,0,1683,75.5,130,0.0,0,0.0,1003.9
2025-07-01 13:19:36,100,0,1683,75.5,130,0.0,0,0.0,1003.9
2025-07-01 13:19:37,100,0,1683,75.5,130,0.0,0,0.0,1003.9
2025-07-01 13:19:37,100,1,1800,75.5,130,0.0,0,0.0,1003.0
2025-07-01 13:19:37,100,1,1800,75.5,130,0.0,0,0.0,1003.0
2025-07-01 13:19:37,100,1,1800,75.5,130,0.0,0,0.0,1003.0
2025-07-01 13:19:37,100,1,1800,75.5,130,0.0,0,0.0,1003.0
2025-07-01 13:19:37,100,1,1800,75.5,130,0.0,0,0.0,1003.0
2025-07-01 13:19:37,100,1,1800,75.5,130,0.0,0,0.0,1003.0
2025-07-01 13:19:38,100,1,1800,75.5,130,0.0,0,0.0,1003.0
2025-07-01 13:19:38,100,1,1800,75.5,130,0.0,0,0.0,1003.0
2025-07-01 13:19:38,100,1,1789,65.2,130,0.0,0,0.0,1002.6
2025-07-01 13:19:38,100,1,1789,65.2,130,0.0,0,0.0,1002.6
2025-07-01 13:19:38,100,1,1789,65.2,130,0.0,0,0.0,1002.6
2025-07-01 13:19:38,100,1,1789,65.2,130,0.0,0,0.0,1002.6
2025-07-01 13:19:38,100,1,1789,65.2,130,0.0,0,0.0,1002.6
2025-07-01 13:19:38,100,1,1789,65.2,130,0.0,0,0.0,1002.6
2025-07-01 13:19:39,100,1,1789,65.2,130,0.0,0,0.0,1002.6
2025-07-01 13:19:39,100,1,1789,65.2,130,0.0,0,0.0,1002.6
2025-07-01 13:19:39,100,1,1789,65.2,130,0.0,0,0.0,1002.6
2025-07-01 13:19:39,100,1,1806,65.2,130,0.0,0,0.0,1004.1
2025-07-01 13:19:39,100,1,1806,65.2,130,0.0,0,0.0,1004.1
2025-07-01 13:19:39,100,1,1806,65.2,130,0.0,0,0.0,1004.1
2025-07-01 13:19:39,100,1,1806,65.2,130,0.0,0,0.0,1004.1
2025-07-01 13:19:39,100,1,1806,65.2,130,0.0,0,0.0,1004.1
2025-07-01 13:19:40,100,1,1806,65.2,130,0.0,0,0.0,1004.1
2025-07-01 13:19:40,100,1,1806,65.2,130,0.0,0,0.0,1004.1
2025-07-01 13:19:40,100,1,1806,65.2,130,0.0,0,0.0,1004.1
2025-07-01 13:19:40,100,0,1874,81.5,130,0.0,0,0.0,999.4
2025-07-01 13:19:40,100,0,1874,81.5,130,0.0,0,0.0,999.4
2025-07-01 13:19:40,100,0,1874,81.5,130,0.0,0,0.0,999.4
2025-07-01 13:19:40,100,0,1874,81.5,130,0.0,0,0.0,999.4
2025-07-01 13:19:40,100,0,1874,81.5,130,0.0,0,0.0,999.4
2025-07-01 13:19:40,100,0,1874,81.5,130,0.0,0,0.0,999.4
2025-07-01 13:19:41,100,0,1874,81.5,130,0.0,0,0.0,999.4
2025-07-01 13:19:41,100,0,1874,81.5,130,0.0,0,0.0,999.4
2025-07-01 13:19:41,100,0,1874,81.5,130,0.0,0,0.0,999.4
2025-07-01 13:19:41,100,1,1794,81.5,130,0.0,0,0.0,999.9
2025-07-01 13:19:41,100,1,1794,81.5,130,0.0,0,0.0,999.9
2025-07-01 13:19:41,100,1,1794,81.5,130,0.0,0,0.0,999.9
2025-07-01 13:19:41,100,1,1794,81.5,130,0.0,0,0.0,999.9
2025-07-01 13:19:41,100,1,1794,81.5,130,0.0,0,0.0,999.9
2025-07-01 13:19:42,100,1,1794,81.5,130,0.0,0,0.0,999.9
2025-07-01 13:19:42,100,1,1794,81.5,130,0.0,0,0.0,999.9
2025-07-01 13:19:42,100,1,1794,81.5,130,0.0,0,0.0,999.9
2025-07-01 13:19:42,100,1,1794,81.5,130,0.0,0,0.0,999.9
2025-07-01 13:19:42,100,1,1791,81.5,130,0.0,0,0.0,1000.9
2025-07-01 13:19:42,100,1,1791,81.5,130,0.0,0,0.0,1000.9
2025-07-01 13:19:42,100,1,1791,81.5,130,0.0,0,0.0,1000.9
2025-07-01 13:19:42,100,1,1791,81.5,130,0.0,0,0.0,1000.9
2025-07-01 13:19:43,100,1,1791,81.5,130,0.0,0,0.0,1000.9
2025-07-01 13:19:43,100,1,1791,81.5,130,0.0,0,0.0,1000.9
2025-07-01 13:19:43,100,1,1791,81.5,130,0.0,0,0.0,1000.9
2025-07-01 13:19:43,100,1,1791,81.5,130,0.0,0,0.0,1000.9
2025-07-01 13:19:43,100,1,1817,81.5,130,0.0,0,0.0,1005.8
2025-07-01 13:19:43,100,1,1817,81.5,130,0.0,0,0.0,1005.8
2025-07-01 13:19:43,100,1,1817,81.5,130,0.0,0,0.0,1005.8
2025-07-01 13:19:43,100,1,1817,81.5,130,0.0,0,0.0,1005.8
2025-07-01 13:19:44,100,1,1817,81.5,130,0.0,0,0.0,1005.8
2025-07-01 13:19:44,100,1,1817,81.5,130,0.0,0,0.0,1005.8
2025-07-01 13:19:44,100,1,1817,81.5,130,0.0,0,0.0,1005.8
2025-07-01 13:19:44,100,1,1817,81.5,130,0.0,0,0.0,1005.8
2025-07-01 13:19:44,100,1,1806,61.5,130,0.0,0,0.0,1001.5
2025-07-01 13:19:44,100,1,1806,61.5,130,0.0,0,0.0,1001.5
2025-07-01 13:19:44,100,1,1806,61.5,130,0.0,0,0.0,1001.5
2025-07-01 13:19:45,100,1,1806,61.5,130,0.0,0,0.0,1001.5
2025-07-01 13:19:45,100,1,1806,61.5,130,0.0,0,0.0,1001.5
2025-07-01 13:19:45,100,1,1806,61.5,130,0.0,0,0.0,1001.5
2025-07-01 13:19:45,100,1,1806,61.5,130,0.0,0,0.0,1001.5
2025-07-01 13:19:45,100,1,1806,61.5,130,0.0,0,0.0,1001.5
2025-07-01 13:19:45,100,1,1808,81.1,130,0.0,0,0.0,1000.2
2025-07-01 13:19:45,100,1,1808,81.1,130,0.0,0,0.0,1000.2
2025-07-01 13:19:45,100,1,1808,81.1,130,0.0,0,0.0,1000.2
2025-07-01 13:19:46,100,1,1808,81.1,130,0.0,0,0.0,1000.2
2025-07-01 13:19:46,100,1,1808,81.1,130,0.0,0,0.0,1000.2
2025-07-01 13:19:46,100,1,1808,81.1,130,0.0,0,0.0,1000.2
2025-07-01 13:19:46,100,1,1808,81.1,130,0.0,0,0.0,1000.2
2025-07-01 13:19:46,100,1,1808,81.1,130,0.0,0,0.0,1000.2
2025-07-01 13:19:46,100,1,1810,81.1,130,0.0,0,0.0,1005.0
2025-07-01 13:19:46,100,1,1810,81.1,130,0.0,0,0.0,1005.0
2025-07-01 13:19:46,100,1,1810,81.1,130,0.0,0,0.0,1005.0
2025-07-01 13:19:47,100,1,1810,81.1,130,0.0,0,0.0,1005.0
2025-07-01 13:19:47,100,1,1810,81.1,130,0.0,0,0.0,1005.0
2025-07-01 13:19:47,100,1,1810,81.1,130,0.0,0,0.0,1005.0
2025-07-01 13:19:47,100,1,1810,81.1,130,0.0,0,0.0,1005.0
2025-07-01 13:19:47,100,1,1810,81.1,130,0.0,0,0.0,1005.0
2025-07-01 13:19:47,100,1,1814,76.7,130,0.0,0,0.0,1003.8
2025-07-01 13:19:47,100,1,1814,76.7,130,0.0,0,0.0,1003.8
2025-07-01 13:19:48,100,1,1814,76.7,130,0.0,0,0.0,1003.8
2025-07-01 13:19:48,100,1,1814,76.7,130,0.0,0,0.0,1003.8
2025-07-01 13:19:48,100,1,1814,76.7,130,0.0,0,0.0,1003.8
2025-07-01 13:19:48,100,1,1814,76.7,130,0.0,0,0.0,1003.8
2025-07-01 13:19:48,100,1,1814,76.7,130,0.0,0,0.0,1003.8
2025-07-01 13:19:48,100,1,1814,76.7,130,0.0,0,0.0,1003.8
2025-07-01 13:19:48,100,1,1815,76.7,130,0.0,0,0.0,1004.4
2025-07-01 13:19:48,100,1,1815,76.7,130,0.0,0,0.0,1004.4
2025-07-01 13:19:49,100,1,1815,76.7,130,0.0,0,0.0,1004.4
2025-07-01 13:19:49,100,1,1815,76.7,130,0.0,0,0.0,1004.4
2025-07-01 13:19:49,100,1,1815,76.7,130,0.0,0,0.0,1004.4
2025-07-01 13:19:49,100,1,1815,76.7,130,0.0,0,0.0,1004.4
2025-07-01 13:19:49,100,1,1815,76.7,130,0.0,0,0.0,1004.4
2025-07-01 13:19:49,100,0,1600,86.2,130,0.0,0,0.0,1001.8
2025-07-01 13:19:49,100,0,1600,86.2,130,0.0,0,0.0,1001.8
2025-07-01 13:19:50,100,0,1600,86.2,130,0.0,0,0.0,1001.8
2025-07-01 13:19:50,100,0,1600,86.2,130,0.0,0,0.0,1001.8
2025-07-01 13:19:50,100,0,1600,86.2,130,0.0,0,0.0,1001.8
2025-07-01 13:19:50,100,0,1600,86.2,130,0.0,0,0.0,1001.8
2025-07-01 13:19:50,100,0,1600,86.2,130,0.0,0,0.0,1001.8
2025-07-01 13:19:50,100,0,1600,86.2,130,0.0,0,0.0,1001.8
2025-07-01 13:19:50,100,0,1600,86.2,130,0.0,0,0.0,1001.8
2025-07-01 13:19:50,100,1,1811,86.2,130,0.0,0,0.0,998.3
2025-07-01 13:19:50,100,1,1811,86.2,130,0.0,0,0.0,998.3
2025-07-01 13:19:51,100,1,1811,86.2,130,0.0,0,0.0,998.3
2025-07-01 13:19:51,100,1,1811,86.2,130,0.0,0,0.0,998.3
2025-07-01 13:19:51,100,1,1811,86.2,130,0.0,0,0.0,998.3
2025-07-01 13:19:51,100,1,1811,86.2,130,0.0,0,0.0,998.3
2025-07-01 13:19:51,100,1,1811,86.2,130,0.0,0,0.0,998.3
2025-07-01 13:19:51,100,1,1811,86.2,130,0.0,0,0.0,998.3
2025-07-01 13:19:51,100,1,1811,86.2,130,0.0,0,0.0,998.3
2025-07-01 13:19:51,100,1,1793,73.3,130,0.0,0,0.0,997.5
2025-07-01 13:19:52,100,1,1793,73.3,130,0.0,0,0.0,997.5
2025-07-01 13:19:52,100,1,1793,73.3,130,0.0,0,0.0,997.5
2025-07-01 13:19:52,100,1,1793,73.3,130,0.0,0,0.0,997.5
2025-07-01 13:19:52,100,1,1793,73.3,130,0.0,0,0.0,997.5
2025-07-01 13:19:52,100,1,1793,73.3,130,0.0,0,0.0,997.5
2025-07-01 13:19:52,100,1,1793,73.3,130,0.0,0,0.0,997.5
2025-07-01 13:19:52,100,1,1793,73.3,130,0.0,0,0.0,997.5
2025-07-01 13:19:52,100,1,1803,73.3,130,0.0,0,0.0,1002.2
2025-07-01 13:19:53,100,1,1803,73.3,130,0.0,0,0.0,1002.2
2025-07-01 13:19:53,100,1,1803,73.3,130,0.0,0,0.0,1002.2
2025-07-01 13:19:53,100,1,1803,73.3,130,0.0,0,0.0,1002.2
2025-07-01 13:19:53,100,1,1803,73.3,130,0.0,0,0.0,1002.2
2025-07-01 13:19:53,100,1,1803,73.3,130,0.0,0,0.0,1002.2
2025-07-01 13:19:53,100,1,1803,73.3,130,0.0,0,0.0,1002.2
2025-07-01 13:19:53,100,1,1803,73.3,130,0.0,0,0.0,1002.2
2025-07-01 13:19:53,100,1,1803,73.3,130,0.0,0,0.0,1002.2
2025-07-01 13:19:54,100,0,1932,91.0,130,0.0,0,0.0,1000.6
2025-07-01 13:19:54,100,0,1932,91.0,130,0.0,0,0.0,1000.6
2025-07-01 13:19:54,100,0,1932,91.0,130,0.0,0,0.0,1000.6
2025-07-01 13:19:54,100,0,1932,91.0,130,0.0,0,0.0,1000.6
2025-07-01 13:19:54,100,0,1932,91.0,130,0.0,0,0.0,1000.6
2025-07-01 13:19:54,100,0,1932,91.0,130,0.0,0,0.0,1000.6
2025-07-01 13:19:55,100,0,1932,91.0,130,0.0,0,0.0,1000.6
2025-07-01 13:19:55,100,1,1821,91.0,130,0.0,0,0.0,1003.6
2025-07-01 13:19:55,100,1,1821,91.0,130,0.0,0,0.0,1003.6
2025-07-01 13:19:55,100,1,1821,91.0,130,0.0,0,0.0,1003.6
2025-07-01 13:19:55,100,1,1821,91.0,130,0.0,0,0.0,1003.6
2025-07-01 13:19:55,100,1,1821,91.0,130,0.0,0,0.0,1003.6
2025-07-01 13:19:55,100,1,1821,91.0,130,0.0,0,0.0,1003.6
2025-07-01 13:19:55,100,1,1821,91.0,130,0.0,0,0.0,1003.6
2025-07-01 13:19:56,100,1,1821,91.0,130,0.0,0,0.0,1003.6
2025-07-01 13:19:56,100,1,1821,91.0,130,0.0,0,0.0,1003.6
2025-07-01 13:19:56,100,0,1791,74.8,130,0.0,0,0.0,999.0
2025-07-01 13:19:56,100,0,1791,74.8,130,0.0,0,0.0,999.0
2025-07-01 13:19:56,100,0,1791,74.8,130,0.0,0,0.0,999.0
2025-07-01 13:19:56,100,0,1791,74.8,130,0.0,0,0.0,999.0
2025-07-01 13:19:56,100,0,1791,74.8,130,0.0,0,0.0,999.0
2025-07-01 13:19:56,100,0,1791,74.8,130,0.0,0,0.0,999.0
2025-07-01 13:19:57,100,0,1791,74.8,130,0.0,0,0.0,999.0
2025-07-01 13:19:57,100,0,1791,74.8,130,0.0,0,0.0,999.0
2025-07-01 13:19:57,100,1,1795,74.8,130,0.0,0,0.0,1003.1
2025-07-01 13:19:57,100,1,1795,74.8,130,0.0,0,0.0,1003.1
2025-07-01 13:19:57,100,1,1795,74.8,130,0.0,0,0.0,1003.1
2025-07-01 13:19:57,100,1,1795,74.8,130,0.0,0,0.0,1003.1
2025-07-01 13:19:57,100,1,1795,74.8,130,0.0,0,0.0,1003.1
2025-07-01 13:19:57,100,1,1795,74.8,130,0.0,0,0.0,1003.1
2025-07-01 13:19:57,100,1,1795,74.8,130,0.0,0,0.0,1003.1
2025-07-01 13:19:58,100,1,1795,74.8,130,0.0,0,0.0,1003.1
2025-07-01 13:19:58,100,1,1795,74.8,130,0.0,0,0.0,1003.1
2025-07-01 13:19:58,100,1,1803,83.6,130,0.0,0,0.0,1000.5
2025-07-01 13:19:58,100,1,1803,83.6,130,0.0,0,0.0,1000.5
2025-07-01 13:19:58,100,1,1803,83.6,130,0.0,0,0.0,1000.5
2025-07-01 13:19:58,100,1,1803,83.6,130,0.0,0,0.0,1000.5
2025-07-01 13:19:58,100,1,1803,83.6,130,0.0,0,0.0,1000.5
2025-07-01 13:19:58,100,1,1803,83.6,130,0.0,0,0.0,1000.5
2025-07-01 13:19:59,100,1,1803,83.6,130,0.0,0,0.0,1000.5
2025-07-01 13:19:59,100,1,1803,83.6,130,0.0,0,0.0,1000.5
2025-07-01 13:19:59,100,1,1791,188.1,130,0.0,0,0.0,1002.5
2025-07-01 13:19:59,100,1,1791,188.1,130,0.0,0,0.0,1002.5
2025-07-01 13:19:59,100,1,1791,188.1,130,0.0,0,0.0,1002.5
2025-07-01 13:19:59,100,1,1791,188.1,130,0.0,0,0.0,1002.5
2025-07-01 13:19:59,100,1,1791,188.1,130,0.0,0,0.0,1002.5
2025-07-01 13:19:59,100,1,1791,188.1,130,0.0,0,0.0,1002.5
2025-07-01 13:20:00,100,1,1791,188.1,130,0.0,0,0.0,1002.5
2025-07-01 13:20:00,100,1,1791,188.1,130,0.0,0,0.0,1002.5
2025-07-01 13:20:00,100,1,1791,188.1,130,0.0,0,0.0,1002.5
2025-07-01 13:20:00,100,1,1804,91.2,130,0.0,0,0.0,1000.6
2025-07-01 13:20:00,100,1,1804,91.2,130,0.0,0,0.0,1000.6
2025-07-01 13:20:00,100,1,1804,91.2,130,0.0,0,0.0,1000.6
2025-07-01 13:20:00,100,1,1804,91.2,130,0.0,0,0.0,1000.6
2025-07-01 13:20:00,100,1,1804,91.2,130,0.0,0,0.0,1000.6
2025-07-01 13:20:01,100,1,1804,91.2,130,0.0,0,0.0,1000.6
2025-07-01 13:20:01,100,1,1804,91.2,130,0.0,0,0.0,1000.6
2025-07-01 13:20:01,100,1,1804,91.2,130,0.0,0,0.0,1000.6
2025-07-01 13:20:01,100,1,1803,91.2,130,0.0,0,0.0,1002.3
2025-07-01 13:20:01,100,1,1803,91.2,130,0.0,0,0.0,1002.3
2025-07-01 13:20:01,100,1,1803,91.2,130,0.0,0,0.0,1002.3
2025-07-01 13:20:01,100,1,1803,91.2,130,0.0,0,0.0,1002.3
2025-07-01 13:21:30,0,0,1956,142.9,0,0.0,0,0.0,1001.3
2025-07-01 13:21:30,0,0,1956,142.9,0,0.0,0,0.0,1001.3
2025-07-01 13:21:30,0,0,1956,142.9,0,0.0,0,0.0,1001.3
2025-07-01 13:21:30,0,0,1956,142.9,0,0.0,0,0.0,1001.3
2025-07-01 13:21:30,0,0,1956,142.9,0,0.0,0,0.0,1001.3
2025-07-01 13:21:31,0,0,1956,142.9,0,0.0,0,0.0,1001.3
2025-07-01 13:21:31,0,0,1956,142.9,0,0.0,0,0.0,1001.3
2025-07-01 13:21:31,0,0,1851,142.9,0,0.0,0,0.0,999.7
2025-07-01 13:21:31,0,0,1851,142.9,0,0.0,0,0.0,999.7
2025-07-01 13:21:31,0,0,1851,142.9,0,0.0,0,0.0,999.7
2025-07-01 13:21:31,0,0,1851,142.9,0,0.0,0,0.0,999.7
2025-07-01 13:21:31,0,0,1851,142.9,0,0.0,0,0.0,999.7
2025-07-01 13:21:31,0,0,1851,142.9,0,0.0,0,0.0,999.7
2025-07-01 13:21:32,0,0,1851,142.9,0,0.0,0,0.0,999.7
2025-07-01 13:21:32,0,0,1851,142.9,0,0.0,0,0.0,999.7
2025-07-01 13:21:32,0,0,1851,142.9,0,0.0,0,0.0,999.7
2025-07-01 13:21:32,0,1,1785,178.6,0,0.0,0,0.0,998.5
2025-07-01 13:21:32,0,1,1785,178.6,0,0.0,0,0.0,998.5
2025-07-01 13:21:32,0,1,1785,178.6,0,0.0,0,0.0,998.5
2025-07-01 13:21:32,0,1,1785,178.6,0,0.0,0,0.0,998.5
2025-07-01 13:21:32,0,1,1785,178.6,0,0.0,0,0.0,998.5
2025-07-01 13:21:33,0,1,1785,178.6,0,0.0,0,0.0,998.5
2025-07-01 13:21:33,0,1,1785,178.6,0,0.0,0,0.0,998.5
2025-07-01 13:21:33,0,1,1785,178.6,0,0.0,0,0.0,998.5
2025-07-01 13:21:33,0,1,1789,178.6,0,0.0,0,0.0,998.6
2025-07-01 13:21:33,0,1,1789,178.6,0,0.0,0,0.0,998.6
2025-07-01 13:21:33,0,1,1789,178.6,0,0.0,0,0.0,998.6
2025-07-01 13:21:33,0,1,1789,178.6,0,0.0,0,0.0,998.6
2025-07-01 13:21:33,0,1,1789,178.6,0,0.0,0,0.0,998.6
2025-07-01 13:21:34,0,1,1789,178.6,0,0.0,0,0.0,998.6
2025-07-01 13:21:34,0,1,1789,178.6,0,0.0,0,0.0,998.6
2025-07-01 13:21:34,0,1,1789,178.6,0,0.0,0,0.0,998.6
2025-07-01 13:21:34,0,1,1789,178.6,0,0.0,0,0.0,998.6
2025-07-01 13:21:34,0,0,1917,178.0,0,0.0,0,0.0,1002.0
2025-07-01 13:21:34,0,0,1917,178.0,0,0.0,0,0.0,1002.0
2025-07-01 13:21:34,0,0,1917,178.0,0,0.0,0,0.0,1002.0
2025-07-01 13:21:35,0,0,1917,178.0,0,0.0,0,0.0,1002.0
2025-07-01 13:21:35,0,0,1917,178.0,0,0.0,0,0.0,1002.0
2025-07-01 13:21:35,0,0,1917,178.0,0,0.0,0,0.0,1002.0
2025-07-01 13:21:35,0,0,1917,178.0,0,0.0,0,0.0,1002.0
2025-07-01 13:21:35,0,0,1520,178.0,0,0.0,0,0.0,1002.4
2025-07-01 13:21:35,0,0,1520,178.0,0,0.0,0,0.0,1002.4
2025-07-01 13:21:35,0,0,1520,178.0,0,0.0,0,0.0,1002.4
2025-07-01 13:21:36,0,0,1520,178.0,0,0.0,0,0.0,1002.4
2025-07-01 13:21:36,0,0,1520,178.0,0,0.0,0,0.0,1002.4
2025-07-01 13:21:36,0,0,1520,178.0,0,0.0,0,0.0,1002.4
2025-07-01 13:21:36,0,0,1520,178.0,0,0.0,0,0.0,1002.4
2025-07-01 13:21:36,0,0,1520,178.0,0,0.0,0,0.0,1002.4
2025-07-01 13:21:36,0,0,1520,178.0,0,0.0,0,0.0,1002.4
2025-07-01 13:21:36,0,1,1801,178.0,0,0.0,0,0.0,1002.0
2025-07-01 13:21:36,0,1,1801,178.0,0,0.0,0,0.0,1002.0
2025-07-01 13:21:36,0,1,1801,178.0,0,0.0,0,0.0,1002.0
2025-07-01 13:21:37,0,1,1801,178.0,0,0.0,0,0.0,1002.0
2025-07-01 13:21:37,0,1,1801,178.0,0,0.0,0,0.0,1002.0
2025-07-01 13:21:37,0,1,1801,178.0,0,0.0,0,0.0,1002.0
2025-07-01 13:21:37,0,1,1801,178.0,0,0.0,0,0.0,1002.0
2025-07-01 13:21:37,0,1,1801,178.0,0,0.0,0,0.0,1002.0
2025-07-01 13:21:37,0,1,1801,178.0,0,0.0,0,0.0,1002.0
2025-07-01 13:21:37,0,1,1801,178.0,0,0.0,0,0.0,1002.0
2025-07-01 13:21:37,0,1,1801,178.0,0,0.0,0,0.0,1002.0
2025-07-01 13:21:38,0,1,1801,178.0,0,0.0,0,0.0,1002.0
2025-07-01 13:21:38,0,1,1801,178.0,0,0.0,0,0.0,1002.0
2025-07-01 13:21:38,0,1,1801,178.0,0,0.0,0,0.0,1002.0
2025-07-01 13:21:38,0,1,1801,178.0,0,0.0,0,0.0,1002.0
2025-07-01 13:21:38,0,1,1801,178.0,0,0.0,0,0.0,1002.0
2025-07-01 13:21:38,0,1,1801,178.0,0,0.0,0,0.0,1002.0
2025-07-01 13:21:38,0,1,1801,178.0,0,0.0,0,0.0,1002.0
2025-07-01 13:21:38,0,1,1801,178.0,0,0.0,0,0.0,1002.0
2025-07-01 13:21:39,0,1,1801,178.0,0,0.0,0,0.0,1002.0
2025-07-01 13:21:39,0,1,1801,178.0,0,0.0,0,0.0,1002.0
2025-07-01 13:21:39,0,1,1801,178.0,0,0.0,0,0.0,1002.0
2025-07-01 13:21:39,0,1,1801,178.0,0,0.0,0,0.0,1002.0
2025-07-01 13:21:39,0,1,1801,178.0,0,0.0,0,0.0,1002.0
2025-07-01 13:21:39,0,1,1801,178.0,0,0.0,0,0.0,1002.0
2025-07-01 13:21:39,0,1,1801,178.0,0,0.0,0,0.0,1002.0
2025-07-01 13:21:39,0,1,1808,136.1,0,0.0,0,0.0,1004.0
2025-07-01 13:21:40,0,1,1808,136.1,0,0.0,0,0.0,1004.0
2025-07-01 13:21:40,0,1,1808,136.1,0,0.0,0,0.0,1004.0
2025-07-01 13:21:40,0,1,1808,136.1,0,0.0,0,0.0,1004.0
2025-07-01 13:21:40,0,1,1808,136.1,0,0.0,0,0.0,1004.0
2025-07-01 13:21:40,0,1,1808,136.1,0,0.0,0,0.0,1004.0
2025-07-01 13:21:40,0,1,1808,136.1,0,0.0,0,0.0,1004.0
2025-07-01 13:21:40,0,1,1808,136.1,0,0.0,0,0.0,1004.0
2025-07-01 13:21:40,0,1,1815,179.1,0,0.0,0,0.0,1001.9
2025-07-01 13:21:41,0,1,1815,179.1,0,0.0,0,0.0,1001.9
2025-07-01 13:21:41,0,1,1815,179.1,0,0.0,0,0.0,1001.9
2025-07-01 13:21:41,0,1,1815,179.1,0,0.0,0,0.0,1001.9
2025-07-01 13:21:41,0,1,1815,179.1,0,0.0,0,0.0,1001.9
2025-07-01 13:21:41,0,1,1815,179.1,0,0.0,0,0.0,1001.9
2025-07-01 13:21:41,0,1,1815,179.1,0,0.0,0,0.0,1001.9
2025-07-01 13:21:41,0,1,1815,179.1,0,0.0,0,0.0,1001.9
2025-07-01 13:21:41,0,0,1501,177.0,0,0.0,0,0.0,1000.8
2025-07-01 13:21:42,0,0,1501,177.0,0,0.0,0,0.0,1000.8
2025-07-01 13:21:42,0,0,1501,177.0,0,0.0,0,0.0,1000.8
2025-07-01 13:21:42,0,0,1501,177.0,0,0.0,0,0.0,1000.8
2025-07-01 13:21:42,0,0,1501,177.0,0,0.0,0,0.0,1000.8
2025-07-01 13:21:42,0,0,1501,177.0,0,0.0,0,0.0,1000.8
2025-07-01 13:21:42,0,0,1501,177.0,0,0.0,0,0.0,1000.8
2025-07-01 13:21:42,0,1,1790,177.0,0,0.0,0,0.0,1001.8
2025-07-01 13:21:43,0,1,1790,177.0,0,0.0,0,0.0,1001.8
2025-07-01 13:21:43,0,1,1790,177.0,0,0.0,0,0.0,1001.8
2025-07-01 13:21:43,0,1,1790,177.0,0,0.0,0,0.0,1001.8
2025-07-01 13:21:43,0,1,1790,177.0,0,0.0,0,0.0,1001.8
2025-07-01 13:21:43,0,1,1790,177.0,0,0.0,0,0.0,1001.8
2025-07-01 13:21:43,0,1,1790,177.0,0,0.0,0,0.0,1001.8
2025-07-01 13:21:43,0,1,1790,177.0,0,0.0,0,0.0,1001.8
2025-07-01 13:21:43,0,1,1790,177.0,0,0.0,0,0.0,1001.8
2025-07-01 13:21:44,0,0,1571,177.0,0,0.0,0,0.0,997.4
2025-07-01 13:21:44,0,0,1571,177.0,0,0.0,0,0.0,997.4
2025-07-01 13:21:44,0,0,1571,177.0,0,0.0,0,0.0,997.4
2025-07-01 13:21:44,0,0,1571,177.0,0,0.0,0,0.0,997.4
2025-07-01 13:21:44,0,0,1571,177.0,0,0.0,0,0.0,997.4
2025-07-01 13:21:44,0,0,1571,177.0,0,0.0,0,0.0,997.4
2025-07-01 13:21:44,0,0,1571,177.0,0,0.0,0,0.0,997.4
2025-07-01 13:21:44,0,0,1571,177.0,0,0.0,0,0.0,997.4
2025-07-01 13:21:45,0,1,1805,177.0,0,0.0,0,0.0,999.1
2025-07-01 13:21:45,0,1,1805,177.0,0,0.0,0,0.0,999.1
2025-07-01 13:21:45,0,1,1805,177.0,0,0.0,0,0.0,999.1
2025-07-01 13:21:45,0,1,1805,177.0,0,0.0,0,0.0,999.1
2025-07-01 13:21:45,0,1,1805,177.0,0,0.0,0,0.0,999.1
2025-07-01 13:21:45,0,1,1805,177.0,0,0.0,0,0.0,999.1
2025-07-01 13:21:45,0,1,1805,177.0,0,0.0,0,0.0,999.1
2025-07-01 13:21:45,0,1,1805,177.0,0,0.0,0,0.0,999.1
2025-07-01 13:21:46,0,0,1878,177.0,0,0.0,0,0.0,1000.0
2025-07-01 13:21:46,0,0,1878,177.0,0,0.0,0,0.0,1000.0
2025-07-01 13:21:46,0,0,1878,177.0,0,0.0,0,0.0,1000.0
2025-07-01 13:21:46,0,0,1878,177.0,0,0.0,0,0.0,1000.0
2025-07-01 13:21:46,0,0,1878,177.0,0,0.0,0,0.0,1000.0
2025-07-01 13:21:46,0,0,1878,177.0,0,0.0,0,0.0,1000.0
2025-07-01 13:21:46,0,0,1878,177.0,0,0.0,0,0.0,1000.0
2025-07-01 13:21:46,0,0,1878,177.0,0,0.0,0,0.0,1000.0
2025-07-01 13:21:47,0,0,1878,177.0,0,0.0,0,0.0,1000.0
2025-07-01 13:21:47,0,1,1799,177.0,0,0.0,0,0.0,999.8
2025-07-01 13:21:47,0,1,1799,177.0,0,0.0,0,0.0,999.8
2025-07-01 13:21:47,0,1,1799,177.0,0,0.0,0,0.0,999.8
2025-07-01 13:21:47,0,1,1799,177.0,0,0.0,0,0.0,999.8
2025-07-01 13:21:47,0,1,1799,177.0,0,0.0,0,0.0,999.8
2025-07-01 13:21:47,0,1,1799,177.0,0,0.0,0,0.0,999.8
2025-07-01 13:21:47,0,1,1799,177.0,0,0.0,0,0.0,999.8
2025-07-01 13:21:48,0,1,1799,177.0,0,0.0,0,0.0,999.8
2025-07-01 13:21:48,0,0,1965,177.0,0,0.0,0,0.0,1002.3
2025-07-01 13:21:48,0,0,1965,177.0,0,0.0,0,0.0,1002.3
2025-07-01 13:21:48,0,0,1965,177.0,0,0.0,0,0.0,1002.3
2025-07-01 13:21:48,0,0,1965,177.0,0,0.0,0,0.0,1002.3
2025-07-01 13:21:48,0,0,1965,177.0,0,0.0,0,0.0,1002.3
2025-07-01 13:21:48,0,0,1965,177.0,0,0.0,0,0.0,1002.3
2025-07-01 13:21:48,0,0,1965,177.0,0,0.0,0,0.0,1002.3
2025-07-01 13:21:49,0,0,1965,177.0,0,0.0,0,0.0,1002.3
2025-07-01 13:21:49,0,0,1965,177.0,0,0.0,0,0.0,1002.3
2025-07-01 13:21:49,0,1,1799,189.3,0,0.0,0,0.0,997.6
2025-07-01 13:21:49,0,1,1799,189.3,0,0.0,0,0.0,997.6
2025-07-01 13:21:49,0,1,1799,189.3,0,0.0,0,0.0,997.6
2025-07-01 13:21:49,0,1,1799,189.3,0,0.0,0,0.0,997.6
2025-07-01 13:21:49,0,1,1799,189.3,0,0.0,0,0.0,997.6
2025-07-01 13:21:49,0,1,1799,189.3,0,0.0,0,0.0,997.6
2025-07-01 13:21:50,0,1,1799,189.3,0,0.0,0,0.0,997.6
2025-07-01 13:21:50,0,1,1799,189.3,0,0.0,0,0.0,997.6
2025-07-01 13:21:50,0,1,1799,189.3,0,0.0,0,0.0,997.6
2025-07-01 13:21:50,0,0,1609,189.3,0,0.0,0,0.0,1001.4
2025-07-01 13:21:50,0,0,1609,189.3,0,0.0,0,0.0,1001.4
2025-07-01 13:21:50,0,0,1609,189.3,0,0.0,0,0.0,1001.4
2025-07-01 13:21:50,0,0,1609,189.3,0,0.0,0,0.0,1001.4
2025-07-01 13:21:51,0,0,1609,189.3,0,0.0,0,0.0,1001.4
2025-07-01 13:21:51,0,0,1609,189.3,0,0.0,0,0.0,1001.4
2025-07-01 13:21:51,0,0,1609,189.3,0,0.0,0,0.0,1001.4
2025-07-01 13:21:51,0,0,1609,189.3,0,0.0,0,0.0,1001.4
2025-07-01 13:21:51,0,1,1800,137.3,0,0.0,0,0.0,997.8
2025-07-01 13:21:51,0,1,1800,137.3,0,0.0,0,0.0,997.8
2025-07-01 13:21:51,0,1,1800,137.3,0,0.0,0,0.0,997.8
2025-07-01 13:21:51,0,1,1800,137.3,0,0.0,0,0.0,997.8
2025-07-01 13:21:52,0,1,1800,137.3,0,0.0,0,0.0,997.8
2025-07-01 13:21:52,0,1,1800,137.3,0,0.0,0,0.0,997.8
2025-07-01 13:21:52,0,1,1800,137.3,0,0.0,0,0.0,997.8
2025-07-01 13:21:52,0,0,1883,137.3,0,0.0,0,0.0,1001.9
2025-07-01 13:21:52,0,0,1883,137.3,0,0.0,0,0.0,1001.9
2025-07-01 13:21:52,0,0,1883,137.3,0,0.0,0,0.0,1001.9
2025-07-01 13:21:52,0,0,1883,137.3,0,0.0,0,0.0,1001.9
2025-07-01 13:21:53,0,0,1883,137.3,0,0.0,0,0.0,1001.9
2025-07-01 13:21:53,0,0,1883,137.3,0,0.0,0,0.0,1001.9
2025-07-01 13:21:53,0,0,1883,137.3,0,0.0,0,0.0,1001.9
2025-07-01 13:21:53,0,0,1883,137.3,0,0.0,0,0.0,1001.9
2025-07-01 13:21:53,0,0,1883,137.3,0,0.0,0,0.0,1001.9
2025-07-01 13:21:53,0,1,1790,137.3,0,0.0,0,0.0,999.4
2025-07-01 13:21:53,0,1,1790,137.3,0,0.0,0,0.0,999.4
2025-07-01 13:21:53,0,1,1790,137.3,0,0.0,0,0.0,999.4
2025-07-01 13:21:53,0,1,1790,137.3,0,0.0,0,0.0,999.4
2025-07-01 13:21:54,0,1,1790,137.3,0,0.0,0,0.0,999.4
2025-07-01 13:21:54,0,1,1790,137.3,0,0.0,0,0.0,999.4
2025-07-01 13:21:54,0,1,1790,137.3,0,0.0,0,0.0,999.4
2025-07-01 13:21:54,0,1,1790,137.3,0,0.0,0,0.0,999.4
2025-07-01 13:21:54,0,1,1794,137.3,0,0.0,0,0.0,1002.1
2025-07-01 13:21:54,0,1,1794,137.3,0,0.0,0,0.0,1002.1
2025-07-01 13:21:54,0,1,1794,137.3,0,0.0,0,0.0,1002.1
2025-07-01 13:21:55,0,1,1794,137.3,0,0.0,0,0.0,1002.1
2025-07-01 13:21:55,0,1,1794,137.3,0,0.0,0,0.0,1002.1
2025-07-01 13:21:55,0,1,1794,137.3,0,0.0,0,0.0,1002.1
2025-07-01 13:21:55,0,1,1794,137.3,0,0.0,0,0.0,1002.1
2025-07-01 13:21:55,0,1,1794,137.3,0,0.0,0,0.0,1002.1
2025-07-01 13:21:55,0,1,1791,137.3,0,0.0,0,0.0,998.6
2025-07-01 13:21:55,0,1,1791,137.3,0,0.0,0,0.0,998.6
2025-07-01 13:21:55,0,1,1791,137.3,0,0.0,0,0.0,998.6
2025-07-01 13:21:56,0,1,1791,137.3,0,0.0,0,0.0,998.6
2025-07-01 13:21:56,0,1,1791,137.3,0,0.0,0,0.0,998.6
2025-07-01 13:21:56,0,1,1791,137.3,0,0.0,0,0.0,998.6
2025-07-01 13:21:56,0,1,1791,137.3,0,0.0,0,0.0,998.6
2025-07-01 13:21:56,0,1,1791,137.3,0,0.0,0,0.0,998.6
2025-07-01 13:21:56,0,1,1791,137.3,0,0.0,0,0.0,998.6
2025-07-01 13:21:56,0,0,1989,137.3,0,0.0,0,0.0,1003.4
2025-07-01 13:21:56,0,0,1989,137.3,0,0.0,0,0.0,1003.4
2025-07-01 13:21:56,0,0,1989,137.3,0,0.0,0,0.0,1003.4
2025-07-01 13:21:57,0,0,1989,137.3,0,0.0,0,0.0,1003.4
2025-07-01 13:21:57,0,0,1989,137.3,0,0.0,0,0.0,1003.4
2025-07-01 13:21:57,0,0,1989,137.3,0,0.0,0,0.0,1003.4
2025-07-01 13:21:57,0,0,1989,137.3,0,0.0,0,0.0,1003.4
2025-07-01 13:21:57,0,0,1989,137.3,0,0.0,0,0.0,1003.4
2025-07-01 13:21:57,0,1,1797,137.3,0,0.0,0,0.0,1001.8
2025-07-01 13:21:57,0,1,1797,137.3,0,0.0,0,0.0,1001.8
2025-07-01 13:21:57,0,1,1797,137.3,0,0.0,0,0.0,1001.8
2025-07-01 13:21:58,0,1,1797,137.3,0,0.0,0,0.0,1001.8
2025-07-01 13:21:58,0,1,1797,137.3,0,0.0,0,0.0,1001.8
2025-07-01 13:21:58,0,1,1797,137.3,0,0.0,0,0.0,1001.8
2025-07-01 13:21:58,0,1,1797,137.3,0,0.0,0,0.0,1001.8
2025-07-01 13:21:58,0,1,1797,137.3,0,0.0,0,0.0,1001.8
2025-07-01 13:21:58,0,0,1954,137.3,0,0.0,0,0.0,1001.5
2025-07-01 13:21:58,0,0,1954,137.3,0,0.0,0,0.0,1001.5
2025-07-01 13:21:59,0,0,1954,137.3,0,0.0,0,0.0,1001.5
2025-07-01 13:21:59,0,0,1954,137.3,0,0.0,0,0.0,1001.5
2025-07-01 13:21:59,0,0,1954,137.3,0,0.0,0,0.0,1001.5
2025-07-01 13:21:59,0,0,1954,137.3,0,0.0,0,0.0,1001.5
2025-07-01 13:21:59,0,0,1954,137.3,0,0.0,0,0.0,1001.5
2025-07-01 13:21:59,0,0,1954,137.3,0,0.0,0,0.0,1001.5
2025-07-01 13:21:59,0,0,1954,137.3,0,0.0,0,0.0,1001.5
2025-07-01 13:21:59,0,1,1793,137.3,0,0.0,0,0.0,999.0
2025-07-01 13:21:59,0,1,1793,137.3,0,0.0,0,0.0,999.0
2025-07-01 13:22:00,0,1,1793,137.3,0,0.0,0,0.0,999.0
2025-07-01 13:22:00,0,1,1793,137.3,0,0.0,0,0.0,999.0
2025-07-01 13:22:00,0,1,1793,137.3,0,0.0,0,0.0,999.0
2025-07-01 13:22:00,0,1,1793,137.3,0,0.0,0,0.0,999.0
2025-07-01 13:22:00,0,1,1793,137.3,0,0.0,0,0.0,999.0
2025-07-01 13:22:00,0,1,1793,137.3,0,0.0,0,0.0,999.0
2025-07-01 13:22:00,0,0,1795,158.7,0,0.0,0,0.0,1006.4
2025-07-01 13:22:00,0,0,1795,158.7,0,0.0,0,0.0,1006.4
2025-07-01 13:22:01,0,0,1795,158.7,0,0.0,0,0.0,1006.4
2025-07-01 13:22:01,0,0,1795,158.7,0,0.0,0,0.0,1006.4
2025-07-01 13:22:01,0,0,1795,158.7,0,0.0,0,0.0,1006.4
2025-07-01 13:22:01,0,0,1795,158.7,0,0.0,0,0.0,1006.4
2025-07-01 13:22:01,0,0,1795,158.7,0,0.0,0,0.0,1006.4
2025-07-01 13:22:01,0,0,1795,158.7,0,0.0,0,0.0,1006.4
2025-07-01 13:22:01,0,1,1791,187.5,0,0.0,0,0.0,999.9
2025-07-01 13:22:02,0,1,1791,187.5,0,0.0,0,0.0,999.9
2025-07-01 13:22:02,0,1,1791,187.5,0,0.0,0,0.0,999.9
2025-07-01 13:22:02,0,1,1791,187.5,0,0.0,0,0.0,999.9
2025-07-01 13:22:02,0,1,1791,187.5,0,0.0,0,0.0,999.9
2025-07-01 13:22:02,0,1,1791,187.5,0,0.0,0,0.0,999.9
2025-07-01 13:22:02,0,1,1791,187.5,0,0.0,0,0.0,999.9
2025-07-01 13:22:02,0,1,1791,187.5,0,0.0,0,0.0,999.9
2025-07-01 13:22:02,0,0,1984,187.5,0,0.0,0,0.0,1000.4
2025-07-01 13:22:03,0,0,1984,187.5,0,0.0,0,0.0,1000.4
2025-07-01 13:22:03,0,0,1984,187.5,0,0.0,0,0.0,1000.4
2025-07-01 13:22:03,0,0,1984,187.5,0,0.0,0,0.0,1000.4
2025-07-01 13:22:03,0,0,1984,187.5,0,0.0,0,0.0,1000.4
2025-07-01 13:22:03,0,0,1984,187.5,0,0.0,0,0.0,1000.4
2025-07-01 13:22:03,0,0,1984,187.5,0,0.0,0,0.0,1000.4
2025-07-01 13:22:03,0,0,1984,187.5,0,0.0,0,0.0,1000.4
2025-07-01 13:22:04,0,0,1942,187.5,0,0.0,0,0.0,1003.6
2025-07-01 13:22:04,0,0,1942,187.5,0,0.0,0,0.0,1003.6
2025-07-01 13:22:04,0,0,1942,187.5,0,0.0,0,0.0,1003.6
2025-07-01 13:22:04,0,0,1942,187.5,0,0.0,0,0.0,1003.6
2025-07-01 13:22:04,0,0,1942,187.5,0,0.0,0,0.0,1003.6
2025-07-01 13:22:04,0,0,1942,187.5,0,0.0,0,0.0,1003.6
2025-07-01 13:22:04,0,0,1942,187.5,0,0.0,0,0.0,1003.6
2025-07-01 13:22:04,0,0,1942,187.5,0,0.0,0,0.0,1003.6
2025-07-01 13:22:04,0,0,1939,129.3,0,0.0,0,0.0,1001.1
2025-07-01 13:22:05,0,0,1939,129.3,0,0.0,0,0.0,1001.1
2025-07-01 13:22:05,0,0,1939,129.3,0,0.0,0,0.0,1001.1
2025-07-01 13:22:05,0,0,1939,129.3,0,0.0,0,0.0,1001.1
2025-07-01 13:22:05,0,0,1939,129.3,0,0.0,0,0.0,1001.1
2025-07-01 13:22:05,0,0,1939,129.3,0,0.0,0,0.0,1001.1
2025-07-01 13:22:05,0,0,1939,129.3,0,0.0,0,0.0,1001.1
2025-07-01 13:22:05,0,0,1939,129.3,0,0.0,0,0.0,1001.1
2025-07-01 13:22:05,0,0,1585,129.3,0,0.0,0,0.0,1000.1
2025-07-01 13:22:06,0,0,1585,129.3,0,0.0,0,0.0,1000.1
2025-07-01 13:22:06,0,0,1585,129.3,0,0.0,0,0.0,1000.1
2025-07-01 13:22:06,0,0,1585,129.3,0,0.0,0,0.0,1000.1
2025-07-01 13:22:06,0,0,1585,129.3,0,0.0,0,0.0,1000.1
2025-07-01 13:22:06,0,0,1585,129.3,0,0.0,0,0.0,1000.1
2025-07-01 13:22:06,0,0,1585,129.3,0,0.0,0,0.0,1000.1
2025-07-01 13:22:06,0,0,1585,129.3,0,0.0,0,0.0,1000.1
2025-07-01 13:22:07,0,0,1753,129.3,0,0.0,0,0.0,998.7
2025-07-01 13:22:07,0,0,1753,129.3,0,0.0,0,0.0,998.7
2025-07-01 13:22:07,0,0,1753,129.3,0,0.0,0,0.0,998.7
2025-07-01 13:22:07,0,0,1753,129.3,0,0.0,0,0.0,998.7
2025-07-01 13:22:07,0,0,1753,129.3,0,0.0,0,0.0,998.7
2025-07-01 13:22:07,0,0,1753,129.3,0,0.0,0,0.0,998.7
2025-07-01 13:22:07,0,0,1753,129.3,0,0.0,0,0.0,998.7
2025-07-01 13:22:07,0,0,1753,129.3,0,0.0,0,0.0,998.7
2025-07-01 13:22:08,0,0,1753,129.3,0,0.0,0,0.0,998.7
2025-07-01 13:22:08,0,1,1792,129.3,0,0.0,0,0.0,1003.4
2025-07-01 13:22:08,0,1,1792,129.3,0,0.0,0,0.0,1003.4
2025-07-01 13:22:08,0,1,1792,129.3,0,0.0,0,0.0,1003.4
2025-07-01 13:22:08,0,1,1792,129.3,0,0.0,0,0.0,1003.4
2025-07-01 13:22:08,0,1,1792,129.3,0,0.0,0,0.0,1003.4
2025-07-01 13:22:08,0,1,1792,129.3,0,0.0,0,0.0,1003.4
2025-07-01 13:22:08,0,1,1792,129.3,0,0.0,0,0.0,1003.4
2025-07-01 13:22:08,0,1,1792,129.3,0,0.0,0,0.0,1003.4
2025-07-01 13:22:09,0,1,1792,129.3,0,0.0,0,0.0,1003.4
2025-07-01 13:22:09,0,1,1803,129.3,0,0.0,0,0.0,1002.4
2025-07-01 13:22:09,0,1,1803,129.3,0,0.0,0,0.0,1002.4
2025-07-01 13:22:09,0,1,1803,129.3,0,0.0,0,0.0,1002.4
2025-07-01 13:22:09,0,1,1803,129.3,0,0.0,0,0.0,1002.4
2025-07-01 13:22:09,0,1,1803,129.3,0,0.0,0,0.0,1002.4
2025-07-01 13:22:09,0,1,1803,129.3,0,0.0,0,0.0,1002.4
2025-07-01 13:22:10,0,1,1803,129.3,0,0.0,0,0.0,1002.4
2025-07-01 13:22:10,0,1,1803,129.3,0,0.0,0,0.0,1002.4
2025-07-01 13:22:10,0,0,1529,129.3,0,0.0,0,0.0,1001.8
2025-07-01 13:22:10,0,0,1529,129.3,0,0.0,0,0.0,1001.8
2025-07-01 13:22:10,0,0,1529,129.3,0,0.0,0,0.0,1001.8
2025-07-01 13:22:10,0,0,1529,129.3,0,0.0,0,0.0,1001.8
2025-07-01 13:22:10,0,0,1529,129.3,0,0.0,0,0.0,1001.8
2025-07-01 13:22:10,0,0,1529,129.3,0,0.0,0,0.0,1001.8
2025-07-01 13:22:11,0,0,1529,129.3,0,0.0,0,0.0,1001.8
2025-07-01 13:22:11,0,0,1529,129.3,0,0.0,0,0.0,1001.8
2025-07-01 13:22:11,0,1,1812,189.9,0,0.0,0,0.0,1004.4
2025-07-01 13:22:11,0,1,1812,189.9,0,0.0,0,0.0,1004.4
2025-07-01 13:22:11,0,1,1812,189.9,0,0.0,0,0.0,1004.4
2025-07-01 13:22:11,0,1,1812,189.9,0,0.0,0,0.0,1004.4
2025-07-01 13:22:11,0,1,1812,189.9,0,0.0,0,0.0,1004.4
2025-07-01 13:22:11,0,1,1812,189.9,0,0.0,0,0.0,1004.4
2025-07-01 13:22:12,0,1,1812,189.9,0,0.0,0,0.0,1004.4
2025-07-01 13:22:12,0,1,1812,189.9,0,0.0,0,0.0,1004.4
2025-07-01 13:22:12,0,0,1910,189.9,0,0.0,0,0.0,1000.1
2025-07-01 13:22:12,0,0,1910,189.9,0,0.0,0,0.0,1000.1
2025-07-01 13:22:12,0,0,1910,189.9,0,0.0,0,0.0,1000.1
2025-07-01 13:22:12,0,0,1910,189.9,0,0.0,0,0.0,1000.1
2025-07-01 13:22:12,0,0,1910,189.9,0,0.0,0,0.0,1000.1
2025-07-01 13:22:12,0,0,1910,189.9,0,0.0,0,0.0,1000.1
2025-07-01 13:22:13,0,0,1910,189.9,0,0.0,0,0.0,1000.1
2025-07-01 13:22:13,0,0,1910,189.9,0,0.0,0,0.0,1000.1
2025-07-01 13:22:13,0,1,1806,143.2,0,0.0,0,0.0,1001.8
2025-07-01 13:22:13,0,1,1806,143.2,0,0.0,0,0.0,1001.8
2025-07-01 13:22:13,0,1,1806,143.2,0,0.0,0,0.0,1001.8
2025-07-01 13:22:13,0,1,1806,143.2,0,0.0,0,0.0,1001.8
2025-07-01 13:22:13,0,1,1806,143.2,0,0.0,0,0.0,1001.8
2025-07-01 13:22:13,0,1,1806,143.2,0,0.0,0,0.0,1001.8
2025-07-01 13:22:14,0,1,1806,143.2,0,0.0,0,0.0,1001.8
2025-07-01 13:22:14,0,1,1806,143.2,0,0.0,0,0.0,1001.8
2025-07-01 13:22:14,0,1,1806,143.2,0,0.0,0,0.0,1001.8
2025-07-01 13:22:14,0,1,1805,143.2,0,0.0,0,0.0,1013.8
2025-07-01 13:22:14,0,1,1805,143.2,0,0.0,0,0.0,1013.8
2025-07-01 13:22:14,0,1,1805,143.2,0,0.0,0,0.0,1013.8
2025-07-01 13:22:14,0,1,1805,143.2,0,0.0,0,0.0,1013.8
2025-07-01 13:22:14,0,1,1805,143.2,0,0.0,0,0.0,1013.8
2025-07-01 13:22:14,0,1,1805,143.2,0,0.0,0,0.0,1013.8
2025-07-01 13:22:15,0,1,1805,143.2,0,0.0,0,0.0,1013.8
2025-07-01 13:22:15,0,1,1805,143.2,0,0.0,0,0.0,1013.8
2025-07-01 13:22:15,0,1,1805,143.2,0,0.0,0,0.0,1013.8
2025-07-01 13:22:15,0,0,1535,143.2,0,0.0,0,0.0,1003.5
2025-07-01 13:22:15,0,0,1535,143.2,0,0.0,0,0.0,1003.5
2025-07-01 13:22:15,0,0,1535,143.2,0,0.0,0,0.0,1003.5
2025-07-01 13:22:15,0,0,1535,143.2,0,0.0,0,0.0,1003.5
2025-07-01 13:22:15,0,0,1535,143.2,0,0.0,0,0.0,1003.5
2025-07-01 13:22:16,0,0,1535,143.2,0,0.0,0,0.0,1003.5
2025-07-01 13:22:16,0,0,1535,143.2,0,0.0,0,0.0,1003.5
2025-07-01 13:22:16,0,0,1535,143.2,0,0.0,0,0.0,1003.5
2025-07-01 13:22:16,0,0,1535,143.2,0,0.0,0,0.0,1003.5
2025-07-01 13:22:16,0,0,1535,143.2,0,0.0,0,0.0,1003.5
2025-07-01 13:22:16,0,0,1535,143.2,0,0.0,0,0.0,1003.5
2025-07-01 13:22:16,0,0,1535,143.2,0,0.0,0,0.0,1003.5
2025-07-01 13:22:16,0,0,1535,143.2,0,0.0,0,0.0,1003.5
2025-07-01 13:22:17,0,0,1535,143.2,0,0.0,0,0.0,1003.5
2025-07-01 13:22:17,0,0,1535,143.2,0,0.0,0,0.0,1003.5
2025-07-01 13:22:17,0,0,1535,143.2,0,0.0,0,0.0,1003.5
2025-07-01 13:22:17,0,0,1535,143.2,0,0.0,0,0.0,1003.5
2025-07-01 13:22:17,0,0,1535,143.2,0,0.0,0,0.0,1003.5
2025-07-01 13:22:17,0,1,1794,143.2,39,0.0,0,0.0,999.8
2025-07-01 13:22:17,0,1,1794,143.2,39,0.0,0,0.0,999.8
2025-07-01 13:22:17,0,1,1794,143.2,39,0.0,0,0.0,999.8
2025-07-01 13:22:17,0,1,1794,143.2,39,0.0,0,0.0,999.8
2025-07-01 13:22:17,0,1,1794,143.2,39,0.0,0,0.0,999.8
2025-07-01 13:22:18,0,1,1794,143.2,39,0.0,0,0.0,999.8
2025-07-01 13:22:18,0,1,1794,143.2,39,0.0,0,0.0,999.8
2025-07-01 13:22:18,0,1,1794,143.2,39,0.0,0,0.0,999.8
2025-07-01 13:22:18,0,1,1794,143.2,39,0.0,0,0.0,999.8
2025-07-01 13:22:18,0,1,1779,125.0,39,0.0,0,0.0,999.9
2025-07-01 13:22:18,0,1,1779,125.0,39,0.0,0,0.0,999.9
2025-07-01 13:22:18,0,1,1779,125.0,39,0.0,0,0.0,999.9
2025-07-01 13:22:18,0,1,1779,125.0,39,0.0,0,0.0,999.9
2025-07-01 13:22:19,0,1,1779,125.0,39,0.0,0,0.0,999.9
2025-07-01 13:22:19,0,1,1779,125.0,39,0.0,0,0.0,999.9
2025-07-01 13:22:19,0,1,1779,125.0,39,0.0,0,0.0,999.9
2025-07-01 13:22:19,0,1,1779,125.0,39,0.0,0,0.0,999.9
2025-07-01 13:22:19,0,1,1779,125.0,39,0.0,0,0.0,999.9
2025-07-01 13:22:19,0,1,1776,125.0,39,0.0,0,0.0,998.6
2025-07-01 13:22:19,0,1,1776,125.0,39,0.0,0,0.0,998.6
2025-07-01 13:22:19,0,1,1776,125.0,39,0.0,0,0.0,998.6
2025-07-01 13:22:20,0,1,1776,125.0,39,0.0,0,0.0,998.6
2025-07-01 13:22:20,0,1,1776,125.0,39,0.0,0,0.0,998.6
2025-07-01 13:22:20,0,1,1776,125.0,39,0.0,0,0.0,998.6
2025-07-01 13:22:20,0,1,1776,125.0,39,0.0,0,0.0,998.6
2025-07-01 13:22:20,0,1,1776,125.0,39,0.0,0,0.0,998.6
2025-07-01 13:22:20,0,1,1776,125.0,39,0.0,0,0.0,998.6
2025-07-01 13:22:20,0,0,1707,125.0,39,0.0,0,0.0,995.1
2025-07-01 13:22:20,0,0,1707,125.0,39,0.0,0,0.0,995.1
2025-07-01 13:22:21,0,0,1707,125.0,39,0.0,0,0.0,995.1
2025-07-01 13:22:21,0,0,1707,125.0,39,0.0,0,0.0,995.1
2025-07-01 13:22:21,0,0,1707,125.0,39,0.0,0,0.0,995.1
2025-07-01 13:22:21,0,0,1707,125.0,39,0.0,0,0.0,995.1
2025-07-01 13:22:21,0,0,1707,125.0,39,0.0,0,0.0,995.1
2025-07-01 13:22:21,0,0,1707,125.0,39,0.0,0,0.0,995.1
2025-07-01 13:22:21,0,0,1707,125.0,39,0.0,0,0.0,995.1
2025-07-01 13:22:21,0,1,1786,125.0,39,0.0,0,0.0,1001.1
2025-07-01 13:22:22,0,1,1786,125.0,39,0.0,0,0.0,1001.1
2025-07-01 13:22:22,0,1,1786,125.0,39,0.0,0,0.0,1001.1
2025-07-01 13:22:22,0,1,1786,125.0,39,0.0,0,0.0,1001.1
2025-07-01 13:22:22,0,1,1786,125.0,39,0.0,0,0.0,1001.1
2025-07-01 13:22:22,0,1,1786,125.0,39,0.0,0,0.0,1001.1
2025-07-01 13:22:22,0,1,1786,125.0,39,0.0,0,0.0,1001.1
2025-07-01 13:22:22,0,1,1786,125.0,39,0.0,0,0.0,1001.1
2025-07-01 13:22:22,0,0,1496,125.0,39,0.0,0,0.0,997.4
2025-07-01 13:22:23,0,0,1496,125.0,39,0.0,0,0.0,997.4
2025-07-01 13:22:23,0,0,1496,125.0,39,0.0,0,0.0,997.4
2025-07-01 13:22:23,0,0,1496,125.0,39,0.0,0,0.0,997.4
2025-07-01 13:22:23,0,0,1496,125.0,39,0.0,0,0.0,997.4
2025-07-01 13:22:23,0,0,1496,125.0,39,0.0,0,0.0,997.4
2025-07-01 13:22:23,0,0,1496,125.0,39,0.0,0,0.0,997.4
2025-07-01 13:22:23,0,0,1496,125.0,39,0.0,0,0.0,997.4
2025-07-01 13:22:23,0,1,1789,125.0,39,0.0,0,0.0,999.7
2025-07-01 13:22:24,0,1,1789,125.0,39,0.0,0,0.0,999.7
2025-07-01 13:22:24,0,1,1789,125.0,39,0.0,0,0.0,999.7
2025-07-01 13:22:24,0,1,1789,125.0,39,0.0,0,0.0,999.7
2025-07-01 13:22:24,0,1,1789,125.0,39,0.0,0,0.0,999.7
2025-07-01 13:22:24,0,1,1789,125.0,39,0.0,0,0.0,999.7
2025-07-01 13:22:24,0,1,1789,125.0,39,0.0,0,0.0,999.7
2025-07-01 13:22:24,0,1,1789,125.0,39,0.0,0,0.0,999.7
2025-07-01 13:22:25,0,1,1792,168.1,39,0.0,0,0.0,998.0
2025-07-01 13:22:25,0,1,1792,168.1,39,0.0,0,0.0,998.0
2025-07-01 13:22:25,0,1,1792,168.1,39,0.0,0,0.0,998.0
2025-07-01 13:22:25,0,1,1792,168.1,39,0.0,0,0.0,998.0
2025-07-01 13:22:25,0,1,1792,168.1,39,0.0,0,0.0,998.0
2025-07-01 13:22:25,0,1,1792,168.1,39,0.0,0,0.0,998.0
2025-07-01 13:22:25,0,1,1792,168.1,39,0.0,0,0.0,998.0
2025-07-01 13:22:25,0,1,1792,168.1,39,0.0,0,0.0,998.0
2025-07-01 13:22:25,0,1,1792,168.1,39,0.0,0,0.0,998.0
2025-07-01 13:22:26,0,0,1942,168.1,39,0.0,0,0.0,1003.4
2025-07-01 13:22:26,0,0,1942,168.1,39,0.0,0,0.0,1003.4
2025-07-01 13:22:26,0,0,1942,168.1,39,0.0,0,0.0,1003.4
2025-07-01 13:22:26,0,0,1942,168.1,39,0.0,0,0.0,1003.4
2025-07-01 13:22:26,0,0,1942,168.1,39,0.0,0,0.0,1003.4
2025-07-01 13:22:26,0,0,1942,168.1,39,0.0,0,0.0,1003.4
2025-07-01 13:22:26,0,0,1942,168.1,39,0.0,0,0.0,1003.4
2025-07-01 13:22:26,0,0,1942,168.1,39,0.0,0,0.0,1003.4
2025-07-01 13:22:27,0,0,1942,168.1,39,0.0,0,0.0,1003.4
2025-07-01 13:22:27,0,1,1794,168.1,39,0.0,0,0.0,1001.0
2025-07-01 13:22:27,0,1,1794,168.1,39,0.0,0,0.0,1001.0
2025-07-01 13:22:27,0,1,1794,168.1,39,0.0,0,0.0,1001.0
2025-07-01 13:22:27,0,1,1794,168.1,39,0.0,0,0.0,1001.0
2025-07-01 13:22:27,0,1,1794,168.1,39,0.0,0,0.0,1001.0
2025-07-01 13:22:27,0,1,1794,168.1,39,0.0,0,0.0,1001.0
2025-07-01 13:22:27,0,1,1794,168.1,39,0.0,0,0.0,1001.0
2025-07-01 13:22:28,0,1,1794,168.1,39,0.0,0,0.0,1001.0
2025-07-01 13:22:28,0,1,1794,168.1,39,0.0,0,0.0,1001.0
2025-07-01 13:22:28,0,0,1949,168.1,39,0.0,0,0.0,1000.5
2025-07-01 13:22:28,0,0,1949,168.1,39,0.0,0,0.0,1000.5
2025-07-01 13:22:28,0,0,1949,168.1,39,0.0,0,0.0,1000.5
2025-07-01 13:22:28,0,0,1949,168.1,39,0.0,0,0.0,1000.5
2025-07-01 13:22:28,0,0,1949,168.1,39,0.0,0,0.0,1000.5
2025-07-01 13:22:28,0,0,1949,168.1,39,0.0,0,0.0,1000.5
2025-07-01 13:22:29,0,0,1949,168.1,39,0.0,0,0.0,1000.5
2025-07-01 13:22:29,0,0,1949,168.1,39,0.0,0,0.0,1000.5
2025-07-01 13:22:29,0,1,1790,121.0,39,0.0,0,0.0,1001.5
2025-07-01 13:22:29,0,1,1790,121.0,39,0.0,0,0.0,1001.5
2025-07-01 13:22:29,0,1,1790,121.0,39,0.0,0,0.0,1001.5
2025-07-01 13:22:29,0,1,1790,121.0,39,0.0,0,0.0,1001.5
2025-07-01 13:22:29,0,1,1790,121.0,39,0.0,0,0.0,1001.5
2025-07-01 13:22:29,0,1,1790,121.0,39,0.0,0,0.0,1001.5
2025-07-01 13:22:30,0,1,1790,121.0,39,0.0,0,0.0,1001.5
2025-07-01 13:22:30,0,1,1790,121.0,39,0.0,0,0.0,1001.5
2025-07-01 13:22:30,0,0,1919,121.0,39,0.0,0,0.0,999.2
2025-07-01 13:22:30,0,0,1919,121.0,39,0.0,0,0.0,999.2
2025-07-01 13:22:30,0,0,1919,121.0,39,0.0,0,0.0,999.2
2025-07-01 13:22:30,0,0,1919,121.0,39,0.0,0,0.0,999.2
2025-07-01 13:22:30,0,0,1919,121.0,39,0.0,0,0.0,999.2
2025-07-01 13:22:30,0,0,1919,121.0,39,0.0,0,0.0,999.2
2025-07-01 13:22:30,0,0,1919,121.0,39,0.0,0,0.0,999.2
2025-07-01 13:22:31,0,0,1919,121.0,39,0.0,0,0.0,999.2
2025-07-01 13:22:31,0,0,1919,121.0,39,0.0,0,0.0,999.2
2025-07-01 13:22:31,0,0,1919,121.0,39,0.0,0,0.0,999.2
2025-07-01 13:22:31,0,1,1794,166.7,39,0.0,0,0.0,999.0
2025-07-01 13:22:31,0,1,1794,166.7,39,0.0,0,0.0,999.0
2025-07-01 13:22:31,0,1,1794,166.7,39,0.0,0,0.0,999.0
2025-07-01 13:22:31,0,1,1794,166.7,39,0.0,0,0.0,999.0
2025-07-01 13:22:31,0,1,1794,166.7,39,0.0,0,0.0,999.0
2025-07-01 13:22:32,0,1,1794,166.7,39,0.0,0,0.0,999.0
2025-07-01 13:22:32,0,1,1794,166.7,39,0.0,0,0.0,999.0
2025-07-01 13:22:32,0,1,1794,166.7,39,0.0,0,0.0,999.0
2025-07-01 13:22:32,0,0,1659,136.4,39,0.0,0,0.0,1001.2
2025-07-01 13:22:32,0,0,1659,136.4,39,0.0,0,0.0,1001.2
2025-07-01 13:22:32,0,0,1659,136.4,39,0.0,0,0.0,1001.2
2025-07-01 13:22:32,0,0,1659,136.4,39,0.0,0,0.0,1001.2
2025-07-01 13:22:32,0,0,1659,136.4,39,0.0,0,0.0,1001.2
2025-07-01 13:22:32,0,0,1659,136.4,39,0.0,0,0.0,1001.2
2025-07-01 13:22:33,0,0,1659,136.4,39,0.0,0,0.0,1001.2
2025-07-01 13:22:33,0,0,1659,136.4,39,0.0,0,0.0,1001.2
2025-07-01 13:22:33,0,0,1659,136.4,39,0.0,0,0.0,1001.2
2025-07-01 13:22:33,0,1,1793,136.4,39,0.0,0,0.0,1001.7
2025-07-01 13:22:33,0,1,1793,136.4,39,0.0,0,0.0,1001.7
2025-07-01 13:22:33,0,1,1793,136.4,39,0.0,0,0.0,1001.7
2025-07-01 13:22:33,0,1,1793,136.4,39,0.0,0,0.0,1001.7
2025-07-01 13:22:33,0,1,1793,136.4,39,0.0,0,0.0,1001.7
2025-07-01 13:22:34,0,1,1793,136.4,39,0.0,0,0.0,1001.7
2025-07-01 13:22:34,0,1,1793,136.4,39,0.0,0,0.0,1001.7
2025-07-01 13:22:34,0,1,1793,136.4,39,0.0,0,0.0,1001.7
2025-07-01 13:22:34,0,1,1793,136.4,39,0.0,0,0.0,1001.7
2025-07-01 13:22:34,0,0,1521,188.1,39,0.0,0,0.0,1001.0
2025-07-01 13:22:34,0,0,1521,188.1,39,0.0,0,0.0,1001.0
2025-07-01 13:22:34,0,0,1521,188.1,39,0.0,0,0.0,1001.0
2025-07-01 13:22:34,0,0,1521,188.1,39,0.0,0,0.0,1001.0
2025-07-01 13:22:34,0,0,1521,188.1,39,0.0,0,0.0,1001.0
2025-07-01 13:22:34,0,0,1521,188.1,39,0.0,0,0.0,1001.0
2025-07-01 13:22:35,0,0,1521,188.1,39,0.0,0,0.0,1001.0
2025-07-01 13:22:35,0,0,1521,188.1,39,0.0,0,0.0,1001.0
2025-07-01 13:22:35,0,0,1521,188.1,39,0.0,0,0.0,1001.0
2025-07-01 13:22:35,0,1,1789,188.1,39,0.0,0,0.0,1000.9
2025-07-01 13:22:35,0,1,1789,188.1,39,0.0,0,0.0,1000.9
2025-07-01 13:22:35,0,1,1789,188.1,39,0.0,0,0.0,1000.9
2025-07-01 13:22:35,0,1,1789,188.1,39,0.0,0,0.0,1000.9
2025-07-01 13:22:35,0,1,1789,188.1,39,0.0,0,0.0,1000.9
2025-07-01 13:22:36,0,1,1789,188.1,39,0.0,0,0.0,1000.9
2025-07-01 13:22:36,0,1,1789,188.1,39,0.0,0,0.0,1000.9
2025-07-01 13:22:36,0,1,1789,188.1,39,0.0,0,0.0,1000.9
2025-07-01 13:22:36,0,0,1799,188.1,39,0.0,0,0.0,990.7
2025-07-01 13:22:36,0,0,1799,188.1,39,0.0,0,0.0,990.7
2025-07-01 13:22:36,0,0,1799,188.1,39,0.0,0,0.0,990.7
2025-07-01 13:22:36,0,0,1799,188.1,39,0.0,0,0.0,990.7
2025-07-01 13:22:36,0,0,1799,188.1,39,0.0,0,0.0,990.7
2025-07-01 13:22:37,0,0,1799,188.1,39,0.0,0,0.0,990.7
2025-07-01 13:22:37,0,0,1799,188.1,39,0.0,0,0.0,990.7
2025-07-01 13:22:37,0,0,1973,103.8,39,0.0,0,0.0,1000.0
2025-07-01 13:22:37,0,0,1973,103.8,39,0.0,0,0.0,1000.0
2025-07-01 13:22:37,0,0,1973,103.8,39,0.0,0,0.0,1000.0
2025-07-01 13:22:37,0,0,1973,103.8,39,0.0,0,0.0,1000.0
2025-07-01 13:22:37,0,0,1973,103.8,39,0.0,0,0.0,1000.0
2025-07-01 13:22:38,0,0,1973,103.8,39,0.0,0,0.0,1000.0
2025-07-01 13:22:38,0,0,1973,103.8,39,0.0,0,0.0,1000.0
2025-07-01 13:22:38,0,0,1973,103.8,39,0.0,0,0.0,1000.0
2025-07-01 13:22:38,0,0,1973,103.8,39,0.0,0,0.0,1000.0
2025-07-01 13:22:38,0,0,1964,103.8,39,0.0,0,0.0,1000.5
2025-07-01 13:22:38,0,0,1964,103.8,39,0.0,0,0.0,1000.5
2025-07-01 13:22:38,0,0,1964,103.8,39,0.0,0,0.0,1000.5
2025-07-01 13:22:38,0,0,1964,103.8,39,0.0,0,0.0,1000.5
2025-07-01 13:22:38,0,0,1964,103.8,39,0.0,0,0.0,1000.5
2025-07-01 13:22:39,0,0,1964,103.8,39,0.0,0,0.0,1000.5
2025-07-01 13:22:39,0,0,1964,103.8,39,0.0,0,0.0,1000.5
2025-07-01 13:22:39,0,0,1964,103.8,39,0.0,0,0.0,1000.5
2025-07-01 13:22:39,0,0,1973,150.8,39,0.0,0,0.0,999.2
2025-07-01 13:22:39,0,0,1973,150.8,39,0.0,0,0.0,999.2
2025-07-01 13:22:39,0,0,1973,150.8,39,0.0,0,0.0,999.2
2025-07-01 13:22:40,0,0,1973,150.8,39,0.0,0,0.0,999.2
2025-07-01 13:22:40,0,0,1973,150.8,39,0.0,0,0.0,999.2
2025-07-01 13:22:40,0,0,1973,150.8,39,0.0,0,0.0,999.2
2025-07-01 13:22:40,0,0,1973,150.8,39,0.0,0,0.0,999.2
2025-07-01 13:22:40,0,0,1973,150.8,39,0.0,0,0.0,999.2
2025-07-01 13:22:40,0,0,1709,150.8,39,0.0,0,0.0,996.4
2025-07-01 13:22:40,0,0,1709,150.8,39,0.0,0,0.0,996.4
2025-07-01 13:22:40,0,0,1709,150.8,39,0.0,0,0.0,996.4
2025-07-01 13:22:40,0,0,1709,150.8,39,0.0,0,0.0,996.4
2025-07-01 13:22:41,0,0,1709,150.8,39,0.0,0,0.0,996.4
2025-07-01 13:22:41,0,0,1709,150.8,39,0.0,0,0.0,996.4
2025-07-01 13:22:41,0,0,1709,150.8,39,0.0,0,0.0,996.4
2025-07-01 13:22:41,0,0,1709,150.8,39,0.0,0,0.0,996.4
2025-07-01 13:22:41,0,0,1709,150.8,39,0.0,0,0.0,996.4
2025-07-01 13:22:41,0,1,1775,150.8,39,0.0,0,0.0,1001.9
2025-07-01 13:22:41,83,1,1775,150.8,39,0.0,900,0.0,1001.9
2025-07-01 13:22:41,83,1,1775,150.8,39,0.0,0,0.0,1001.9
2025-07-01 13:22:42,83,1,1775,150.8,39,0.0,0,0.0,1001.9
2025-07-01 13:22:42,83,1,1775,150.8,39,0.0,0,0.0,1001.9
2025-07-01 13:22:42,83,1,1775,150.8,39,0.0,0,0.0,1001.9
2025-07-01 13:22:42,83,1,1775,150.8,39,0.0,0,0.0,1001.9
2025-07-01 13:22:42,83,1,1775,150.8,39,0.0,0,0.0,1001.9
2025-07-01 13:22:42,83,1,1775,150.8,39,0.0,0,0.0,1001.9
2025-07-01 13:22:42,83,1,1779,150.8,39,0.0,0,0.0,1011.0
2025-07-01 13:22:42,83,1,1779,150.8,39,0.0,0,0.0,1011.0
2025-07-01 13:22:42,83,1,1779,150.8,39,0.0,0,0.0,1011.0
2025-07-01 13:22:43,83,1,1779,150.8,39,0.0,0,0.0,1011.0
2025-07-01 13:22:43,83,1,1779,150.8,39,0.0,0,0.0,1011.0
2025-07-01 13:22:43,83,1,1779,150.8,39,0.0,0,0.0,1011.0
2025-07-01 13:22:43,83,1,1779,150.8,39,0.0,0,0.0,1011.0
2025-07-01 13:22:43,83,1,1779,150.8,39,0.0,0,0.0,1011.0
2025-07-01 13:22:43,83,1,1779,150.8,39,0.0,0,0.0,1011.0
2025-07-01 13:22:43,83,1,1789,150.8,39,0.0,0,0.0,1000.2
2025-07-01 13:22:43,83,1,1789,150.8,39,0.0,0,0.0,1000.2
2025-07-01 13:22:44,83,1,1789,150.8,39,0.0,0,0.0,1000.2
2025-07-01 13:22:44,83,1,1789,150.8,39,0.0,0,0.0,1000.2
2025-07-01 13:22:44,83,1,1789,150.8,39,0.0,0,0.0,1000.2
2025-07-01 13:22:44,83,1,1789,150.8,39,0.0,0,0.0,1000.2
2025-07-01 13:22:44,83,1,1789,150.8,39,0.0,0,0.0,1000.2
2025-07-01 13:22:44,83,1,1789,150.8,39,0.0,0,0.0,1000.2
2025-07-01 13:22:44,83,1,1792,150.8,39,0.0,0,0.0,1001.6
2025-07-01 13:22:44,83,1,1792,150.8,39,0.0,0,0.0,1001.6
2025-07-01 13:22:44,83,1,1792,150.8,39,0.0,0,0.0,1001.6
2025-07-01 13:22:45,83,1,1792,150.8,39,0.0,0,0.0,1001.6
2025-07-01 13:22:45,83,1,1792,150.8,39,0.0,0,0.0,1001.6
2025-07-01 13:22:45,83,1,1792,150.8,39,0.0,0,0.0,1001.6
2025-07-01 13:22:45,83,1,1792,150.8,39,0.0,0,0.0,1001.6
2025-07-01 13:22:45,83,1,1792,150.8,39,0.0,0,0.0,1001.6
2025-07-01 13:22:45,83,1,1792,150.8,39,0.0,0,0.0,1001.6
2025-07-01 13:22:45,83,1,1783,187.5,39,0.0,0,0.0,998.3
2025-07-01 13:22:45,83,1,1783,187.5,39,0.0,0,0.0,998.3
2025-07-01 13:22:46,83,1,1783,187.5,39,0.0,0,0.0,998.3
2025-07-01 13:22:46,83,1,1783,187.5,39,0.0,0,0.0,998.3
2025-07-01 13:22:46,83,1,1783,187.5,39,0.0,0,0.0,998.3
2025-07-01 13:22:46,83,1,1783,187.5,39,0.0,0,0.0,998.3
2025-07-01 13:22:46,83,1,1783,187.5,39,0.0,0,0.0,998.3
2025-07-01 13:22:46,83,1,1783,187.5,39,0.0,0,0.0,998.3
2025-07-01 13:22:46,83,0,1954,187.5,39,0.0,0,0.0,1002.2
2025-07-01 13:22:47,83,0,1954,187.5,39,0.0,0,0.0,1002.2
2025-07-01 13:22:47,83,0,1954,187.5,39,0.0,0,0.0,1002.2
2025-07-01 13:22:47,83,0,1954,187.5,39,0.0,0,0.0,1002.2
2025-07-01 13:22:47,83,0,1954,187.5,39,0.0,0,0.0,1002.2
2025-07-01 13:22:47,83,0,1954,187.5,39,0.0,0,0.0,1002.2
2025-07-01 13:22:47,83,0,1954,187.5,39,0.0,0,0.0,1002.2
2025-07-01 13:22:47,83,0,1954,187.5,39,0.0,0,0.0,1002.2
2025-07-01 13:22:47,83,0,1954,187.5,39,0.0,0,0.0,1002.2
2025-07-01 13:22:47,83,0,1564,187.5,39,0.0,0,0.0,1005.4
2025-07-01 13:22:48,83,0,1564,187.5,39,0.0,0,0.0,1005.4
2025-07-01 13:22:48,83,0,1564,187.5,39,0.0,0,0.0,1005.4
2025-07-01 13:22:48,83,0,1564,187.5,39,0.0,0,0.0,1005.4
2025-07-01 13:22:48,83,0,1564,187.5,39,0.0,0,0.0,1005.4
2025-07-01 13:22:48,83,0,1564,187.5,39,0.0,0,0.0,1005.4
2025-07-01 13:22:48,83,0,1564,187.5,39,0.0,0,0.0,1005.4
2025-07-01 13:22:48,83,0,1564,187.5,39,0.0,0,0.0,1005.4
2025-07-01 13:22:48,83,1,1809,187.5,39,0.0,0,0.0,1001.4
2025-07-01 13:22:49,83,1,1809,187.5,39,0.0,0,0.0,1001.4
2025-07-01 13:22:49,83,1,1809,187.5,39,0.0,0,0.0,1001.4
2025-07-01 13:22:49,83,1,1809,187.5,39,0.0,0,0.0,1001.4
2025-07-01 13:22:49,83,1,1809,187.5,39,0.0,0,0.0,1001.4
2025-07-01 13:22:49,83,1,1809,187.5,39,0.0,0,0.0,1001.4
2025-07-01 13:22:49,83,1,1809,187.5,39,0.0,0,0.0,1001.4
2025-07-01 13:22:49,83,1,1809,187.5,39,0.0,0,0.0,1001.4
2025-07-01 13:22:49,83,1,1809,187.5,39,0.0,0,0.0,1001.4
2025-07-01 13:22:50,83,1,1802,187.5,39,0.0,0,0.0,998.5
2025-07-01 13:22:50,83,1,1802,187.5,39,0.0,0,0.0,998.5
2025-07-01 13:22:50,83,1,1802,187.5,39,0.0,0,0.0,998.5
2025-07-01 13:22:50,83,1,1802,187.5,39,0.0,0,0.0,998.5
2025-07-01 13:22:50,83,1,1802,187.5,39,0.0,0,0.0,998.5
2025-07-01 13:22:50,83,1,1802,187.5,39,0.0,0,0.0,998.5
2025-07-01 13:22:50,83,1,1802,187.5,39,0.0,0,0.0,998.5
2025-07-01 13:22:50,83,1,1802,187.5,39,0.0,0,0.0,998.5
2025-07-01 13:22:51,83,1,1802,187.5,39,0.0,0,0.0,998.5
2025-07-01 13:22:51,83,1,1805,187.5,1,0.0,0,0.0,999.5
2025-07-01 13:22:51,83,1,1805,187.5,1,0.0,0,0.0,999.5
2025-07-01 13:22:51,83,1,1805,187.5,1,0.0,0,0.0,999.5
2025-07-01 13:22:51,83,1,1805,187.5,1,0.0,0,0.0,999.5
2025-07-01 13:22:51,83,1,1805,187.5,1,0.0,0,0.0,999.5
2025-07-01 13:22:51,83,1,1805,187.5,1,0.0,0,0.0,999.5
2025-07-01 13:22:51,83,1,1805,187.5,1,0.0,0,0.0,999.5
2025-07-01 13:22:51,83,1,1805,187.5,1,0.0,0,0.0,999.5
2025-07-01 13:22:52,83,1,1805,187.5,1,0.0,0,0.0,999.5
2025-07-01 13:22:52,83,0,1973,187.5,1,0.0,0,0.0,998.5
2025-07-01 13:22:52,83,0,1973,187.5,1,0.0,0,0.0,998.5
2025-07-01 13:22:52,83,0,1973,187.5,1,0.0,0,0.0,998.5
2025-07-01 13:22:52,83,0,1973,187.5,1,0.0,0,0.0,998.5
2025-07-01 13:22:52,83,0,1973,187.5,1,0.0,0,0.0,998.5
2025-07-01 13:22:52,83,0,1973,187.5,1,0.0,0,0.0,998.5
2025-07-01 13:22:52,83,0,1973,187.5,1,0.0,0,0.0,998.5
2025-07-01 13:22:53,83,0,1973,187.5,1,0.0,0,0.0,998.5
2025-07-01 13:22:53,83,0,1973,187.5,1,0.0,0,0.0,998.5
2025-07-01 13:22:53,83,1,1799,187.5,1,0.0,0,0.0,1000.2
2025-07-01 13:22:53,83,1,1799,187.5,1,0.0,0,0.0,1000.2
2025-07-01 13:22:53,83,1,1799,187.5,1,0.0,0,0.0,1000.2
2025-07-01 13:22:53,83,1,1799,187.5,1,0.0,0,0.0,1000.2
2025-07-01 13:22:53,83,1,1799,187.5,1,0.0,0,0.0,1000.2
2025-07-01 13:22:53,83,1,1799,187.5,1,0.0,0,0.0,1000.2
2025-07-01 13:22:54,83,1,1799,187.5,1,0.0,0,0.0,1000.2
2025-07-01 13:22:54,83,1,1799,187.5,1,0.0,0,0.0,1000.2
2025-07-01 13:22:54,83,0,1815,187.5,1,0.0,0,0.0,999.7
2025-07-01 13:22:54,83,0,1815,187.5,1,0.0,0,0.0,999.7
2025-07-01 13:22:54,83,0,1815,187.5,1,0.0,0,0.0,999.7
2025-07-01 13:22:54,83,0,1815,187.5,1,0.0,0,0.0,999.7
2025-07-01 13:22:54,83,0,1815,187.5,1,0.0,0,0.0,999.7
2025-07-01 13:22:54,83,0,1815,187.5,1,0.0,0,0.0,999.7
2025-07-01 13:22:55,83,0,1815,187.5,1,0.0,0,0.0,999.7
2025-07-01 13:22:55,83,0,1815,187.5,1,0.0,0,0.0,999.7
2025-07-01 13:22:55,83,0,1815,187.5,1,0.0,0,0.0,999.7
2025-07-01 13:22:55,83,1,1806,187.5,1,0.0,0,0.0,994.6
2025-07-01 13:22:55,83,1,1806,187.5,1,0.0,0,0.0,994.6
2025-07-01 13:22:55,83,1,1806,187.5,1,0.0,0,0.0,994.6
2025-07-01 13:22:55,83,1,1806,187.5,1,0.0,0,0.0,994.6
2025-07-01 13:22:55,83,1,1806,187.5,1,0.0,0,0.0,994.6
2025-07-01 13:22:56,83,1,1806,187.5,1,0.0,0,0.0,994.6
2025-07-01 13:22:56,83,1,1806,187.5,1,0.0,0,0.0,994.6
2025-07-01 13:22:56,83,1,1806,187.5,1,0.0,0,0.0,994.6
2025-07-01 13:22:56,83,1,1806,187.5,1,0.0,0,0.0,994.6
2025-07-01 13:22:56,83,0,1648,187.5,1,0.0,0,0.0,1001.8
2025-07-01 13:22:56,83,0,1648,187.5,1,0.0,0,0.0,1001.8
2025-07-01 13:22:56,83,0,1648,187.5,1,0.0,0,0.0,1001.8
2025-07-01 13:22:56,83,0,1648,187.5,1,0.0,0,0.0,1001.8
2025-07-01 13:22:57,83,0,1648,187.5,1,0.0,0,0.0,1001.8
2025-07-01 13:22:57,83,0,1648,187.5,1,0.0,0,0.0,1001.8
2025-07-01 13:22:57,83,0,1648,187.5,1,0.0,0,0.0,1001.8
2025-07-01 13:22:57,83,0,1648,187.5,1,0.0,0,0.0,1001.8
2025-07-01 13:22:57,83,1,1793,187.5,1,0.0,0,0.0,1002.3
2025-07-01 13:22:57,83,1,1793,187.5,1,0.0,0,0.0,1002.3
2025-07-01 13:22:57,83,1,1793,187.5,1,0.0,0,0.0,1002.3
2025-07-01 13:22:57,83,1,1793,187.5,1,0.0,0,0.0,1002.3
2025-07-01 13:22:57,83,1,1793,187.5,1,0.0,0,0.0,1002.3
2025-07-01 13:22:58,83,1,1793,187.5,1,0.0,0,0.0,1002.3
2025-07-01 13:22:58,83,1,1793,187.5,1,0.0,0,0.0,1002.3
2025-07-01 13:22:58,83,1,1793,187.5,1,0.0,0,0.0,1002.3
2025-07-01 13:22:58,83,1,1793,187.5,1,0.0,0,0.0,1002.3
2025-07-01 13:22:58,83,0,1967,187.5,1,0.0,0,0.0,999.7
2025-07-01 13:22:58,83,0,1967,187.5,1,0.0,0,0.0,999.7
2025-07-01 13:22:59,83,0,1967,187.5,1,0.0,0,0.0,999.7
2025-07-01 13:22:59,83,0,1967,187.5,1,0.0,0,0.0,999.7
2025-07-01 13:22:59,83,0,1967,187.5,1,0.0,0,0.0,999.7
2025-07-01 13:22:59,83,0,1967,187.5,1,0.0,0,0.0,999.7
2025-07-01 13:22:59,83,1,1793,187.5,1,0.0,0,0.0,997.1
2025-07-01 13:22:59,83,1,1793,187.5,1,0.0,0,0.0,997.1
2025-07-01 13:23:00,83,1,1793,187.5,1,0.0,0,0.0,997.1
2025-07-01 13:23:00,83,1,1793,187.5,1,0.0,0,0.0,997.1
2025-07-01 13:23:00,83,1,1793,187.5,1,0.0,0,0.0,997.1
2025-07-01 13:23:00,83,1,1793,187.5,1,0.0,0,0.0,997.1
2025-07-01 13:23:00,83,1,1793,187.5,1,0.0,0,0.0,997.1
2025-07-01 13:23:00,83,0,1517,187.5,1,0.0,0,0.0,1002.0
2025-07-01 13:23:00,83,0,1517,187.5,1,0.0,0,0.0,1002.0
2025-07-01 13:23:00,83,0,1517,187.5,1,0.0,0,0.0,1002.0
2025-07-01 13:23:01,83,0,1517,187.5,1,0.0,0,0.0,1002.0
2025-07-01 13:23:01,83,0,1517,187.5,1,0.0,0,0.0,1002.0
2025-07-01 13:23:01,83,0,1517,187.5,1,0.0,0,0.0,1002.0
2025-07-01 13:23:01,83,0,1517,187.5,1,0.0,0,0.0,1002.0
2025-07-01 13:23:01,83,0,1809,187.5,1,0.0,0,0.0,1001.1
2025-07-01 13:23:01,83,0,1809,187.5,1,0.0,0,0.0,1001.1
2025-07-01 13:23:01,83,0,1809,187.5,1,0.0,0,0.0,1001.1
2025-07-01 13:23:01,83,0,1809,187.5,1,0.0,0,0.0,1001.1
2025-07-01 13:23:02,83,0,1809,187.5,1,0.0,0,0.0,1001.1
2025-07-01 13:23:02,83,0,1809,187.5,1,0.0,0,0.0,1001.1
2025-07-01 13:23:02,83,0,1809,187.5,1,0.0,0,0.0,1001.1
2025-07-01 13:23:02,83,0,1809,187.5,1,0.0,0,0.0,1001.1
2025-07-01 13:23:02,83,0,1809,187.5,1,0.0,0,0.0,1001.1
2025-07-01 13:23:02,83,1,1804,187.5,1,0.0,0,0.0,1004.0
2025-07-01 13:23:02,83,1,1804,187.5,1,0.0,0,0.0,1004.0
2025-07-01 13:23:02,83,1,1804,187.5,1,0.0,0,0.0,1004.0
2025-07-01 13:23:03,83,1,1804,187.5,1,0.0,0,0.0,1004.0
2025-07-01 13:23:03,83,1,1804,187.5,1,0.0,0,0.0,1004.0
2025-07-01 13:23:03,83,1,1804,187.5,1,0.0,0,0.0,1004.0
2025-07-01 13:23:03,83,1,1804,187.5,1,0.0,0,0.0,1004.0
2025-07-01 13:23:03,83,1,1804,187.5,1,0.0,0,0.0,1004.0
2025-07-01 13:23:03,83,1,1797,187.5,1,0.0,0,0.0,999.7
2025-07-01 13:23:03,83,1,1797,187.5,1,0.0,0,0.0,999.7
2025-07-01 13:23:03,83,1,1797,187.5,1,0.0,0,0.0,999.7
2025-07-01 13:23:04,83,1,1797,187.5,1,0.0,0,0.0,999.7
2025-07-01 13:23:04,83,1,1797,187.5,1,0.0,0,0.0,999.7
2025-07-01 13:23:04,83,1,1797,187.5,1,0.0,0,0.0,999.7
2025-07-01 13:23:04,83,1,1797,187.5,1,0.0,0,0.0,999.7
2025-07-01 13:23:04,83,1,1797,187.5,1,0.0,0,0.0,999.7
2025-07-01 13:23:04,83,1,1797,187.5,1,0.0,0,0.0,999.7
2025-07-01 13:23:04,83,0,1905,187.5,1,0.0,0,0.0,1001.2
2025-07-01 13:23:04,83,0,1905,187.5,1,0.0,0,0.0,1001.2
2025-07-01 13:23:05,83,0,1905,187.5,1,0.0,0,0.0,1001.2
2025-07-01 13:23:05,83,0,1905,187.5,1,0.0,0,0.0,1001.2
2025-07-01 13:23:05,83,0,1905,187.5,1,0.0,0,0.0,1001.2
2025-07-01 13:23:05,83,0,1905,187.5,1,0.0,0,0.0,1001.2
2025-07-01 13:23:05,83,0,1905,187.5,1,0.0,0,0.0,1001.2
2025-07-01 13:23:05,83,0,1905,187.5,1,0.0,0,0.0,1001.2
2025-07-01 13:23:05,83,0,1905,187.5,1,0.0,0,0.0,1001.2
2025-07-01 13:23:05,83,0,1681,187.5,1,0.0,0,0.0,997.1
2025-07-01 13:23:06,83,0,1681,187.5,1,0.0,0,0.0,997.1
2025-07-01 13:23:06,83,0,1681,187.5,1,0.0,0,0.0,997.1
2025-07-01 13:23:06,83,0,1681,187.5,1,0.0,0,0.0,997.1
2025-07-01 13:23:06,83,0,1681,187.5,1,0.0,0,0.0,997.1
2025-07-01 13:23:06,83,0,1681,187.5,1,0.0,0,0.0,997.1
2025-07-01 13:23:06,83,0,1681,187.5,1,0.0,0,0.0,997.1
2025-07-01 13:23:06,83,0,1681,187.5,1,0.0,0,0.0,997.1
2025-07-01 13:23:06,83,1,1799,137.3,1,0.0,0,0.0,1001.5
2025-07-01 13:23:07,83,1,1799,137.3,1,0.0,0,0.0,1001.5
2025-07-01 13:23:07,83,1,1799,137.3,1,0.0,0,0.0,1001.5
2025-07-01 13:23:07,83,1,1799,137.3,1,0.0,0,0.0,1001.5
2025-07-01 13:23:07,83,1,1799,137.3,1,0.0,0,0.0,1001.5
2025-07-01 13:23:07,83,1,1799,137.3,1,0.0,0,0.0,1001.5
2025-07-01 13:23:07,83,1,1799,137.3,1,0.0,0,0.0,1001.5
2025-07-01 13:23:07,83,1,1799,137.3,1,0.0,0,0.0,1001.5
2025-07-01 13:23:07,83,1,1798,130.7,1,0.0,0,0.0,1003.3
2025-07-01 13:23:08,83,1,1798,130.7,1,0.0,0,0.0,1003.3
2025-07-01 13:23:08,83,1,1798,130.7,1,0.0,0,0.0,1003.3
2025-07-01 13:23:08,83,1,1798,130.7,1,0.0,0,0.0,1003.3
2025-07-01 13:23:08,83,1,1798,130.7,1,0.0,0,0.0,1003.3
2025-07-01 13:23:08,83,1,1798,130.7,1,0.0,0,0.0,1003.3
2025-07-01 13:23:08,83,1,1798,130.7,1,0.0,0,0.0,1003.3
2025-07-01 13:23:08,83,1,1798,130.7,1,0.0,0,0.0,1003.3
2025-07-01 13:23:08,83,1,1798,130.7,1,0.0,0,0.0,1003.3
2025-07-01 13:23:08,83,0,1964,130.7,1,0.0,0,0.0,997.2
2025-07-01 13:23:09,83,0,1964,130.7,1,0.0,0,0.0,997.2
2025-07-01 13:23:09,83,0,1964,130.7,1,0.0,0,0.0,997.2
2025-07-01 13:23:09,83,0,1964,130.7,1,0.0,0,0.0,997.2
2025-07-01 13:23:09,83,0,1964,130.7,1,0.0,0,0.0,997.2
2025-07-01 13:23:09,83,0,1964,130.7,1,0.0,0,0.0,997.2
2025-07-01 13:23:09,83,0,1964,130.7,1,0.0,0,0.0,997.2
2025-07-01 13:23:09,83,0,1964,130.7,1,0.0,0,0.0,997.2
2025-07-01 13:23:09,83,0,1964,130.7,1,0.0,0,0.0,997.2
2025-07-01 13:23:09,83,1,1780,130.7,1,0.0,0,0.0,1002.6
2025-07-01 13:23:10,83,1,1780,130.7,1,0.0,0,0.0,1002.6
2025-07-01 13:23:10,83,1,1780,130.7,1,0.0,0,0.0,1002.6
2025-07-01 13:23:10,83,1,1780,130.7,1,0.0,0,0.0,1002.6
2025-07-01 13:23:10,83,1,1780,130.7,1,0.0,0,0.0,1002.6
2025-07-01 13:23:10,83,1,1780,130.7,1,0.0,0,0.0,1002.6
2025-07-01 13:23:10,83,1,1780,130.7,1,0.0,0,0.0,1002.6
2025-07-01 13:23:10,83,1,1780,130.7,1,0.0,0,0.0,1002.6
2025-07-01 13:23:11,83,0,1723,125.5,1,0.0,0,0.0,1001.3
2025-07-01 13:23:11,83,0,1723,125.5,1,0.0,0,0.0,1001.3
2025-07-01 13:23:11,83,0,1723,125.5,1,0.0,0,0.0,1001.3
2025-07-01 13:23:11,83,0,1723,125.5,1,0.0,0,0.0,1001.3
2025-07-01 13:23:11,83,0,1723,125.5,1,0.0,0,0.0,1001.3
2025-07-01 13:23:11,83,0,1723,125.5,1,0.0,0,0.0,1001.3
2025-07-01 13:23:11,83,0,1723,125.5,1,0.0,0,0.0,1001.3
2025-07-01 13:23:11,83,0,1723,125.5,1,0.0,0,0.0,1001.3
2025-07-01 13:23:12,83,0,1723,125.5,1,0.0,0,0.0,1001.3
2025-07-01 13:23:12,83,0,1783,125.5,2,0.0,0,0.0,1000.1
2025-07-01 13:23:12,83,0,1783,125.5,2,0.0,0,0.0,1000.1
2025-07-01 13:23:12,83,0,1783,125.5,2,0.0,0,0.0,1000.1
2025-07-01 13:23:12,83,0,1783,125.5,2,0.0,0,0.0,1000.1
2025-07-01 13:23:12,83,0,1783,125.5,2,0.0,0,0.0,1000.1
2025-07-01 13:23:12,83,0,1783,125.5,2,0.0,0,0.0,1000.1
2025-07-01 13:23:12,83,0,1783,125.5,2,0.0,0,0.0,1000.1
2025-07-01 13:23:13,83,0,1783,125.5,2,0.0,0,0.0,1000.1
2025-07-01 13:23:13,83,1,1783,125.5,2,0.0,0,0.0,1004.3
2025-07-01 13:23:13,83,1,1783,125.5,2,0.0,0,0.0,1004.3
2025-07-01 13:23:13,83,1,1783,125.5,2,0.0,0,0.0,1004.3
2025-07-01 13:23:13,83,1,1783,125.5,2,0.0,0,0.0,1004.3
2025-07-01 13:23:13,83,1,1783,125.5,2,0.0,0,0.0,1004.3
2025-07-01 13:23:13,83,1,1783,125.5,2,0.0,0,0.0,1004.3
2025-07-01 13:23:14,83,1,1783,125.5,2,0.0,0,0.0,1004.3
2025-07-01 13:23:14,83,1,1783,125.5,2,0.0,0,0.0,1004.3
2025-07-01 13:23:14,83,1,1783,125.5,2,0.0,0,0.0,1004.3
2025-07-01 13:23:14,83,1,1783,125.5,2,0.0,0,0.0,1004.3
2025-07-01 13:23:14,83,1,1783,125.5,2,0.0,0,0.0,1004.3
2025-07-01 13:23:14,83,1,1783,125.5,2,0.0,0,0.0,1004.3
2025-07-01 13:23:14,83,1,1783,125.5,2,0.0,0,0.0,1004.3
2025-07-01 13:23:14,83,1,1783,125.5,2,0.0,0,0.0,1004.3
2025-07-01 13:23:15,83,1,1783,125.5,2,0.0,0,0.0,1004.3
2025-07-01 13:23:15,83,1,1783,125.5,2,0.0,0,0.0,1004.3
2025-07-01 13:23:15,83,0,1938,125.5,2,0.0,0,0.0,999.2
2025-07-01 13:23:15,83,0,1938,125.5,2,0.0,0,0.0,999.2
2025-07-01 13:23:15,83,0,1938,125.5,2,0.0,0,0.0,999.2
2025-07-01 13:23:15,83,0,1938,125.5,2,0.0,0,0.0,999.2
2025-07-01 13:23:15,83,0,1938,125.5,2,0.0,0,0.0,999.2
2025-07-01 13:23:16,83,0,1938,125.5,2,0.0,0,0.0,999.2
2025-07-01 13:23:16,83,0,1938,125.5,2,0.0,0,0.0,999.2
2025-07-01 13:23:16,83,1,1789,125.5,2,0.0,0,0.0,1003.5
2025-07-01 13:23:16,83,1,1789,125.5,2,0.0,0,0.0,1003.5
2025-07-01 13:23:16,83,1,1789,125.5,2,0.0,0,0.0,1003.5
2025-07-01 13:23:16,83,1,1789,125.5,2,0.0,0,0.0,1003.5
2025-07-01 13:23:16,83,1,1789,125.5,2,0.0,0,0.0,1003.5
2025-07-01 13:23:16,83,1,1789,125.5,2,0.0,0,0.0,1003.5
2025-07-01 13:23:17,83,1,1789,125.5,2,0.0,0,0.0,1003.5
2025-07-01 13:23:17,83,1,1789,125.5,2,0.0,0,0.0,1003.5
2025-07-01 13:23:17,83,1,1794,125.5,2,0.0,0,0.0,1014.0
2025-07-01 13:23:17,83,1,1794,125.5,2,0.0,0,0.0,1014.0
2025-07-01 13:23:17,83,1,1794,125.5,2,0.0,0,0.0,1014.0
2025-07-01 13:23:17,83,1,1794,125.5,2,0.0,0,0.0,1014.0
2025-07-01 13:23:17,83,1,1794,125.5,2,0.0,0,0.0,1014.0
2025-07-01 13:23:17,83,1,1794,125.5,2,0.0,0,0.0,1014.0
2025-07-01 13:23:17,83,1,1794,125.5,2,0.0,0,0.0,1014.0
2025-07-01 13:23:18,83,1,1794,125.5,2,0.0,0,0.0,1014.0
2025-07-01 13:23:18,83,1,1794,125.5,2,0.0,0,0.0,1014.0
2025-07-01 13:23:18,83,1,1802,125.5,9,0.0,0,0.0,957.8
2025-07-01 13:23:18,83,1,1802,125.5,9,0.0,0,0.0,957.8
2025-07-01 13:23:18,83,1,1802,125.5,9,0.0,0,0.0,957.8
2025-07-01 13:23:18,83,1,1802,125.5,9,0.0,0,0.0,957.8
2025-07-01 13:23:18,83,1,1802,125.5,9,0.0,0,0.0,957.8
2025-07-01 13:23:18,83,1,1802,125.5,9,0.0,0,0.0,957.8
2025-07-01 13:23:19,83,1,1802,125.5,9,0.0,0,0.0,957.8
2025-07-01 13:23:19,83,1,1802,125.5,9,0.0,0,0.0,957.8
2025-07-01 13:23:19,83,1,1802,125.5,9,0.0,0,0.0,957.8
2025-07-01 13:23:19,83,1,1795,125.5,9,0.0,0,0.0,967.7
2025-07-01 13:23:19,83,1,1795,125.5,9,0.0,0,0.0,967.7
2025-07-01 13:23:19,83,1,1795,125.5,9,0.0,0,0.0,967.7
2025-07-01 13:23:19,83,1,1795,125.5,9,0.0,0,0.0,967.7
2025-07-01 13:23:19,83,1,1795,125.5,9,0.0,0,0.0,967.7
2025-07-01 13:23:20,83,1,1795,125.5,9,0.0,0,0.0,967.7
2025-07-01 13:23:20,83,1,1795,125.5,9,0.0,0,0.0,967.7
2025-07-01 13:23:20,83,1,1795,125.5,9,0.0,0,0.0,967.7
2025-07-01 13:23:20,83,1,1795,125.5,9,0.0,0,0.0,967.7
2025-07-01 13:23:20,83,1,1791,125.5,9,0.0,0,0.0,1005.8
2025-07-01 13:23:20,83,1,1791,125.5,9,0.0,0,0.0,1005.8
2025-07-01 13:23:20,83,1,1791,125.5,9,0.0,0,0.0,1005.8
2025-07-01 13:23:20,83,1,1791,125.5,9,0.0,0,0.0,1005.8
2025-07-01 13:23:21,83,1,1791,125.5,9,0.0,0,0.0,1005.8
2025-07-01 13:23:21,83,1,1791,125.5,9,0.0,0,0.0,1005.8
2025-07-01 13:23:21,83,1,1791,125.5,9,0.0,0,0.0,1005.8
2025-07-01 13:23:21,83,1,1791,125.5,9,0.0,0,0.0,1005.8
2025-07-01 13:23:21,83,1,1803,125.5,9,0.0,0,0.0,1003.4
2025-07-01 13:23:21,83,1,1803,125.5,9,0.0,0,0.0,1003.4
2025-07-01 13:23:21,83,1,1803,125.5,9,0.0,0,0.0,1003.4
2025-07-01 13:23:22,83,1,1803,125.5,9,0.0,0,0.0,1003.4
2025-07-01 13:23:22,83,1,1803,125.5,9,0.0,0,0.0,1003.4
2025-07-01 13:23:22,83,1,1803,125.5,9,0.0,0,0.0,1003.4
2025-07-01 13:23:22,83,1,1803,125.5,9,0.0,0,0.0,1003.4
2025-07-01 13:23:22,83,1,1775,125.5,14,0.0,0,0.0,1001.0
2025-07-01 13:23:22,83,1,1775,125.5,14,0.0,0,0.0,1001.0
2025-07-01 13:23:22,83,1,1775,125.5,14,0.0,0,0.0,1001.0
2025-07-01 13:23:22,83,1,1775,125.5,14,0.0,0,0.0,1001.0
2025-07-01 13:23:23,83,1,1775,125.5,14,0.0,0,0.0,1001.0
2025-07-01 13:23:23,83,1,1775,125.5,14,0.0,0,0.0,1001.0
2025-07-01 13:23:23,83,1,1775,125.5,14,0.0,0,0.0,1001.0
2025-07-01 13:23:23,83,1,1775,125.5,14,0.0,0,0.0,1001.0
2025-07-01 13:23:23,83,1,1775,125.5,14,0.0,0,0.0,1001.0
2025-07-01 13:23:23,83,1,1794,125.5,42,0.0,0,0.0,1003.5
2025-07-01 13:23:23,83,1,1794,125.5,42,0.0,0,0.0,1003.5
2025-07-01 13:23:23,83,1,1794,125.5,42,0.0,0,0.0,1003.5
2025-07-01 13:23:24,83,1,1794,125.5,42,0.0,0,0.0,1003.5
2025-07-01 13:23:24,83,1,1794,125.5,42,0.0,0,0.0,1003.5
2025-07-01 13:23:24,83,1,1794,125.5,42,0.0,0,0.0,1003.5
2025-07-01 13:23:24,83,1,1794,125.5,42,0.0,0,0.0,1003.5
2025-07-01 13:23:24,83,1,1794,125.5,42,0.0,0,0.0,1003.5
2025-07-01 13:23:24,83,1,1794,125.5,42,0.0,0,0.0,1003.5
2025-07-01 13:23:24,83,1,1811,125.5,42,0.0,0,0.0,1000.9
2025-07-01 13:23:24,83,1,1811,125.5,42,0.0,0,0.0,1000.9
2025-07-01 13:23:25,83,1,1811,125.5,42,0.0,0,0.0,1000.9
2025-07-01 13:23:25,83,1,1811,125.5,42,0.0,0,0.0,1000.9
2025-07-01 13:23:25,83,1,1811,125.5,42,0.0,0,0.0,1000.9
2025-07-01 13:23:25,83,1,1811,125.5,42,0.0,0,0.0,1000.9
2025-07-01 13:23:25,83,1,1811,125.5,42,0.0,0,0.0,1000.9
2025-07-01 13:23:25,83,1,1811,125.5,42,0.0,0,0.0,1000.9
2025-07-01 13:23:25,83,0,1942,125.5,42,0.0,0,0.0,1051.1
2025-07-01 13:23:25,83,0,1942,125.5,42,0.0,0,0.0,1051.1
2025-07-01 13:23:25,83,0,1942,125.5,42,0.0,0,0.0,1051.1
2025-07-01 13:23:26,83,0,1942,125.5,42,0.0,0,0.0,1051.1
2025-07-01 13:23:26,83,0,1942,125.5,42,0.0,0,0.0,1051.1
2025-07-01 13:23:26,83,0,1942,125.5,42,0.0,0,0.0,1051.1
2025-07-01 13:23:26,83,0,1942,125.5,42,0.0,0,0.0,1051.1
2025-07-01 13:23:26,83,0,1942,125.5,42,0.0,0,0.0,1051.1
2025-07-01 13:23:26,83,0,1737,125.5,42,0.0,0,0.0,946.5
2025-07-01 13:23:26,83,0,1737,125.5,42,0.0,0,0.0,946.5
2025-07-01 13:23:26,83,0,1737,125.5,42,0.0,0,0.0,946.5
2025-07-01 13:23:27,83,0,1737,125.5,42,0.0,0,0.0,946.5
2025-07-01 13:23:27,83,0,1737,125.5,42,0.0,0,0.0,946.5
2025-07-01 13:23:27,83,0,1737,125.5,42,0.0,0,0.0,946.5
2025-07-01 13:23:27,83,0,1737,125.5,42,0.0,0,0.0,946.5
2025-07-01 13:23:27,83,0,1737,125.5,42,0.0,0,0.0,946.5
2025-07-01 13:23:27,83,0,1737,125.5,42,0.0,0,0.0,946.5
2025-07-01 13:23:27,83,1,1800,125.5,42,0.0,0,0.0,902.5
2025-07-01 13:23:27,83,1,1800,125.5,42,0.0,0,0.0,902.5
2025-07-01 13:23:28,83,1,1800,125.5,42,0.0,0,0.0,902.5
2025-07-01 13:23:28,83,1,1800,125.5,42,0.0,0,0.0,902.5
2025-07-01 13:23:28,83,1,1800,125.5,42,0.0,0,0.0,902.5
2025-07-01 13:23:28,83,1,1800,125.5,42,0.0,0,0.0,902.5
2025-07-01 13:23:28,83,1,1800,125.5,42,0.0,0,0.0,902.5
2025-07-01 13:23:28,83,1,1800,125.5,42,0.0,0,0.0,902.5
2025-07-01 13:23:28,83,0,1834,125.5,42,0.0,0,0.0,1045.6
2025-07-01 13:23:28,83,0,1834,125.5,42,0.0,0,0.0,1045.6
2025-07-01 13:23:29,83,0,1834,125.5,42,0.0,0,0.0,1045.6
2025-07-01 13:23:29,83,0,1834,125.5,42,0.0,0,0.0,1045.6
2025-07-01 13:23:29,83,0,1834,125.5,42,0.0,0,0.0,1045.6
2025-07-01 13:23:29,83,0,1834,125.5,42,0.0,0,0.0,1045.6
2025-07-01 13:23:29,83,0,1834,125.5,42,0.0,0,0.0,1045.6
2025-07-01 13:23:29,83,1,1794,125.5,42,0.0,0,0.0,1210.2
2025-07-01 13:23:30,83,1,1794,125.5,42,0.0,0,0.0,1210.2
2025-07-01 13:23:30,83,1,1794,125.5,42,0.0,0,0.0,1210.2
2025-07-01 13:23:30,83,1,1794,125.5,42,0.0,0,0.0,1210.2
2025-07-01 13:23:30,83,1,1794,125.5,42,0.0,0,0.0,1210.2
2025-07-01 13:23:30,83,1,1794,125.5,42,0.0,0,0.0,1210.2
2025-07-01 13:23:30,83,1,1794,125.5,42,0.0,0,0.0,1210.2
2025-07-01 13:23:30,83,1,1794,125.5,42,0.0,0,0.0,1210.2
2025-07-01 13:23:30,83,1,1806,125.5,42,0.0,0,0.0,1090.3
2025-07-01 13:23:31,83,1,1806,125.5,42,0.0,0,0.0,1090.3
2025-07-01 13:23:31,83,1,1806,125.5,42,0.0,0,0.0,1090.3
2025-07-01 13:23:31,83,1,1806,125.5,42,0.0,0,0.0,1090.3
2025-07-01 13:23:31,83,1,1806,125.5,42,0.0,0,0.0,1090.3
2025-07-01 13:23:31,83,1,1806,125.5,42,0.0,0,0.0,1090.3
2025-07-01 13:23:31,83,1,1806,125.5,42,0.0,0,0.0,1090.3
2025-07-01 13:23:31,83,1,1806,125.5,42,0.0,0,0.0,1090.3
2025-07-01 13:23:31,83,1,1806,125.5,42,0.0,0,0.0,1090.3
2025-07-01 13:23:31,83,0,1981,167.6,42,0.0,0,0.0,962.5
2025-07-01 13:23:32,83,0,1981,167.6,42,0.0,0,0.0,962.5
2025-07-01 13:23:32,83,0,1981,167.6,42,0.0,0,0.0,962.5
2025-07-01 13:23:32,47,0,1981,167.6,42,5.7,640,-260.0,962.5
2025-07-01 13:23:32,99,0,1981,167.6,42,225.2,1054,414.0,962.5
2025-07-01 13:23:32,99,0,1981,167.6,42,0.0,0,0.0,962.5
2025-07-01 13:23:32,99,0,1981,167.6,42,0.0,0,0.0,962.5
2025-07-01 13:23:32,97,0,1981,167.6,42,450.4,1231,177.0,962.5
2025-07-01 13:23:32,82,0,1981,167.6,42,114.1,1255,24.5,962.5
2025-07-01 13:23:32,99,0,1985,167.6,42,58.0,2044,789.0,1010.0
2025-07-01 13:23:33,99,0,1985,167.6,42,0.0,0,0.0,1010.0
2025-07-01 13:23:33,99,0,1985,167.6,42,757122.1,650,633.5,1010.0
2025-07-01 13:23:33,99,0,1985,167.6,42,58504.4,1416,993.5,1010.0
2025-07-01 13:23:33,59,0,1985,167.6,42,1795810.0,701,-648.5,1010.0
2025-07-01 13:23:33,59,0,1985,167.6,42,0.0,0,0.0,1010.0
2025-07-01 13:23:33,59,0,1985,167.6,42,0.0,0,0.0,1010.0
2025-07-01 13:23:33,59,0,1985,167.6,42,0.0,0,0.0,1010.0
2025-07-01 13:23:33,59,0,1985,167.6,42,0.0,0,0.0,1010.0
2025-07-01 13:23:34,44,0,1949,167.6,42,223.4,88,-613.0,1021.1
2025-07-01 13:23:34,44,0,1949,167.6,42,0.0,0,0.0,1021.1
2025-07-01 13:23:34,99,0,1949,167.6,42,119491.5,2162,2028.5,1021.1
2025-07-01 13:23:34,99,0,1949,167.6,42,1653355.3,1795,566.0,1021.1
2025-07-01 13:23:34,51,0,1949,167.6,42,14.4,1504,-291.5,1021.1
2025-07-01 13:23:34,82,0,1949,167.6,42,18.6,1586,82.5,1021.1
2025-07-01 13:23:34,65,0,1949,167.6,42,7.6,1560,-26.5,1021.1
2025-07-01 13:23:34,65,0,1949,167.6,42,0.0,0,0.0,1021.1
2025-07-01 13:23:35,91,1,1797,167.6,42,12.1,1573,13.5,1021.3
2025-07-01 13:23:35,119,1,1797,167.6,42,33.5,2100,526.5,1021.3
2025-07-01 13:23:35,119,1,1797,167.6,42,0.0,0,0.0,1021.3
2025-07-01 13:23:35,88,1,1797,167.6,42,12.9,2077,-23.0,1021.3
2025-07-01 13:23:35,75,1,1797,167.6,42,22.4,1045,-1032.0,1021.3
2025-07-01 13:23:35,75,1,1797,167.6,42,1454.0,193,-851.5,1021.3
2025-07-01 13:23:35,97,1,1797,167.6,42,1211.4,202,8.5,1021.3
2025-07-01 13:23:35,96,1,1797,167.6,42,1477.0,204,2.0,1021.3
2025-07-01 13:23:35,96,1,1797,167.6,42,0.0,0,0.0,1021.3
2025-07-01 13:23:36,84,1,1781,167.6,42,5.4,204,0.0,995.5
2025-07-01 13:23:36,84,1,1781,167.6,42,0.0,0,0.0,995.5
2025-07-01 13:23:36,84,1,1781,167.6,42,0.0,0,0.0,995.5
2025-07-01 13:23:36,84,1,1781,167.6,42,0.0,0,0.0,995.5
2025-07-01 13:23:36,70,1,1781,167.6,42,250.6,64,-140.0,995.5
2025-07-01 13:23:36,76,1,1781,167.6,42,19.6,41,-23.0,995.5
2025-07-01 13:23:36,76,1,1781,167.6,42,0.0,0,0.0,995.5
2025-07-01 13:23:36,76,1,1781,167.6,42,0.0,0,0.0,995.5
2025-07-01 13:23:37,76,1,1789,167.6,42,0.0,0,0.0,994.8
2025-07-01 13:23:37,81,1,1789,167.6,42,44.3,15,-26.0,994.8
2025-07-01 13:23:37,74,1,1789,167.6,42,9.2,25,10.0,994.8
2025-07-01 13:23:37,69,1,1789,167.6,42,0.0,26,1.0,994.8
2025-07-01 13:23:37,74,1,1789,167.6,42,9.4,29,3.5,994.8
2025-07-01 13:23:37,68,1,1789,167.6,42,0.0,24,-5.0,994.8
2025-07-01 13:23:37,72,1,1789,167.6,42,5.7,28,4.0,994.8
2025-07-01 13:23:37,79,1,1789,167.6,42,20.3,28,-0.5,994.8
2025-07-01 13:23:38,57,0,1877,167.6,42,17.4,24,-4.0,997.8
2025-07-01 13:23:38,59,0,1877,167.6,42,19.8,24,0.0,997.8
2025-07-01 13:23:38,56,0,1877,167.6,42,16.3,11,-13.0,997.8
2025-07-01 13:23:38,73,0,1877,167.6,42,241912.2,102,91.5,997.8
2025-07-01 13:23:38,73,0,1877,167.6,42,0.0,0,0.0,997.8
2025-07-01 13:23:38,55,0,1877,167.6,42,121.5,13,-89.0,997.8
2025-07-01 13:23:38,55,0,1877,167.6,42,0.0,0,0.0,997.8
2025-07-01 13:23:38,55,0,1877,167.6,42,0.0,0,0.0,997.8
2025-07-01 13:23:39,55,0,1877,167.6,42,0.0,0,0.0,997.8
2025-07-01 13:23:39,55,1,1804,167.6,42,0.0,0,0.0,994.1
2025-07-01 13:23:39,55,1,1804,167.6,42,0.0,0,0.0,994.1
2025-07-01 13:23:39,82,1,1804,167.6,42,24.9,22,8.5,994.1
2025-07-01 13:23:39,88,1,1804,167.6,42,31.1,69,47.0,994.1
2025-07-01 13:23:39,88,1,1804,167.6,42,0.0,0,0.0,994.1
2025-07-01 13:23:39,88,1,1804,167.6,42,0.0,0,0.0,994.1
2025-07-01 13:23:39,88,1,1804,167.6,42,0.0,0,0.0,994.1
2025-07-01 13:23:40,69,1,1804,167.6,42,6.0,44,-25.0,994.1
2025-07-01 13:23:40,69,0,1935,167.6,42,0.0,0,0.0,1003.2
2025-07-01 13:23:40,52,0,1935,167.6,42,4.3,47,3.0,1003.2
2025-07-01 13:23:40,52,0,1935,167.6,42,0.0,0,0.0,1003.2
2025-07-01 13:23:40,52,0,1935,167.6,42,0.0,0,0.0,1003.2
2025-07-01 13:23:40,52,0,1935,167.6,42,0.0,0,0.0,1003.2
2025-07-01 13:23:40,52,0,1935,167.6,42,0.0,0,0.0,1003.2
2025-07-01 13:23:40,52,0,1935,167.6,42,0.0,0,0.0,1003.2
2025-07-01 13:23:41,99,0,1935,167.6,42,1665564.2,2058,1363.5,1003.2
2025-07-01 13:23:41,99,0,1808,143.5,42,0.0,0,0.0,1004.2
2025-07-01 13:23:41,99,0,1808,143.5,42,0.0,0,0.0,1004.2
2025-07-01 13:23:41,57,0,1808,143.5,42,374.7,209,-1849.0,1004.2
2025-07-01 13:23:41,57,0,1808,143.5,42,0.0,0,0.0,1004.2
2025-07-01 13:23:41,57,0,1808,143.5,42,0.0,0,0.0,1004.2
2025-07-01 13:23:41,72,0,1808,143.5,42,30.5,188,-21.0,1004.2
2025-07-01 13:23:41,59,0,1808,143.5,42,953158.5,775,-375.0,1004.2
2025-07-01 13:23:42,84,0,1808,143.5,42,1199.1,829,54.0,1004.2
2025-07-01 13:23:42,84,1,1791,143.5,42,0.0,0,0.0,974.0
2025-07-01 13:23:42,112,1,1791,143.5,42,559.8,964,135.0,974.0
2025-07-01 13:23:42,112,1,1791,143.5,42,0.0,0,0.0,974.0
2025-07-01 13:23:42,118,1,1791,143.5,42,127773.4,888,876.0,974.0
2025-07-01 13:23:42,118,1,1791,143.5,42,0.0,0,0.0,974.0
2025-07-01 13:23:42,69,1,1791,143.5,42,970632.3,146,-1059.5,974.0
2025-07-01 13:23:42,69,1,1791,143.5,42,0.0,0,0.0,974.0
2025-07-01 13:23:43,69,1,1791,143.5,42,0.0,0,0.0,974.0
2025-07-01 13:23:43,69,1,1791,136.7,42,0.0,0,0.0,984.9
2025-07-01 13:23:43,69,1,1791,136.7,42,0.0,0,0.0,984.9
2025-07-01 13:23:43,69,1,1791,136.7,42,0.0,0,0.0,984.9
2025-07-01 13:23:43,69,1,1791,136.7,42,0.0,0,0.0,984.9
2025-07-01 13:23:43,69,1,1791,136.7,42,0.0,0,0.0,984.9
2025-07-01 13:23:43,69,1,1791,136.7,42,0.0,0,0.0,984.9
2025-07-01 13:23:44,99,1,1791,136.7,42,31.7,191,44.5,984.9
2025-07-01 13:23:44,99,1,1791,136.7,42,0.0,0,0.0,984.9
2025-07-01 13:23:44,57,0,1921,136.7,42,21.6,128,-63.0,995.1
2025-07-01 13:23:44,57,0,1921,136.7,42,0.0,0,0.0,995.1
2025-07-01 13:23:44,72,0,1921,136.7,42,10.5,193,65.0,995.1
2025-07-01 13:23:44,70,0,1921,136.7,42,43.2,169,-23.5,995.1
2025-07-01 13:23:44,79,0,1921,136.7,42,46.0,199,30.0,995.1
2025-07-01 13:23:44,79,0,1921,136.7,42,0.0,0,0.0,995.1
2025-07-01 13:23:45,79,0,1921,136.7,42,0.0,0,0.0,995.1
2025-07-01 13:23:45,45,0,1921,136.7,42,97.2,11,-188.5,995.1
2025-07-01 13:23:45,45,0,1968,136.7,42,0.0,0,0.0,985.6
2025-07-01 13:23:45,45,0,1968,136.7,42,0.0,0,0.0,985.6
2025-07-01 13:23:45,99,0,1968,136.7,42,442619.4,243,228.5,985.6
2025-07-01 13:23:45,99,0,1968,136.7,42,408694.5,226,216.0,985.6
2025-07-01 13:23:45,73,0,1968,136.7,42,25.6,209,-17.0,985.6
2025-07-01 13:23:45,72,0,1968,136.7,42,33.5,185,-24.5,985.6
2025-07-01 13:23:46,77,0,1968,136.7,42,21.2,217,32.5,985.6
2025-07-01 13:23:46,76,0,1968,136.7,42,54.3,208,-9.0,985.6
2025-07-01 13:23:46,85,0,1968,136.7,42,24.1,294,85.5,985.6
2025-07-01 13:23:46,81,1,1807,136.7,42,60.1,179,-114.5,824.4
2025-07-01 13:23:46,106,1,1807,136.7,42,38.0,261,81.5,824.4
2025-07-01 13:23:46,88,1,1807,136.7,42,27.5,202,-59.0,824.4
2025-07-01 13:23:46,118,1,1807,136.7,42,2320825.3,227,200.0,824.4
2025-07-01 13:23:47,116,1,1807,136.7,42,3850275.4,218,189.0,824.4
2025-07-01 13:23:47,84,1,1807,136.7,42,3961689.5,35,10.0,824.4
2025-07-01 13:23:47,76,1,1807,136.7,42,20.3,16,-18.5,824.4
2025-07-01 13:23:47,64,1,1792,91.5,2,182148.6,44,-200.5,988.6
2025-07-01 13:23:47,119,1,1792,91.5,2,1839964.3,285,262.5,988.6
2025-07-01 13:23:47,64,1,1792,91.5,2,2877.7,17,-268.0,988.6
2025-07-01 13:23:47,119,1,1792,91.5,2,150295.0,302,284.5,988.6
2025-07-01 13:23:48,64,1,1792,91.5,2,127.7,48,-254.0,988.6
2025-07-01 13:23:48,81,1,1792,91.5,2,57.6,19,-29.0,988.6
2025-07-01 13:23:48,74,1,1792,91.5,2,10.6,25,5.5,988.6
2025-07-01 13:23:48,74,1,1792,91.5,2,0.0,0,0.0,988.6
2025-07-01 13:23:48,118,1,1787,91.5,40,66.9,378,353.5,957.7
2025-07-01 13:23:48,118,1,1787,91.5,40,102552.3,283,260.0,957.7
2025-07-01 13:23:48,118,1,1787,91.5,40,0.0,0,0.0,957.7
2025-07-01 13:23:48,86,1,1787,91.5,40,25.5,207,-76.0,957.7
2025-07-01 13:23:49,86,1,1787,91.5,40,0.0,0,0.0,957.7
2025-07-01 13:23:49,86,1,1787,91.5,40,0.0,0,0.0,957.7
2025-07-01 13:23:49,86,1,1787,91.5,40,0.0,0,0.0,957.7
2025-07-01 13:23:49,98,1,1787,91.5,40,10.1,303,96.0,957.7
2025-07-01 13:23:49,98,1,1787,91.5,40,0.0,0,0.0,957.7
2025-07-01 13:23:49,98,1,1806,91.5,40,0.0,0,0.0,1166.9
2025-07-01 13:23:49,101,1,1806,91.5,40,11.7,418,114.5,1166.9
2025-07-01 13:23:49,101,1,1806,91.5,40,0.0,0,0.0,1166.9
2025-07-01 13:23:50,101,1,1806,91.5,40,0.0,0,0.0,1166.9
2025-07-01 13:23:50,81,1,1806,91.5,40,4.6,369,-49.0,1166.9
2025-07-01 13:23:50,81,1,1806,91.5,40,0.0,0,0.0,1166.9
2025-07-01 13:23:50,81,1,1806,91.5,40,0.0,0,0.0,1166.9
2025-07-01 13:23:50,119,1,1806,91.5,40,382.2,1476,1107.5,1166.9
2025-07-01 13:23:50,119,0,1698,91.5,40,0.0,0,0.0,1148.2
2025-07-01 13:23:50,119,0,1698,91.5,40,0.0,0,0.0,1148.2
2025-07-01 13:23:50,48,0,1698,91.5,40,338.7,135,-1341.5,1148.2
2025-07-01 13:23:51,53,0,1698,91.5,40,427.8,32,-102.5,1148.2
2025-07-01 13:23:51,81,0,1698,91.5,40,345353.0,141,129.0,1148.2
2025-07-01 13:23:51,81,0,1698,91.5,40,0.0,0,0.0,1148.2
2025-07-01 13:23:51,51,0,1698,91.5,40,177.5,14,-127.5,1148.2
2025-07-01 13:23:51,71,0,1698,91.5,40,444.1,89,75.5,1148.2
2025-07-01 13:23:51,80,0,1698,91.5,40,345449.3,141,119.0,1148.2
2025-07-01 13:23:51,80,1,1792,186.9,19,0.0,0,0.0,1073.1
2025-07-01 13:23:51,71,1,1792,186.9,19,213.1,12,-129.0,1073.1
2025-07-01 13:23:52,78,1,1792,186.9,19,17.5,12,0.5,1073.1
2025-07-01 13:23:52,68,1,1792,186.9,19,467959.6,21,-155.5,1073.1
2025-07-01 13:23:52,68,1,1792,186.9,19,0.0,0,0.0,1073.1
2025-07-01 13:23:52,68,1,1792,186.9,19,0.0,0,0.0,1073.1
2025-07-01 13:23:52,68,1,1792,186.9,19,0.0,0,0.0,1073.1
2025-07-01 13:23:52,68,1,1792,186.9,19,0.0,0,0.0,1073.1
2025-07-01 13:23:52,68,0,1890,186.9,19,0.0,0,0.0,987.3
2025-07-01 13:23:52,68,0,1890,186.9,19,0.0,0,0.0,987.3
2025-07-01 13:23:53,68,0,1890,186.9,19,0.0,0,0.0,987.3
2025-07-01 13:23:53,68,0,1890,186.9,19,0.0,0,0.0,987.3
2025-07-01 13:23:53,68,0,1890,186.9,19,0.0,0,0.0,987.3
2025-07-01 13:23:53,68,0,1890,186.9,19,0.0,0,0.0,987.3
2025-07-01 13:23:53,68,0,1890,186.9,19,0.0,0,0.0,987.3
2025-07-01 13:23:53,52,0,1890,186.9,19,3.5,30,9.0,987.3
2025-07-01 13:23:53,52,0,1890,186.9,19,0.0,0,0.0,987.3
2025-07-01 13:23:53,52,0,1517,186.9,19,0.0,0,0.0,1014.5
2025-07-01 13:23:53,52,0,1517,186.9,19,0.0,0,0.0,1014.5
2025-07-01 13:23:54,52,0,1517,186.9,19,0.0,0,0.0,1014.5
2025-07-01 13:23:54,98,0,1517,186.9,19,67.3,656,625.5,1014.5
2025-07-01 13:23:54,79,0,1517,186.9,19,14.0,751,95.5,1014.5
2025-07-01 13:23:54,56,0,1517,186.9,19,6.6,651,-100.0,1014.5
2025-07-01 13:23:54,76,0,1517,186.9,19,54.2,638,-13.5,1014.5
2025-07-01 13:23:54,98,0,1517,186.9,19,53397.2,940,394.0,1014.5
2025-07-01 13:23:54,58,0,1517,186.9,19,56.6,605,-335.0,1014.5
2025-07-01 13:23:54,71,0,1862,186.9,19,22.3,562,-43.0,1021.3
2025-07-01 13:23:55,71,0,1862,186.9,19,0.0,0,0.0,1021.3
2025-07-01 13:23:55,71,0,1862,186.9,19,0.0,0,0.0,1021.3
2025-07-01 13:23:55,71,0,1862,186.9,19,0.0,0,0.0,1021.3
2025-07-01 13:23:55,71,0,1862,186.9,19,0.0,0,0.0,1021.3
2025-07-01 13:23:55,77,0,1862,186.9,19,6.7,659,97.0,1021.3
2025-07-01 13:23:55,69,0,1862,186.9,19,24.4,585,-74.5,1021.3
2025-07-01 13:23:55,69,0,1862,186.9,19,0.0,0,0.0,1021.3
2025-07-01 13:23:55,69,0,1439,186.9,19,0.0,0,0.0,981.3
2025-07-01 13:23:56,69,0,1439,186.9,19,0.0,0,0.0,981.3
2025-07-01 13:23:56,69,0,1439,186.9,19,0.0,0,0.0,981.3
2025-07-01 13:23:56,69,0,1439,186.9,19,0.0,0,0.0,981.3
2025-07-01 13:23:56,69,0,1439,186.9,19,0.0,0,0.0,981.3
2025-07-01 13:23:56,69,0,1439,186.9,19,0.0,0,0.0,981.3
2025-07-01 13:23:56,69,0,1439,186.9,19,0.0,0,0.0,981.3
2025-07-01 13:23:56,69,0,1439,186.9,19,0.0,0,0.0,981.3
2025-07-01 13:23:56,69,1,1795,177.0,19,0.0,0,0.0,1019.4
2025-07-01 13:23:57,69,1,1795,177.0,19,0.0,0,0.0,1019.4
2025-07-01 13:23:57,69,1,1795,177.0,19,0.0,0,0.0,1019.4
2025-07-01 13:23:57,69,1,1795,177.0,19,0.0,0,0.0,1019.4
2025-07-01 13:23:57,69,1,1795,177.0,19,0.0,0,0.0,1019.4
2025-07-01 13:23:57,69,1,1795,177.0,19,0.0,0,0.0,1019.4
2025-07-01 13:23:57,69,1,1795,177.0,19,0.0,0,0.0,1019.4
2025-07-01 13:23:57,69,1,1795,177.0,19,0.0,0,0.0,1019.4
2025-07-01 13:23:57,69,1,1795,177.0,19,0.0,0,0.0,1019.4
2025-07-01 13:23:58,69,0,1467,177.0,19,0.0,0,0.0,1070.1
2025-07-01 13:23:58,69,0,1467,177.0,19,0.0,0,0.0,1070.1
2025-07-01 13:23:58,69,0,1467,177.0,19,0.0,0,0.0,1070.1
2025-07-01 13:23:58,69,0,1467,177.0,19,0.0,0,0.0,1070.1
2025-07-01 13:23:58,69,0,1467,177.0,19,0.0,0,0.0,1070.1
2025-07-01 13:23:58,69,0,1467,177.0,19,0.0,0,0.0,1070.1
2025-07-01 13:23:58,69,0,1467,177.0,19,0.0,0,0.0,1070.1
2025-07-01 13:23:58,69,0,1467,177.0,19,0.0,0,0.0,1070.1
2025-07-01 13:23:58,69,0,1467,177.0,19,0.0,0,0.0,1070.1
2025-07-01 13:23:59,69,0,1965,131.0,19,0.0,0,0.0,1041.6
2025-07-01 13:23:59,69,0,1965,131.0,19,0.0,0,0.0,1041.6
2025-07-01 13:23:59,69,0,1965,131.0,19,0.0,0,0.0,1041.6
2025-07-01 13:23:59,69,0,1965,131.0,19,0.0,0,0.0,1041.6
2025-07-01 13:23:59,69,0,1965,131.0,19,0.0,0,0.0,1041.6
2025-07-01 13:23:59,69,0,1965,131.0,19,0.0,0,0.0,1041.6
2025-07-01 13:23:59,69,0,1965,131.0,19,0.0,0,0.0,1041.6
2025-07-01 13:24:00,69,0,1965,131.0,19,0.0,0,0.0,1041.6
2025-07-01 13:24:00,69,0,1846,135.4,119,0.0,0,0.0,960.0
2025-07-01 13:24:00,69,0,1846,135.4,119,0.0,0,0.0,960.0
2025-07-01 13:24:00,69,0,1846,135.4,119,0.0,0,0.0,960.0
2025-07-01 13:24:00,69,0,1846,135.4,119,0.0,0,0.0,960.0
2025-07-01 13:24:00,69,0,1846,135.4,119,0.0,0,0.0,960.0
2025-07-01 13:24:00,69,0,1846,135.4,119,0.0,0,0.0,960.0
2025-07-01 13:24:01,69,0,1846,135.4,119,0.0,0,0.0,960.0
2025-07-01 13:24:01,69,1,1655,135.4,119,0.0,0,0.0,1028.3
2025-07-01 13:24:01,69,1,1655,135.4,119,0.0,0,0.0,1028.3
2025-07-01 13:24:01,69,1,1655,135.4,119,0.0,0,0.0,1028.3
2025-07-01 13:24:01,69,1,1655,135.4,119,0.0,0,0.0,1028.3
2025-07-01 13:24:01,69,1,1655,135.4,119,0.0,0,0.0,1028.3
2025-07-01 13:24:01,69,1,1655,135.4,119,0.0,0,0.0,1028.3
2025-07-01 13:24:01,69,1,1655,135.4,119,0.0,0,0.0,1028.3
2025-07-01 13:24:01,69,1,1655,135.4,119,0.0,0,0.0,1028.3
2025-07-01 13:24:02,69,1,1655,135.4,119,0.0,0,0.0,1028.3
2025-07-01 13:24:02,69,0,1981,135.4,39,0.0,0,0.0,885.3
2025-07-01 13:24:02,69,0,1981,135.4,39,0.0,0,0.0,885.3
2025-07-01 13:24:02,69,0,1981,135.4,39,0.0,0,0.0,885.3
2025-07-01 13:24:02,69,0,1981,135.4,39,0.0,0,0.0,885.3
2025-07-01 13:24:02,69,0,1981,135.4,39,0.0,0,0.0,885.3
2025-07-01 13:24:02,69,0,1981,135.4,39,0.0,0,0.0,885.3
2025-07-01 13:24:02,69,0,1981,135.4,39,0.0,0,0.0,885.3
2025-07-01 13:24:03,69,0,1981,135.4,39,0.0,0,0.0,885.3
2025-07-01 13:24:03,69,0,1981,135.4,39,0.0,0,0.0,885.3
2025-07-01 13:24:03,69,1,1819,151.1,39,0.0,0,0.0,992.0
2025-07-01 13:24:03,69,1,1819,151.1,39,0.0,0,0.0,992.0
2025-07-01 13:24:03,69,1,1819,151.1,39,0.0,0,0.0,992.0
2025-07-01 13:24:03,69,1,1819,151.1,39,0.0,0,0.0,992.0
2025-07-01 13:24:03,69,1,1819,151.1,39,0.0,0,0.0,992.0
2025-07-01 13:24:03,69,1,1819,151.1,39,0.0,0,0.0,992.0
2025-07-01 13:24:04,69,1,1819,151.1,39,0.0,0,0.0,992.0
2025-07-01 13:24:04,69,1,1819,151.1,39,0.0,0,0.0,992.0
2025-07-01 13:24:04,69,0,1933,151.1,27,0.0,0,0.0,981.1
2025-07-01 13:24:04,69,0,1933,151.1,27,0.0,0,0.0,981.1
2025-07-01 13:24:04,69,0,1933,151.1,27,0.0,0,0.0,981.1
2025-07-01 13:24:04,69,0,1933,151.1,27,0.0,0,0.0,981.1
2025-07-01 13:24:04,69,0,1933,151.1,27,0.0,0,0.0,981.1
2025-07-01 13:24:04,69,0,1933,151.1,27,0.0,0,0.0,981.1
2025-07-01 13:24:05,69,0,1933,151.1,27,0.0,0,0.0,981.1
2025-07-01 13:24:05,69,0,1933,151.1,27,0.0,0,0.0,981.1
2025-07-01 13:24:05,69,0,1872,151.1,73,0.0,0,0.0,1001.2
2025-07-01 13:24:05,69,0,1872,151.1,73,0.0,0,0.0,1001.2
2025-07-01 13:24:05,69,0,1872,151.1,73,0.0,0,0.0,1001.2
2025-07-01 13:24:05,69,0,1872,151.1,73,0.0,0,0.0,1001.2
2025-07-01 13:24:05,69,0,1872,151.1,73,0.0,0,0.0,1001.2
2025-07-01 13:24:06,69,0,1872,151.1,73,0.0,0,0.0,1001.2
2025-07-01 13:24:06,69,0,1872,151.1,73,0.0,0,0.0,1001.2
2025-07-01 13:24:06,69,0,1872,151.1,73,0.0,0,0.0,1001.2
2025-07-01 13:24:06,69,0,1883,125.5,83,0.0,0,0.0,1011.3
2025-07-01 13:24:06,69,0,1883,125.5,83,0.0,0,0.0,1011.3
2025-07-01 13:24:06,69,0,1883,125.5,83,0.0,0,0.0,1011.3
2025-07-01 13:24:06,69,0,1883,125.5,83,0.0,0,0.0,1011.3
2025-07-01 13:24:06,69,0,1883,125.5,83,0.0,0,0.0,1011.3
2025-07-01 13:24:07,69,0,1883,125.5,83,0.0,0,0.0,1011.3
2025-07-01 13:24:07,69,0,1883,125.5,83,0.0,0,0.0,1011.3
2025-07-01 13:24:07,69,0,1883,125.5,83,0.0,0,0.0,1011.3
2025-07-01 13:24:07,69,0,1659,125.5,83,0.0,0,0.0,1000.3
2025-07-01 13:24:07,69,0,1659,125.5,83,0.0,0,0.0,1000.3
2025-07-01 13:24:07,69,0,1659,125.5,83,0.0,0,0.0,1000.3
2025-07-01 13:24:07,69,0,1659,125.5,83,0.0,0,0.0,1000.3
2025-07-01 13:24:07,69,0,1659,125.5,83,0.0,0,0.0,1000.3
2025-07-01 13:24:08,69,0,1659,125.5,83,0.0,0,0.0,1000.3
2025-07-01 13:24:08,69,0,1659,125.5,83,0.0,0,0.0,1000.3
2025-07-01 13:24:08,69,0,1659,125.5,83,0.0,0,0.0,1000.3
2025-07-01 13:24:08,69,0,1708,106.8,83,0.0,0,0.0,982.9
2025-07-01 13:24:08,69,0,1708,106.8,83,0.0,0,0.0,982.9
2025-07-01 13:24:08,69,0,1708,106.8,83,0.0,0,0.0,982.9
2025-07-01 13:24:08,69,0,1708,106.8,83,0.0,0,0.0,982.9
2025-07-01 13:24:09,69,0,1708,106.8,83,0.0,0,0.0,982.9
2025-07-01 13:24:09,69,0,1708,106.8,83,0.0,0,0.0,982.9
2025-07-01 13:24:09,69,0,1708,106.8,83,0.0,0,0.0,982.9
2025-07-01 13:24:09,69,1,1791,106.8,19,0.0,0,0.0,976.3
2025-07-01 13:24:09,69,1,1791,106.8,19,0.0,0,0.0,976.3
2025-07-01 13:24:09,69,1,1791,106.8,19,0.0,0,0.0,976.3
2025-07-01 13:24:09,69,1,1791,106.8,19,0.0,0,0.0,976.3
2025-07-01 13:24:09,69,1,1791,106.8,19,0.0,0,0.0,976.3
2025-07-01 13:24:10,69,1,1791,106.8,19,0.0,0,0.0,976.3
2025-07-01 13:24:10,69,1,1791,106.8,19,0.0,0,0.0,976.3
2025-07-01 13:24:10,69,1,1791,106.8,19,0.0,0,0.0,976.3
2025-07-01 13:24:10,69,1,1791,106.8,19,0.0,0,0.0,976.3
2025-07-01 13:24:10,69,0,1797,130.2,75,0.0,0,0.0,986.8
2025-07-01 13:24:10,69,0,1797,130.2,75,0.0,0,0.0,986.8
2025-07-01 13:24:10,69,0,1797,130.2,75,0.0,0,0.0,986.8
2025-07-01 13:24:10,69,0,1797,130.2,75,0.0,0,0.0,986.8
2025-07-01 13:24:10,69,0,1797,130.2,75,0.0,0,0.0,986.8
2025-07-01 13:24:11,69,0,1797,130.2,75,0.0,0,0.0,986.8
2025-07-01 13:24:11,110,0,1797,130.2,75,13.6,1018,433.5,986.8
2025-07-01 13:24:11,110,0,1797,130.2,75,0.0,0,0.0,986.8
2025-07-01 13:24:11,110,0,1797,130.2,75,0.0,0,0.0,986.8
2025-07-01 13:24:11,110,1,1789,188.1,97,0.0,0,0.0,1110.2
2025-07-01 13:24:11,110,1,1789,188.1,97,0.0,0,0.0,1110.2
2025-07-01 13:24:11,110,1,1789,188.1,97,0.0,0,0.0,1110.2
2025-07-01 13:24:11,110,1,1789,188.1,97,0.0,0,0.0,1110.2
2025-07-01 13:24:12,110,1,1789,188.1,97,0.0,0,0.0,1110.2
2025-07-01 13:24:12,84,1,1789,188.1,97,204.5,55,-963.0,1110.2
2025-07-01 13:24:12,84,1,1789,188.1,97,0.0,0,0.0,1110.2
2025-07-01 13:24:12,93,1,1789,188.1,97,4.0,79,24.0,1110.2
2025-07-01 13:24:12,99,1,1789,188.1,97,204.0,31,-48.5,1110.2
2025-07-01 13:24:12,99,0,1970,130.4,73,0.0,0,0.0,978.0
2025-07-01 13:24:12,99,0,1970,130.4,73,0.0,0,0.0,978.0
2025-07-01 13:24:12,99,0,1970,130.4,73,0.0,0,0.0,978.0
2025-07-01 13:24:13,99,0,1970,130.4,73,0.0,0,0.0,978.0
2025-07-01 13:24:13,99,0,1970,130.4,73,0.0,0,0.0,978.0
2025-07-01 13:24:13,99,0,1970,130.4,73,0.0,0,0.0,978.0
2025-07-01 13:24:13,99,0,1970,130.4,73,0.0,0,0.0,978.0
2025-07-01 13:24:13,72,0,1970,130.4,73,1.4,52,21.0,978.0
2025-07-01 13:24:13,72,0,1715,185.8,88,0.0,0,0.0,993.7
2025-07-01 13:24:13,72,0,1715,185.8,88,0.0,0,0.0,993.7
2025-07-01 13:24:13,72,0,1715,185.8,88,0.0,0,0.0,993.7
2025-07-01 13:24:14,72,0,1715,185.8,88,0.0,0,0.0,993.7
2025-07-01 13:24:14,72,0,1715,185.8,88,0.0,0,0.0,993.7
2025-07-01 13:24:14,72,0,1715,185.8,88,0.0,0,0.0,993.7
2025-07-01 13:24:14,72,0,1715,185.8,88,0.0,0,0.0,993.7
2025-07-01 13:24:14,72,0,1715,185.8,88,0.0,0,0.0,993.7
2025-07-01 13:24:14,72,0,1715,185.8,88,0.0,0,0.0,993.7
2025-07-01 13:24:14,68,0,1845,176.5,79,0.8,44,-7.5,1031.3
2025-07-01 13:24:14,81,0,1845,176.5,79,20.3,66,21.5,1031.3
2025-07-01 13:24:14,73,0,1845,176.5,79,8.8,67,1.0,1031.3
2025-07-01 13:24:15,73,0,1845,176.5,79,0.0,0,0.0,1031.3
2025-07-01 13:24:15,73,0,1845,176.5,79,0.0,0,0.0,1031.3
2025-07-01 13:24:15,73,0,1845,176.5,79,0.0,0,0.0,1031.3
2025-07-01 13:24:15,73,0,1845,176.5,79,0.0,0,0.0,1031.3
2025-07-01 13:24:15,73,0,1845,176.5,79,0.0,0,0.0,1031.3
2025-07-01 13:24:15,73,0,1535,149.6,76,0.0,0,0.0,1018.7
2025-07-01 13:24:16,73,0,1535,149.6,76,0.0,0,0.0,1018.7
2025-07-01 13:24:16,73,0,1535,149.6,76,0.0,0,0.0,1018.7
2025-07-01 13:24:16,73,0,1535,149.6,76,0.0,0,0.0,1018.7
2025-07-01 13:24:16,73,0,1535,149.6,76,0.0,0,0.0,1018.7
2025-07-01 13:24:16,73,0,1535,149.6,76,0.0,0,0.0,1018.7
2025-07-01 13:24:16,66,0,1535,149.6,76,1.8,42,-25.0,1018.7
2025-07-01 13:24:16,66,0,1969,136.7,76,0.0,0,0.0,1011.0
2025-07-01 13:24:16,66,0,1969,136.7,76,0.0,0,0.0,1011.0
2025-07-01 13:24:17,66,0,1969,136.7,76,0.0,0,0.0,1011.0
2025-07-01 13:24:17,66,0,1969,136.7,76,0.0,0,0.0,1011.0
2025-07-01 13:24:17,66,0,1969,136.7,76,0.0,0,0.0,1011.0
2025-07-01 13:24:17,66,0,1969,136.7,76,0.0,0,0.0,1011.0
2025-07-01 13:24:17,66,0,1969,136.7,76,0.0,0,0.0,1011.0
2025-07-01 13:24:17,66,0,1969,136.7,76,0.0,0,0.0,1011.0
2025-07-01 13:24:17,66,0,1969,136.7,76,0.0,0,0.0,1011.0
2025-07-01 13:24:17,66,0,1778,136.7,76,0.0,0,0.0,1043.7
2025-07-01 13:24:18,66,0,1778,136.7,76,0.0,0,0.0,1043.7
2025-07-01 13:24:18,66,0,1778,136.7,76,0.0,0,0.0,1043.7
2025-07-01 13:24:18,66,0,1778,136.7,76,0.0,0,0.0,1043.7
2025-07-01 13:24:18,66,0,1778,136.7,76,0.0,0,0.0,1043.7
2025-07-01 13:24:18,81,0,1778,136.7,76,51.8,11,-30.5,1043.7
2025-07-01 13:24:18,75,0,1778,136.7,76,105379.2,21,-84.5,1043.7
2025-07-01 13:24:18,86,0,1778,136.7,76,45.3,46,25.0,1043.7
2025-07-01 13:24:19,86,1,1791,136.7,76,0.0,0,0.0,1063.4
2025-07-01 13:24:19,86,1,1791,136.7,76,0.0,0,0.0,1063.4
2025-07-01 13:24:19,86,1,1791,136.7,76,0.0,0,0.0,1063.4
2025-07-01 13:24:19,139,1,1791,136.7,76,195.2,1117,1070.5,1063.4
2025-07-01 13:24:19,139,1,1791,136.7,76,321561.9,4630,4117.0,1063.4
2025-07-01 13:24:19,139,1,1791,136.7,76,0.0,0,0.0,1063.4
2025-07-01 13:24:19,139,1,1791,136.7,76,0.0,0,0.0,1063.4
2025-07-01 13:24:19,139,1,1791,136.7,76,0.0,0,0.0,1063.4
2025-07-01 13:24:20,139,0,1853,136.7,76,0.0,0,0.0,989.1
2025-07-01 13:24:20,139,0,1853,136.7,76,0.0,0,0.0,989.1
2025-07-01 13:24:20,139,0,1853,136.7,76,0.0,0,0.0,989.1
2025-07-01 13:24:20,139,0,1853,136.7,76,0.0,0,0.0,989.1
2025-07-01 13:24:20,139,0,1853,136.7,76,0.0,0,0.0,989.1
2025-07-01 13:24:20,139,0,1853,136.7,76,0.0,0,0.0,989.1
2025-07-01 13:24:20,139,0,1853,136.7,76,0.0,0,0.0,989.1
2025-07-01 13:24:20,139,0,1853,136.7,76,0.0,0,0.0,989.1
2025-07-01 13:24:20,139,0,1853,136.7,76,0.0,0,0.0,989.1
2025-07-01 13:24:21,139,1,1783,175.4,76,0.0,0,0.0,910.7
2025-07-01 13:24:21,139,1,1783,175.4,76,0.0,0,0.0,910.7
2025-07-01 13:24:21,139,1,1783,175.4,76,0.0,0,0.0,910.7
2025-07-01 13:24:46,0,0,1531,188.1,2,0.0,0,0.0,1003.4
2025-07-01 13:24:46,0,0,1531,188.1,2,0.0,0,0.0,1003.4
2025-07-01 13:24:46,0,0,1531,188.1,2,0.0,0,0.0,1003.4
2025-07-01 13:24:46,0,0,1531,188.1,2,0.0,0,0.0,1003.4
2025-07-01 13:24:46,0,0,1531,188.1,2,0.0,0,0.0,1003.4
2025-07-01 13:24:46,0,0,1531,188.1,2,0.0,0,0.0,1003.4
2025-07-01 13:24:46,0,0,1531,188.1,2,0.0,0,0.0,1003.4
2025-07-01 13:24:46,0,0,1531,188.1,2,0.0,0,0.0,1003.4
2025-07-01 13:24:46,0,0,1894,167.6,2,0.0,0,0.0,1004.2
2025-07-01 13:24:47,0,0,1894,167.6,2,0.0,0,0.0,1004.2
2025-07-01 13:24:47,0,0,1894,167.6,2,0.0,0,0.0,1004.2
2025-07-01 13:24:47,0,0,1894,167.6,2,0.0,0,0.0,1004.2
2025-07-01 13:24:47,0,0,1894,167.6,2,0.0,0,0.0,1004.2
2025-07-01 13:24:47,0,0,1894,167.6,2,0.0,0,0.0,1004.2
2025-07-01 13:24:47,0,0,1894,167.6,2,0.0,0,0.0,1004.2
2025-07-01 13:24:47,0,0,1894,167.6,2,0.0,0,0.0,1004.2
2025-07-01 13:24:47,0,0,1932,177.5,2,0.0,0,0.0,998.7
2025-07-01 13:24:48,0,0,1932,177.5,2,0.0,0,0.0,998.7
2025-07-01 13:24:48,0,0,1932,177.5,2,0.0,0,0.0,998.7
2025-07-01 13:24:48,0,0,1932,177.5,2,0.0,0,0.0,998.7
2025-07-01 13:24:48,0,0,1932,177.5,2,0.0,0,0.0,998.7
2025-07-01 13:24:48,0,0,1932,177.5,2,0.0,0,0.0,998.7
2025-07-01 13:24:48,0,0,1932,177.5,2,0.0,0,0.0,998.7
2025-07-01 13:24:48,0,0,1932,177.5,2,0.0,0,0.0,998.7
2025-07-01 13:24:48,0,0,1932,177.5,2,0.0,0,0.0,998.7
2025-07-01 13:24:48,0,1,1798,177.5,2,0.0,0,0.0,1002.8
2025-07-01 13:24:49,0,1,1798,177.5,2,0.0,0,0.0,1002.8
2025-07-01 13:24:49,0,1,1798,177.5,2,0.0,0,0.0,1002.8
2025-07-01 13:24:49,0,1,1798,177.5,2,0.0,0,0.0,1002.8
2025-07-01 13:24:49,0,1,1798,177.5,2,0.0,0,0.0,1002.8
2025-07-01 13:24:49,0,1,1798,177.5,2,0.0,0,0.0,1002.8
2025-07-01 13:24:49,0,1,1798,177.5,2,0.0,0,0.0,1002.8
2025-07-01 13:24:49,0,1,1798,177.5,2,0.0,0,0.0,1002.8
2025-07-01 13:24:49,0,1,1798,177.5,2,0.0,0,0.0,1002.8
2025-07-01 13:24:49,0,0,1987,158.7,2,0.0,0,0.0,1000.6
2025-07-01 13:24:50,0,0,1987,158.7,2,0.0,0,0.0,1000.6
2025-07-01 13:24:50,0,0,1987,158.7,2,0.0,0,0.0,1000.6
2025-07-01 13:24:50,0,0,1987,158.7,2,0.0,0,0.0,1000.6
2025-07-01 13:24:50,0,0,1987,158.7,2,0.0,0,0.0,1000.6
2025-07-01 13:24:50,0,0,1987,158.7,2,0.0,0,0.0,1000.6
2025-07-01 13:24:50,0,0,1987,158.7,2,0.0,0,0.0,1000.6
2025-07-01 13:24:50,0,0,1987,158.7,2,0.0,0,0.0,1000.6
2025-07-01 13:24:50,0,0,1987,158.7,2,0.0,0,0.0,1000.6
2025-07-01 13:24:51,0,0,1513,158.7,2,0.0,0,0.0,1000.4
2025-07-01 13:24:51,0,0,1513,158.7,2,0.0,0,0.0,1000.4
2025-07-01 13:24:51,0,0,1513,158.7,2,0.0,0,0.0,1000.4
2025-07-01 13:24:51,0,0,1513,158.7,2,0.0,0,0.0,1000.4
2025-07-01 13:24:51,0,0,1513,158.7,2,0.0,0,0.0,1000.4
2025-07-01 13:24:51,0,0,1513,158.7,2,0.0,0,0.0,1000.4
2025-07-01 13:24:52,0,0,1513,158.7,2,0.0,0,0.0,1000.4
2025-07-01 13:24:52,0,0,1835,158.7,2,0.0,0,0.0,1003.2
2025-07-01 13:24:52,0,0,1835,158.7,2,0.0,0,0.0,1003.2
2025-07-01 13:24:52,0,0,1835,158.7,2,0.0,0,0.0,1003.2
2025-07-01 13:24:52,0,0,1835,158.7,2,0.0,0,0.0,1003.2
2025-07-01 13:24:52,0,0,1835,158.7,2,0.0,0,0.0,1003.2
2025-07-01 13:24:52,0,0,1835,158.7,2,0.0,0,0.0,1003.2
2025-07-01 13:24:52,0,0,1835,158.7,2,0.0,0,0.0,1003.2
2025-07-01 13:24:53,0,0,1835,158.7,2,0.0,0,0.0,1003.2
2025-07-01 13:24:53,0,0,1966,167.1,2,0.0,0,0.0,1005.6
2025-07-01 13:24:53,0,0,1966,167.1,2,0.0,0,0.0,1005.6
2025-07-01 13:24:53,0,0,1966,167.1,2,0.0,0,0.0,1005.6
2025-07-01 13:24:53,0,0,1966,167.1,2,0.0,0,0.0,1005.6
2025-07-01 13:24:53,0,0,1966,167.1,2,0.0,0,0.0,1005.6
2025-07-01 13:24:53,0,0,1966,167.1,2,0.0,0,0.0,1005.6
2025-07-01 13:24:53,0,0,1966,167.1,2,0.0,0,0.0,1005.6
2025-07-01 13:24:54,0,0,1966,167.1,2,0.0,0,0.0,1005.6
2025-07-01 13:24:54,0,0,1966,167.1,2,0.0,0,0.0,1005.6
2025-07-01 13:24:54,0,1,1775,167.1,2,0.0,0,0.0,1001.5
2025-07-01 13:24:54,0,1,1775,167.1,2,0.0,0,0.0,1001.5
2025-07-01 13:24:54,0,1,1775,167.1,2,0.0,0,0.0,1001.5
2025-07-01 13:24:54,0,1,1775,167.1,2,0.0,0,0.0,1001.5
2025-07-01 13:24:54,0,1,1775,167.1,2,0.0,0,0.0,1001.5
2025-07-01 13:24:55,0,1,1775,167.1,2,0.0,0,0.0,1001.5
2025-07-01 13:24:55,0,1,1775,167.1,2,0.0,0,0.0,1001.5
2025-07-01 13:24:55,0,0,1906,167.1,2,0.0,0,0.0,1003.5
2025-07-01 13:24:55,0,0,1906,167.1,2,0.0,0,0.0,1003.5
2025-07-01 13:24:55,0,0,1906,167.1,2,0.0,0,0.0,1003.5
2025-07-01 13:24:55,0,0,1906,167.1,2,0.0,0,0.0,1003.5
2025-07-01 13:24:55,0,0,1906,167.1,2,0.0,0,0.0,1003.5
2025-07-01 13:24:55,0,0,1906,167.1,2,0.0,0,0.0,1003.5
2025-07-01 13:24:55,0,0,1906,167.1,2,0.0,0,0.0,1003.5
2025-07-01 13:24:56,0,0,1906,167.1,2,0.0,0,0.0,1003.5
2025-07-01 13:24:56,0,0,1906,167.1,2,0.0,0,0.0,1003.5
2025-07-01 13:24:56,0,0,1980,167.1,2,0.0,0,0.0,998.8
2025-07-01 13:24:56,0,0,1980,167.1,2,0.0,0,0.0,998.8
2025-07-01 13:24:56,0,0,1980,167.1,2,0.0,0,0.0,998.8
2025-07-01 13:24:56,0,0,1980,167.1,2,0.0,0,0.0,998.8
2025-07-01 13:24:56,0,0,1980,167.1,2,0.0,0,0.0,998.8
2025-07-01 13:24:56,0,0,1980,167.1,2,0.0,0,0.0,998.8
2025-07-01 13:24:57,0,0,1980,167.1,2,0.0,0,0.0,998.8
2025-07-01 13:24:57,0,0,1980,167.1,2,0.0,0,0.0,998.8
2025-07-01 13:24:57,0,0,1980,167.1,2,0.0,0,0.0,998.8
2025-07-01 13:24:57,0,1,1787,167.1,2,0.0,0,0.0,1006.5
2025-07-01 13:24:57,0,1,1787,167.1,2,0.0,0,0.0,1006.5
2025-07-01 13:24:57,0,1,1787,167.1,2,0.0,0,0.0,1006.5
2025-07-01 13:24:57,0,1,1787,167.1,2,0.0,0,0.0,1006.5
2025-07-01 13:24:57,0,1,1787,167.1,2,0.0,0,0.0,1006.5
2025-07-01 13:24:58,0,1,1787,167.1,2,0.0,0,0.0,1006.5
2025-07-01 13:24:58,0,1,1787,167.1,2,0.0,0,0.0,1006.5
2025-07-01 13:24:58,0,1,1787,167.1,2,0.0,0,0.0,1006.5
2025-07-01 13:24:58,0,1,1787,167.1,2,0.0,0,0.0,1006.5
2025-07-01 13:24:58,0,0,1919,167.1,2,0.0,0,0.0,1001.4
2025-07-01 13:24:58,0,0,1919,167.1,2,0.0,0,0.0,1001.4
2025-07-01 13:24:58,0,0,1919,167.1,2,0.0,0,0.0,1001.4
2025-07-01 13:24:58,0,0,1919,167.1,2,0.0,0,0.0,1001.4
2025-07-01 13:24:58,0,0,1919,167.1,2,0.0,0,0.0,1001.4
2025-07-01 13:24:58,0,0,1919,167.1,2,0.0,0,0.0,1001.4
2025-07-01 13:24:59,0,0,1919,167.1,2,0.0,0,0.0,1001.4
2025-07-01 13:24:59,0,0,1919,167.1,2,0.0,0,0.0,1001.4
2025-07-01 13:24:59,0,0,1919,167.1,2,0.0,0,0.0,1001.4
2025-07-01 13:24:59,0,0,1934,125.3,2,0.0,0,0.0,995.5
2025-07-01 13:24:59,0,0,1934,125.3,2,0.0,0,0.0,995.5
2025-07-01 13:24:59,0,0,1934,125.3,2,0.0,0,0.0,995.5
2025-07-01 13:24:59,0,0,1934,125.3,2,0.0,0,0.0,995.5
2025-07-01 13:24:59,0,0,1934,125.3,2,0.0,0,0.0,995.5
2025-07-01 13:24:59,0,0,1934,125.3,2,0.0,0,0.0,995.5
2025-07-01 13:25:00,0,0,1934,125.3,2,0.0,0,0.0,995.5
2025-07-01 13:25:00,0,0,1934,125.3,2,0.0,0,0.0,995.5
2025-07-01 13:25:00,0,0,1934,125.3,2,0.0,0,0.0,995.5
2025-07-01 13:25:00,0,0,1934,125.3,2,0.0,0,0.0,995.5
2025-07-01 13:25:00,0,0,1570,150.4,2,0.0,0,0.0,1000.5
2025-07-01 13:25:00,0,0,1570,150.4,2,0.0,0,0.0,1000.5
2025-07-01 13:25:00,0,0,1570,150.4,2,0.0,0,0.0,1000.5
2025-07-01 13:25:00,0,0,1570,150.4,2,0.0,0,0.0,1000.5
2025-07-01 13:25:01,0,0,1570,150.4,2,0.0,0,0.0,1000.5
2025-07-01 13:25:01,0,0,1570,150.4,2,0.0,0,0.0,1000.5
2025-07-01 13:25:01,0,0,1570,150.4,2,0.0,0,0.0,1000.5
2025-07-01 13:25:01,0,0,1570,150.4,2,0.0,0,0.0,1000.5
2025-07-01 13:25:01,0,0,1570,150.4,2,0.0,0,0.0,1000.5
2025-07-01 13:25:01,0,0,1904,150.4,48,0.0,0,0.0,1008.5
2025-07-01 13:25:01,0,0,1904,150.4,48,0.0,0,0.0,1008.5
2025-07-01 13:25:01,0,0,1904,150.4,48,0.0,0,0.0,1008.5
2025-07-01 13:25:02,0,0,1904,150.4,48,0.0,0,0.0,1008.5
2025-07-01 13:25:02,0,0,1904,150.4,48,0.0,0,0.0,1008.5
2025-07-01 13:25:02,0,0,1904,150.4,48,0.0,0,0.0,1008.5
2025-07-01 13:25:02,0,0,1904,150.4,48,0.0,0,0.0,1008.5
2025-07-01 13:25:02,0,0,1904,150.4,48,0.0,0,0.0,1008.5
2025-07-01 13:25:02,0,0,1904,150.4,48,0.0,0,0.0,1008.5
2025-07-01 13:25:02,0,0,1948,148.5,48,0.0,0,0.0,1000.8
2025-07-01 13:25:02,0,0,1948,148.5,48,0.0,0,0.0,1000.8
2025-07-01 13:25:02,0,0,1948,148.5,48,0.0,0,0.0,1000.8
2025-07-01 13:25:03,0,0,1948,148.5,48,0.0,0,0.0,1000.8
2025-07-01 13:25:03,0,0,1948,148.5,48,0.0,0,0.0,1000.8
2025-07-01 13:25:03,0,0,1948,148.5,48,0.0,0,0.0,1000.8
2025-07-01 13:25:03,0,0,1948,148.5,48,0.0,0,0.0,1000.8
2025-07-01 13:25:03,0,0,1948,148.5,48,0.0,0,0.0,1000.8
2025-07-01 13:25:03,0,0,1948,148.5,48,0.0,0,0.0,1000.8
2025-07-01 13:25:03,0,0,1948,148.5,48,0.0,0,0.0,1000.8
2025-07-01 13:25:03,0,0,1666,148.5,48,0.0,0,0.0,1003.5
2025-07-01 13:25:03,0,0,1666,148.5,48,0.0,0,0.0,1003.5
2025-07-01 13:25:04,0,0,1666,148.5,48,0.0,0,0.0,1003.5
2025-07-01 13:25:04,0,0,1666,148.5,48,0.0,0,0.0,1003.5
2025-07-01 13:25:04,0,0,1666,148.5,48,0.0,0,0.0,1003.5
2025-07-01 13:25:04,0,0,1666,148.5,48,0.0,0,0.0,1003.5
2025-07-01 13:25:04,0,0,1666,148.5,48,0.0,0,0.0,1003.5
2025-07-01 13:25:04,0,0,1666,148.5,48,0.0,0,0.0,1003.5
2025-07-01 13:25:04,0,0,1666,148.5,48,0.0,0,0.0,1003.5
2025-07-01 13:25:04,0,0,1841,131.0,48,0.0,0,0.0,1001.3
2025-07-01 13:25:04,0,0,1841,131.0,48,0.0,0,0.0,1001.3
2025-07-01 13:25:05,0,0,1841,131.0,48,0.0,0,0.0,1001.3
2025-07-01 13:25:05,0,0,1841,131.0,48,0.0,0,0.0,1001.3
2025-07-01 13:25:05,0,0,1841,131.0,48,0.0,0,0.0,1001.3
2025-07-01 13:25:05,0,0,1841,131.0,48,0.0,0,0.0,1001.3
2025-07-01 13:25:05,0,0,1841,131.0,48,0.0,0,0.0,1001.3
2025-07-01 13:25:05,0,0,1841,131.0,48,0.0,0,0.0,1001.3
2025-07-01 13:25:05,0,0,1870,199.3,48,0.0,0,0.0,1005.2
2025-07-01 13:25:05,0,0,1870,199.3,48,0.0,0,0.0,1005.2
2025-07-01 13:25:06,0,0,1870,199.3,48,0.0,0,0.0,1005.2
2025-07-01 13:25:06,0,0,1870,199.3,48,0.0,0,0.0,1005.2
2025-07-01 13:25:06,0,0,1870,199.3,48,0.0,0,0.0,1005.2
2025-07-01 13:25:06,0,0,1870,199.3,48,0.0,0,0.0,1005.2
2025-07-01 13:25:06,0,0,1870,199.3,48,0.0,0,0.0,1005.2
2025-07-01 13:25:06,0,0,1870,199.3,48,0.0,0,0.0,1005.2
2025-07-01 13:25:06,0,0,1870,199.3,48,0.0,0,0.0,1005.2
2025-07-01 13:25:06,0,0,1929,137.0,48,0.0,0,0.0,999.9
2025-07-01 13:25:07,0,0,1929,137.0,48,0.0,0,0.0,999.9
2025-07-01 13:25:07,0,0,1929,137.0,48,0.0,0,0.0,999.9
2025-07-01 13:25:07,0,0,1929,137.0,48,0.0,0,0.0,999.9
2025-07-01 13:25:07,0,0,1929,137.0,48,0.0,0,0.0,999.9
2025-07-01 13:25:07,0,0,1929,137.0,48,0.0,0,0.0,999.9
2025-07-01 13:25:07,0,0,1929,137.0,48,0.0,0,0.0,999.9
2025-07-01 13:25:07,0,0,1929,137.0,48,0.0,0,0.0,999.9
2025-07-01 13:25:07,0,0,1929,137.0,48,0.0,0,0.0,999.9
2025-07-01 13:25:07,0,0,1965,158.3,48,0.0,0,0.0,999.1
2025-07-01 13:25:08,0,0,1965,158.3,48,0.0,0,0.0,999.1
2025-07-01 13:25:08,0,0,1965,158.3,48,0.0,0,0.0,999.1
2025-07-01 13:25:08,0,0,1965,158.3,48,0.0,0,0.0,999.1
2025-07-01 13:25:08,0,0,1965,158.3,48,0.0,0,0.0,999.1
2025-07-01 13:25:08,0,0,1965,158.3,48,0.0,0,0.0,999.1
2025-07-01 13:25:08,0,0,1965,158.3,48,0.0,0,0.0,999.1
2025-07-01 13:25:08,0,0,1965,158.3,48,0.0,0,0.0,999.1
2025-07-01 13:25:09,0,0,1918,108.5,48,0.0,0,0.0,1002.6
2025-07-01 13:25:09,0,0,1918,108.5,48,0.0,0,0.0,1002.6
2025-07-01 13:25:09,0,0,1918,108.5,48,0.0,0,0.0,1002.6
2025-07-01 13:25:09,0,0,1918,108.5,48,0.0,0,0.0,1002.6
2025-07-01 13:25:09,0,0,1918,108.5,48,0.0,0,0.0,1002.6
2025-07-01 13:25:09,0,0,1918,108.5,48,0.0,0,0.0,1002.6
2025-07-01 13:25:09,0,0,1918,108.5,48,0.0,0,0.0,1002.6
2025-07-01 13:25:10,0,0,1744,188.7,48,0.0,0,0.0,998.7
2025-07-01 13:25:10,0,0,1744,188.7,48,0.0,0,0.0,998.7
2025-07-01 13:25:10,0,0,1744,188.7,48,0.0,0,0.0,998.7
2025-07-01 13:25:10,0,0,1744,188.7,48,0.0,0,0.0,998.7
2025-07-01 13:25:10,0,0,1744,188.7,48,0.0,0,0.0,998.7
2025-07-01 13:25:10,0,0,1744,188.7,48,0.0,0,0.0,998.7
2025-07-01 13:25:10,0,0,1744,188.7,48,0.0,0,0.0,998.7
2025-07-01 13:25:10,0,0,1744,188.7,48,0.0,0,0.0,998.7
2025-07-01 13:25:11,0,1,1792,188.7,48,0.0,0,0.0,1003.0
2025-07-01 13:25:11,0,1,1792,188.7,48,0.0,0,0.0,1003.0
2025-07-01 13:25:11,0,1,1792,188.7,48,0.0,0,0.0,1003.0
2025-07-01 13:25:11,0,1,1792,188.7,48,0.0,0,0.0,1003.0
2025-07-01 13:25:11,0,1,1792,188.7,48,0.0,0,0.0,1003.0
2025-07-01 13:25:11,0,1,1792,188.7,48,0.0,0,0.0,1003.0
2025-07-01 13:25:11,0,1,1792,188.7,48,0.0,0,0.0,1003.0
2025-07-01 13:25:11,0,1,1792,188.7,48,0.0,0,0.0,1003.0
2025-07-01 13:25:11,0,1,1792,188.7,48,0.0,0,0.0,1003.0
2025-07-01 13:25:12,0,1,1817,188.7,48,0.0,0,0.0,999.2
2025-07-01 13:25:12,0,1,1817,188.7,48,0.0,0,0.0,999.2
2025-07-01 13:25:12,0,1,1817,188.7,48,0.0,0,0.0,999.2
2025-07-01 13:25:12,0,1,1817,188.7,48,0.0,0,0.0,999.2
2025-07-01 13:25:12,0,1,1817,188.7,48,0.0,0,0.0,999.2
2025-07-01 13:25:12,0,1,1817,188.7,48,0.0,0,0.0,999.2
2025-07-01 13:25:12,0,1,1817,188.7,48,0.0,0,0.0,999.2
2025-07-01 13:25:12,0,1,1817,188.7,48,0.0,0,0.0,999.2
2025-07-01 13:25:13,0,1,1817,188.7,48,0.0,0,0.0,999.2
2025-07-01 13:25:13,0,0,1936,188.7,48,0.0,0,0.0,1002.0
2025-07-01 13:25:13,0,0,1936,188.7,48,0.0,0,0.0,1002.0
2025-07-01 13:25:13,0,0,1936,188.7,48,0.0,0,0.0,1002.0
2025-07-01 13:25:13,0,0,1936,188.7,48,0.0,0,0.0,1002.0
2025-07-01 13:25:13,0,0,1936,188.7,48,0.0,0,0.0,1002.0
2025-07-01 13:25:13,0,0,1936,188.7,48,0.0,0,0.0,1002.0
2025-07-01 13:25:13,0,0,1936,188.7,48,0.0,0,0.0,1002.0
2025-07-01 13:25:13,0,0,1936,188.7,48,0.0,0,0.0,1002.0
2025-07-01 13:25:14,0,0,1936,188.7,48,0.0,0,0.0,1002.0
2025-07-01 13:25:14,0,0,1917,188.7,48,0.0,0,0.0,996.0
2025-07-01 13:25:14,0,0,1917,188.7,48,0.0,0,0.0,996.0
2025-07-01 13:25:14,0,0,1917,188.7,48,0.0,0,0.0,996.0
2025-07-01 13:25:14,0,0,1917,188.7,48,0.0,0,0.0,996.0
2025-07-01 13:25:14,0,0,1917,188.7,48,0.0,0,0.0,996.0
2025-07-01 13:25:14,0,0,1917,188.7,48,0.0,0,0.0,996.0
2025-07-01 13:25:14,0,0,1917,188.7,48,0.0,0,0.0,996.0
2025-07-01 13:25:15,0,0,1917,188.7,48,0.0,0,0.0,996.0
2025-07-01 13:25:15,0,0,1974,188.7,48,0.0,0,0.0,1003.6
2025-07-01 13:25:15,0,0,1974,188.7,48,0.0,0,0.0,1003.6
2025-07-01 13:25:15,0,0,1974,188.7,48,0.0,0,0.0,1003.6
2025-07-01 13:25:15,0,0,1974,188.7,48,0.0,0,0.0,1003.6
2025-07-01 13:25:15,0,0,1974,188.7,48,0.0,0,0.0,1003.6
2025-07-01 13:25:15,0,0,1974,188.7,48,0.0,0,0.0,1003.6
2025-07-01 13:25:15,0,0,1974,188.7,48,0.0,0,0.0,1003.6
2025-07-01 13:25:16,0,0,1974,188.7,48,0.0,0,0.0,1003.6
2025-07-01 13:25:16,0,0,1935,144.6,48,0.0,0,0.0,1003.4
2025-07-01 13:25:16,0,0,1935,144.6,48,0.0,0,0.0,1003.4
2025-07-01 13:25:16,0,0,1935,144.6,48,0.0,0,0.0,1003.4
2025-07-01 13:25:16,0,0,1935,144.6,48,0.0,0,0.0,1003.4
2025-07-01 13:25:16,0,0,1935,144.6,48,0.0,0,0.0,1003.4
2025-07-01 13:25:16,0,0,1935,144.6,48,0.0,0,0.0,1003.4
2025-07-01 13:25:16,0,0,1935,144.6,48,0.0,0,0.0,1003.4
2025-07-01 13:25:17,0,0,1935,144.6,48,0.0,0,0.0,1003.4
2025-07-01 13:25:17,0,0,1935,144.6,48,0.0,0,0.0,1003.4
2025-07-01 13:25:17,0,0,1911,130.2,48,0.0,0,0.0,1004.0
2025-07-01 13:25:17,0,0,1911,130.2,48,0.0,0,0.0,1004.0
2025-07-01 13:25:17,0,0,1911,130.2,48,0.0,0,0.0,1004.0
2025-07-01 13:25:17,0,0,1911,130.2,48,0.0,0,0.0,1004.0
2025-07-01 13:25:17,0,0,1911,130.2,48,0.0,0,0.0,1004.0
2025-07-01 13:25:17,0,0,1911,130.2,48,0.0,0,0.0,1004.0
2025-07-01 13:25:18,0,0,1911,130.2,48,0.0,0,0.0,1004.0
2025-07-01 13:25:18,0,0,1911,130.2,48,0.0,0,0.0,1004.0
2025-07-01 13:25:18,0,0,1894,130.2,48,0.0,0,0.0,1004.3
2025-07-01 13:25:18,0,0,1894,130.2,48,0.0,0,0.0,1004.3
2025-07-01 13:25:18,0,0,1894,130.2,48,0.0,0,0.0,1004.3
2025-07-01 13:25:18,0,0,1894,130.2,48,0.0,0,0.0,1004.3
2025-07-01 13:25:18,0,0,1894,130.2,48,0.0,0,0.0,1004.3
2025-07-01 13:25:18,0,0,1894,130.2,48,0.0,0,0.0,1004.3
2025-07-01 13:25:18,0,0,1894,130.2,48,0.0,0,0.0,1004.3
2025-07-01 13:25:19,0,0,1894,130.2,48,0.0,0,0.0,1004.3
2025-07-01 13:25:19,0,0,1894,130.2,48,0.0,0,0.0,1004.3
2025-07-01 13:25:19,0,0,1668,175.4,48,0.0,0,0.0,1000.7
2025-07-01 13:25:19,0,0,1668,175.4,48,0.0,0,0.0,1000.7
2025-07-01 13:25:19,0,0,1668,175.4,48,0.0,0,0.0,1000.7
2025-07-01 13:25:19,0,0,1668,175.4,48,0.0,0,0.0,1000.7
2025-07-01 13:25:19,0,0,1668,175.4,48,0.0,0,0.0,1000.7
2025-07-01 13:25:19,0,0,1668,175.4,48,0.0,0,0.0,1000.7
2025-07-01 13:25:20,0,0,1668,175.4,48,0.0,0,0.0,1000.7
2025-07-01 13:25:20,0,0,1668,175.4,48,0.0,0,0.0,1000.7
2025-07-01 13:25:20,0,0,1668,175.4,48,0.0,0,0.0,1000.7
2025-07-01 13:25:20,0,0,1668,175.4,48,0.0,0,0.0,1000.7
2025-07-01 13:25:20,0,0,1728,175.4,48,0.0,0,0.0,1005.7
2025-07-01 13:25:20,0,0,1728,175.4,48,0.0,0,0.0,1005.7
2025-07-01 13:25:20,0,0,1728,175.4,48,0.0,0,0.0,1005.7
2025-07-01 13:25:20,0,0,1728,175.4,48,0.0,0,0.0,1005.7
2025-07-01 13:25:20,0,0,1728,175.4,48,0.0,0,0.0,1005.7
2025-07-01 13:25:21,0,0,1728,175.4,48,0.0,0,0.0,1005.7
2025-07-01 13:25:21,0,0,1728,175.4,48,0.0,0,0.0,1005.7
2025-07-01 13:25:21,0,0,1728,175.4,48,0.0,0,0.0,1005.7
2025-07-01 13:25:21,0,0,1728,175.4,48,0.0,0,0.0,1005.7
2025-07-01 13:25:21,0,0,1728,175.4,48,0.0,0,0.0,1005.7
2025-07-01 13:25:21,0,0,1964,175.4,48,0.0,0,0.0,1002.6
2025-07-01 13:25:21,0,0,1964,175.4,48,0.0,0,0.0,1002.6
2025-07-01 13:25:21,0,0,1964,175.4,48,0.0,0,0.0,1002.6
2025-07-01 13:25:21,0,0,1964,175.4,48,0.0,0,0.0,1002.6
2025-07-01 13:25:21,0,0,1964,175.4,48,0.0,0,0.0,1002.6
2025-07-01 13:25:22,0,0,1964,175.4,48,0.0,0,0.0,1002.6
2025-07-01 13:25:22,0,0,1964,175.4,48,0.0,0,0.0,1002.6
2025-07-01 13:25:22,0,0,1964,175.4,48,0.0,0,0.0,1002.6
2025-07-01 13:25:22,0,0,1964,175.4,48,0.0,0,0.0,1002.6
2025-07-01 13:25:22,0,0,1964,175.4,48,0.0,0,0.0,1002.6
2025-07-01 13:25:22,0,0,1842,120.0,48,0.0,0,0.0,998.6
2025-07-01 13:25:22,0,0,1842,120.0,48,0.0,0,0.0,998.6
2025-07-01 13:25:22,0,0,1842,120.0,48,0.0,0,0.0,998.6
2025-07-01 13:25:22,0,0,1842,120.0,48,0.0,0,0.0,998.6
2025-07-01 13:25:22,0,0,1842,120.0,48,0.0,0,0.0,998.6
2025-07-01 13:25:23,0,0,1842,120.0,48,0.0,0,0.0,998.6
2025-07-01 13:25:23,0,0,1842,120.0,48,0.0,0,0.0,998.6
2025-07-01 13:25:23,0,0,1842,120.0,48,0.0,0,0.0,998.6
2025-07-01 13:25:23,0,0,1842,120.0,48,0.0,0,0.0,998.6
2025-07-01 13:25:23,0,0,1842,120.0,48,0.0,0,0.0,998.6
2025-07-01 13:25:23,0,0,1965,120.0,48,0.0,0,0.0,1003.1
2025-07-01 13:25:23,0,0,1965,120.0,48,0.0,0,0.0,1003.1
2025-07-01 13:25:23,0,0,1965,120.0,48,0.0,0,0.0,1003.1
2025-07-01 13:25:23,0,0,1965,120.0,48,0.0,0,0.0,1003.1
2025-07-01 13:25:23,0,0,1965,120.0,48,0.0,0,0.0,1003.1
2025-07-01 13:25:23,0,0,1965,120.0,48,0.0,0,0.0,1003.1
2025-07-01 13:25:24,0,0,1965,120.0,48,0.0,0,0.0,1003.1
2025-07-01 13:25:24,0,0,1965,120.0,48,0.0,0,0.0,1003.1
2025-07-01 13:25:24,0,0,1965,120.0,48,0.0,0,0.0,1003.1
2025-07-01 13:25:24,0,0,1965,120.0,48,0.0,0,0.0,1003.1
2025-07-01 13:25:24,0,0,1965,120.0,48,0.0,0,0.0,1003.1
2025-07-01 13:25:24,0,0,1938,175.4,48,0.0,0,0.0,1002.6
2025-07-01 13:25:24,0,0,1938,175.4,48,0.0,0,0.0,1002.6
2025-07-01 13:25:24,0,0,1938,175.4,48,0.0,0,0.0,1002.6
2025-07-01 13:25:24,0,0,1938,175.4,48,0.0,0,0.0,1002.6
2025-07-01 13:25:25,0,0,1938,175.4,48,0.0,0,0.0,1002.6
2025-07-01 13:25:25,0,0,1938,175.4,48,0.0,0,0.0,1002.6
2025-07-01 13:25:25,0,0,1938,175.4,48,0.0,0,0.0,1002.6
2025-07-01 13:25:25,0,0,1938,175.4,48,0.0,0,0.0,1002.6
2025-07-01 13:25:25,0,0,1920,175.4,48,0.0,0,0.0,1003.2
2025-07-01 13:25:25,0,0,1920,175.4,48,0.0,0,0.0,1003.2
2025-07-01 13:25:25,0,0,1920,175.4,48,0.0,0,0.0,1003.2
2025-07-01 13:25:26,0,0,1920,175.4,48,0.0,0,0.0,1003.2
2025-07-01 13:25:26,0,0,1920,175.4,48,0.0,0,0.0,1003.2
2025-07-01 13:25:26,0,0,1920,175.4,48,0.0,0,0.0,1003.2
2025-07-01 13:25:26,0,0,1920,175.4,48,0.0,0,0.0,1003.2
2025-07-01 13:25:26,0,0,1920,175.4,48,0.0,0,0.0,1003.2
2025-07-01 13:25:26,0,0,1977,175.4,48,0.0,0,0.0,1005.3
2025-07-01 13:25:26,0,0,1977,175.4,48,0.0,0,0.0,1005.3
2025-07-01 13:25:26,0,0,1977,175.4,48,0.0,0,0.0,1005.3
2025-07-01 13:25:27,0,0,1977,175.4,48,0.0,0,0.0,1005.3
2025-07-01 13:25:27,0,0,1977,175.4,48,0.0,0,0.0,1005.3
2025-07-01 13:25:27,0,0,1977,175.4,48,0.0,0,0.0,1005.3
2025-07-01 13:25:27,0,0,1977,175.4,48,0.0,0,0.0,1005.3
2025-07-01 13:25:27,0,0,1977,175.4,48,0.0,0,0.0,1005.3
2025-07-01 13:25:27,0,1,1787,175.4,48,0.0,0,0.0,1006.7
2025-07-01 13:25:27,0,1,1787,175.4,48,0.0,0,0.0,1006.7
2025-07-01 13:25:27,0,1,1787,175.4,48,0.0,0,0.0,1006.7
2025-07-01 13:25:27,0,1,1787,175.4,48,0.0,0,0.0,1006.7
2025-07-01 13:25:28,0,1,1787,175.4,48,0.0,0,0.0,1006.7
2025-07-01 13:25:28,0,1,1787,175.4,48,0.0,0,0.0,1006.7
2025-07-01 13:25:28,0,1,1787,175.4,48,0.0,0,0.0,1006.7
2025-07-01 13:25:28,0,1,1787,175.4,48,0.0,0,0.0,1006.7
2025-07-01 13:25:28,0,0,1577,77.4,48,0.0,0,0.0,999.4
2025-07-01 13:25:28,0,0,1577,77.4,48,0.0,0,0.0,999.4
2025-07-01 13:25:29,0,0,1577,77.4,48,0.0,0,0.0,999.4
2025-07-01 13:25:29,0,0,1577,77.4,48,0.0,0,0.0,999.4
2025-07-01 13:25:29,0,0,1577,77.4,48,0.0,0,0.0,999.4
2025-07-01 13:25:29,0,0,1577,77.4,48,0.0,0,0.0,999.4
2025-07-01 13:25:29,0,0,1577,77.4,48,0.0,0,0.0,999.4
2025-07-01 13:25:29,0,0,1577,77.4,48,0.0,0,0.0,999.4
2025-07-01 13:25:29,0,0,1577,77.4,48,0.0,0,0.0,999.4
2025-07-01 13:25:29,0,0,1705,77.4,48,0.0,0,0.0,1000.6
2025-07-01 13:25:29,0,0,1705,77.4,48,0.0,0,0.0,1000.6
2025-07-01 13:25:30,0,0,1705,77.4,48,0.0,0,0.0,1000.6
2025-07-01 13:25:30,0,0,1705,77.4,48,0.0,0,0.0,1000.6
2025-07-01 13:25:30,0,0,1705,77.4,48,0.0,0,0.0,1000.6
2025-07-01 13:25:30,0,0,1705,77.4,48,0.0,0,0.0,1000.6
2025-07-01 13:25:30,0,0,1705,77.4,48,0.0,0,0.0,1000.6
2025-07-01 13:25:30,0,0,1705,77.4,48,0.0,0,0.0,1000.6
2025-07-01 13:25:30,0,0,1705,77.4,48,0.0,0,0.0,1000.6
2025-07-01 13:25:30,0,0,1948,66.9,48,0.0,0,0.0,1007.4
2025-07-01 13:25:30,0,0,1948,66.9,48,0.0,0,0.0,1007.4
2025-07-01 13:25:31,0,0,1948,66.9,48,0.0,0,0.0,1007.4
2025-07-01 13:25:31,0,0,1948,66.9,48,0.0,0,0.0,1007.4
2025-07-01 13:25:31,0,0,1948,66.9,48,0.0,0,0.0,1007.4
2025-07-01 13:25:31,0,0,1948,66.9,48,0.0,0,0.0,1007.4
2025-07-01 13:25:31,0,0,1948,66.9,48,0.0,0,0.0,1007.4
2025-07-01 13:25:31,0,0,1948,66.9,48,0.0,0,0.0,1007.4
2025-07-01 13:25:31,0,0,1948,66.9,48,0.0,0,0.0,1007.4
2025-07-01 13:25:31,0,0,1919,66.9,48,0.0,0,0.0,1004.8
2025-07-01 13:25:32,0,0,1919,66.9,48,0.0,0,0.0,1004.8
2025-07-01 13:25:32,0,0,1919,66.9,48,0.0,0,0.0,1004.8
2025-07-01 13:25:32,0,0,1919,66.9,48,0.0,0,0.0,1004.8
2025-07-01 13:25:32,0,0,1919,66.9,48,0.0,0,0.0,1004.8
2025-07-01 13:25:32,0,0,1919,66.9,48,0.0,0,0.0,1004.8
2025-07-01 13:25:32,0,0,1919,66.9,48,0.0,0,0.0,1004.8
2025-07-01 13:25:32,0,0,1919,66.9,48,0.0,0,0.0,1004.8
2025-07-01 13:25:32,0,0,1919,66.9,48,0.0,0,0.0,1004.8
2025-07-01 13:25:32,0,0,1827,144.2,48,0.0,0,0.0,1006.8
